kind,measured_peak,measured_rpm,pose_vy,target_peak,target_rpm,time,vx,vy,wz,x,y
pose,,,0.0,,,5499.223410813,,,,0.030006400364793063,-0.018054198134084334
pose,,,0.0,,,5499.224215857,,,,0.030006400364793063,-0.018054198134084334
pose,,,0.0,,,5499.224899918,,,,0.030006400364793063,-0.018054198134084334
pose,,,0.0,,,5499.225587077,,,,0.030006400364793063,-0.018054198134084334
pose,,,0.0,,,5499.226239422,,,,0.030006400364793063,-0.018054198134084334
pose,,,0.0,,,5499.229284307,,,,0.030006400364793063,-0.018054198134084334
pose,,,0.0,,,5499.230056139,,,,0.030006400364793063,-0.018054198134084334
pose,,,0.0,,,5499.234659829,,,,0.030006400364793063,-0.018054198134084334
wheel_odom,,,,,,5499.237643207,0.0,0.0,0.0,,
wheel_odom,,,,,,5499.23866222,0.0,0.0,0.0,,
diagnostics,0.0,"[0.0,0.0,0.0,0.0]",,0.0,"[0.0,0.0,0.0,0.0]",5499.239446017,,,,,
wheel_odom,,,,,,5499.240144829,0.0,0.0,0.0,,
diagnostics,0.0,"[0.0,0.0,0.0,0.0]",,0.0,"[0.0,0.0,0.0,0.0]",5499.24099487,,,,,
wheel_odom,,,,,,5499.241466176,0.0,0.0,0.0,,
diagnostics,0.0,"[0.0,0.0,0.0,0.0]",,0.0,"[0.0,0.0,0.0,0.0]",5499.24213999,,,,,
wheel_odom,,,,,,5499.242622882,0.0,0.0,0.0,,
wheel_odom,,,,,,5499.243449005,0.0,0.0,0.0,,
wheel_odom,,,,,,5499.244320959,0.0,0.0,0.0,,
diagnostics,0.0,"[0.0,0.0,0.0,0.0]",,0.0,"[0.0,0.0,0.0,0.0]",5499.252349901,,,,,
pose,,,0.0,,,5499.252734873,,,,0.030006400364793063,-0.018054198134084334
wheel_odom,,,,,,5499.270399696,0.0,0.0,0.0,,
pose,,,0.0,,,5499.270862392,,,,0.030006400364793063,-0.018054198134084334
wheel_odom,,,,,,5499.290328876,0.0,0.0,0.0,,
diagnostics,0.0,"[0.0,0.0,0.0,0.0]",,0.0,"[0.0,0.0,0.0,0.0]",5499.29061737,,,,,
pose,,,0.0,,,5499.29106153,,,,0.030006400364793063,-0.018054198134084334
wheel_odom,,,,,,5499.312501135,0.0,0.0,0.0,,
pose,,,0.0,,,5499.313757708,,,,0.030006400364793063,-0.018054198134084334
wheel_odom,,,,,,5499.330969229,0.0,0.0,0.0,,
pose,,,0.0,,,5499.331749518,,,,0.030006400364793063,-0.018054198134084334
diagnostics,0.0,"[0.0,0.0,0.0,0.0]",,0.0,"[0.0,0.0,0.0,0.0]",5499.349995842,,,,,
pose,,,0.0,,,5499.350773782,,,,0.030006400364793063,-0.018054198134084334
wheel_odom,,,,,,5499.370566895,0.0,0.0,0.0,,
pose,,,0.0,,,5499.371245669,,,,0.030006400364793063,-0.018054198134084334
wheel_odom,,,,,,5499.39016378,0.0,0.0,0.0,,
diagnostics,0.0,"[0.0,0.0,0.0,0.0]",,0.0,"[0.0,0.0,0.0,0.0]",5499.390402043,,,,,
pose,,,0.0,,,5499.390685389,,,,0.030006400364793063,-0.018054198134084334
wheel_odom,,,,,,5499.41153809,0.0,0.0,0.0,,
pose,,,0.0,,,5499.412729336,,,,0.030006400364793063,-0.018054198134084334
pose,,,0.0,,,5499.431430212,,,,0.030006400364793063,-0.018054198134084334
wheel_odom,,,,,,5499.45052134,0.0,0.0,0.0,,
pose,,,0.0,,,5499.450979287,,,,0.030006400364793063,-0.018054198134084334
diagnostics,0.0,"[0.0,0.0,0.0,0.0]",,0.0,"[0.0,0.0,0.0,0.0]",5499.469835007,,,,,
wheel_odom,,,,,,5499.470243973,0.0,0.0,0.0,,
pose,,,0.0,,,5499.470553673,,,,0.030006400364793063,-0.018054198134084334
pose,,,0.0,,,5499.490303168,,,,0.030006400364793063,-0.018054198134084334
wheel_odom,,,,,,5499.510924946,0.0,0.0,0.0,,
diagnostics,0.0,"[0.0,0.0,0.0,0.0]",,0.0,"[0.0,0.0,0.0,0.0]",5499.511674995,,,,,
pose,,,0.0,,,5499.512383049,,,,0.030006400364793063,-0.018054198134084334
wheel_odom,,,,,,5499.530495048,0.0,0.0,0.0,,
pose,,,0.0,,,5499.530846935,,,,0.030006400364793063,-0.018054198134084334
wheel_odom,,,,,,5499.550135179,0.0,0.0,0.0,,
diagnostics,0.0,"[0.0,0.0,0.0,0.0]",,0.0,"[0.0,0.0,0.0,0.0]",5499.550494452,,,,,
pose,,,0.0,,,5499.550652235,,,,0.030006400364793063,-0.018054198134084334
wheel_odom,,,,,,5499.573868656,0.0,0.0,0.0,,
pose,,,0.0,,,5499.574691875,,,,0.030006400364793063,-0.018054198134084334
pose,,,0.0,,,5499.591127471,,,,0.030006400364793063,-0.018054198134084334
wheel_odom,,,,,,5499.610119909,0.0,0.0,0.0,,
diagnostics,0.0,"[0.0,0.0,0.0,0.0]",,0.0,"[0.0,0.0,0.0,0.0]",5499.610429675,,,,,
pose,,,0.0,,,5499.610529,,,,0.030006400364793063,-0.018054198134084334
wheel_odom,,,,,,5499.630861598,0.0,0.0,0.0,,
pose,,,0.0,,,5499.631321437,,,,0.030006400364793063,-0.018054198134084334
wheel_odom,,,,,,5499.651104456,0.0,0.0,0.0,,
diagnostics,0.0,"[0.0,0.0,0.0,0.0]",,0.0,"[0.0,0.0,0.0,0.0]",5499.651621723,,,,,
pose,,,0.0,,,5499.651997091,,,,0.030006400364793063,-0.018054198134084334
wheel_odom,,,,,,5499.670482155,0.0,0.0,0.0,,
pose,,,0.0,,,5499.670731667,,,,0.030006400364793063,-0.018054198134084334
pose,,,0.0,,,5499.690456621,,,,0.030006400364793063,-0.018054198134084334
wheel_odom,,,,,,5499.71057592,0.0,0.0,0.0,,
diagnostics,0.0,"[0.0,0.0,0.0,0.0]",,0.0,"[0.0,0.0,0.0,0.0]",5499.71111466,,,,,
pose,,,0.0,,,5499.711332263,,,,0.030006400364793063,-0.018054198134084334
wheel_odom,,,,,,5499.731646704,0.0,0.0,0.0,,
pose,,,0.0,,,5499.732175388,,,,0.030006400364793063,-0.018054198134084334
wheel_odom,,,,,,5499.750925374,0.0,0.0,0.0,,
diagnostics,0.0,"[0.0,0.0,0.0,0.0]",,0.0,"[0.0,0.0,0.0,0.0]",5499.751592792,,,,,
pose,,,0.0,,,5499.75185002,,,,0.030006400364793063,-0.018054198134084334
wheel_odom,,,,,,5499.770265037,0.0,0.0,0.0,,
pose,,,0.0,,,5499.77058527,,,,0.030006400364793063,-0.018054198134084334
pose,,,0.0,,,5499.790644149,,,,0.030006400364793063,-0.018054198134084334
wheel_odom,,,,,,5499.810298858,0.0,0.0,0.0,,
diagnostics,0.0,"[0.0,0.0,0.0,0.0]",,0.0,"[0.0,0.0,0.0,0.0]",5499.810581703,,,,,
pose,,,0.0,,,5499.810803436,,,,0.030006400364793063,-0.018054198134084334
wheel_odom,,,,,,5499.830659297,0.0,0.0,0.0,,
pose,,,0.0,,,5499.831100988,,,,0.030006400364793063,-0.018054198134084334
wheel_odom,,,,,,5499.85057054,0.0,0.0,0.0,,
diagnostics,0.0,"[0.0,0.0,0.0,0.0]",,0.0,"[0.0,0.0,0.0,0.0]",5499.850882934,,,,,
pose,,,0.0,,,5499.851110461,,,,0.030006400364793063,-0.018054198134084334
wheel_odom,,,,,,5499.870798009,0.0,0.0,0.0,,
pose,,,0.0,,,5499.8712211,,,,0.030006400364793063,-0.018054198134084334
pose,,,0.0,,,5499.891331045,,,,0.030006400364793063,-0.018054198134084334
wheel_odom,,,,,,5499.910371909,0.0,0.0,0.0,,
diagnostics,0.0,"[0.0,0.0,0.0,0.0]",,0.0,"[0.0,0.0,0.0,0.0]",5499.910644479,,,,,
pose,,,0.0,,,5499.910847968,,,,0.030006400364793063,-0.018054198134084334
wheel_odom,,,,,,5499.930731574,0.0,0.0,0.0,,
pose,,,0.0,,,5499.931199311,,,,0.030006400364793063,-0.018054198134084334
wheel_odom,,,,,,5499.95073165,0.0,0.0,0.0,,
diagnostics,0.0,"[0.0,0.0,0.0,0.0]",,0.0,"[0.0,0.0,0.0,0.0]",5499.951361628,,,,,
pose,,,0.0,,,5499.951600965,,,,0.030006400364793063,-0.018054198134084334
wheel_odom,,,,,,5499.970220425,0.0,0.0,0.0,,
pose,,,0.0,,,5499.970641603,,,,0.030006400364793063,-0.018054198134084334
pose,,,0.0,,,5499.990319233,,,,0.030006400364793063,-0.018054198134084334
wheel_odom,,,,,,5500.010956753,0.0,0.0,0.0,,
diagnostics,0.0,"[0.0,0.0,0.0,0.0]",,0.0,"[0.0,0.0,0.0,0.0]",5500.012247101,,,,,
pose,,,0.0,,,5500.012601898,,,,0.030006400364793063,-0.018054198134084334
wheel_odom,,,,,,5500.031075758,0.0,0.0,0.0,,
pose,,,0.0,,,5500.031680981,,,,0.030006400364793063,-0.018054198134084334
wheel_odom,,,,,,5500.050575077,0.0,0.0,0.0,,
diagnostics,0.0,"[0.0,0.0,0.0,0.0]",,0.0,"[0.0,0.0,0.0,0.0]",5500.051027077,,,,,
pose,,,0.0,,,5500.051399316,,,,0.030006400364793063,-0.018054198134084334
wheel_odom,,,,,,5500.070300724,0.0,0.0,0.0,,
pose,,,0.0,,,5500.070640735,,,,0.030006400364793063,-0.018054198134084334
wheel_odom,,,,,,5500.090370242,0.0,0.0,0.0,,
pose,,,0.0,,,5500.09074811,,,,0.030006400364793063,-0.018054198134084334
diagnostics,0.0,"[0.0,0.0,0.0,0.0]",,0.0,"[0.0,0.0,0.0,0.0]",5500.10995542,,,,,
pose,,,0.0,,,5500.110241968,,,,0.030006400364793063,-0.018054198134084334
wheel_odom,,,,,,5500.130521855,0.0,0.0,0.0,,
pose,,,0.0,,,5500.130938216,,,,0.030006400364793063,-0.018054198134084334
wheel_odom,,,,,,5500.152547017,0.0,0.0,0.0,,
diagnostics,0.0,"[0.0,0.0,0.0,0.0]",,0.0,"[0.0,0.0,0.0,0.0]",5500.152935844,,,,,
pose,,,0.0,,,5500.153625437,,,,0.030006400364793063,-0.018054198134084334
wheel_odom,,,,,,5500.171069612,0.0,0.0,0.0,,
pose,,,0.0,,,5500.171734541,,,,0.030006400364793063,-0.018054198134084334
wheel_odom,,,,,,5500.190171419,0.0,0.0,0.0,,
pose,,,0.0,,,5500.190460446,,,,0.030006400364793063,-0.018054198134084334
diagnostics,0.0,"[0.0,0.0,0.0,0.0]",,0.0,"[0.0,0.0,0.0,0.0]",5500.210518404,,,,,
pose,,,0.0,,,5500.211555502,,,,0.030006400364793063,-0.018054198134084334
wheel_odom,,,,,,5500.231114066,0.0,0.0,0.0,,
pose,,,0.0,,,5500.231580673,,,,0.030006400364793063,-0.018054198134084334
wheel_odom,,,,,,5500.250338769,0.0,0.0,0.0,,
diagnostics,0.0,"[0.0,0.0,0.0,0.0]",,0.0,"[0.0,0.0,0.0,0.0]",5500.250565686,,,,,
pose,,,0.0,,,5500.250831331,,,,0.030006400364793063,-0.018054198134084334
wheel_odom,,,,,,5500.270297092,0.0,0.0,0.0,,
pose,,,0.0,,,5500.270749116,,,,0.030006400364793063,-0.018054198134084334
wheel_odom,,,,,,5500.29044015,0.0,0.0,0.0,,
pose,,,0.0,,,5500.290817912,,,,0.030006400364793063,-0.018054198134084334
diagnostics,0.0,"[0.0,0.0,0.0,0.0]",,0.0,"[0.0,0.0,0.0,0.0]",5500.310130706,,,,,
pose,,,0.0,,,5500.310545135,,,,0.030006400364793063,-0.018054198134084334
wheel_odom,,,,,,5500.331278781,0.0,0.0,0.0,,
pose,,,0.0,,,5500.331967128,,,,0.030006400364793063,-0.018054198134084334
wheel_odom,,,,,,5500.351043524,0.0,0.0,0.0,,
diagnostics,0.0,"[0.0,0.0,0.0,0.0]",,0.0,"[0.0,0.0,0.0,0.0]",5500.35164428,,,,,
pose,,,0.0,,,5500.352229699,,,,0.030006400364793063,-0.018054198134084334
wheel_odom,,,,,,5500.370404989,0.0,0.0,0.0,,
pose,,,0.0,,,5500.370862117,,,,0.030006400364793063,-0.018054198134084334
wheel_odom,,,,,,5500.390533092,0.0,0.0,0.0,,
pose,,,0.0,,,5500.390897762,,,,0.030006400364793063,-0.018054198134084334
diagnostics,0.0,"[0.0,0.0,0.0,0.0]",,0.0,"[0.0,0.0,0.0,0.0]",5500.410494527,,,,,
pose,,,0.0,,,5500.411227321,,,,0.030006400364793063,-0.018054198134084334
wheel_odom,,,,,,5500.431892531,0.0,0.0,0.0,,
pose,,,0.0,,,5500.432690489,,,,0.030006400364793063,-0.018054198134084334
wheel_odom,,,,,,5500.452020104,0.0,0.0,0.0,,
diagnostics,0.0,"[0.0,0.0,0.0,0.0]",,0.0,"[0.0,0.0,0.0,0.0]",5500.452818544,,,,,
pose,,,0.0,,,5500.453142003,,,,0.030006400364793063,-0.018054198134084334
wheel_odom,,,,,,5500.470880252,0.0,0.0,0.0,,
pose,,,0.0,,,5500.471676373,,,,0.030006400364793063,-0.018054198134084334
wheel_odom,,,,,,5500.49043397,0.0,0.0,0.0,,
pose,,,0.0,,,5500.49079757,,,,0.030006400364793063,-0.018054198134084334
diagnostics,0.0,"[0.0,0.0,0.0,0.0]",,0.0,"[0.0,0.0,0.0,0.0]",5500.510696527,,,,,
pose,,,0.0,,,5500.5116591,,,,0.030006400364793063,-0.018054198134084334
wheel_odom,,,,,,5500.531112368,0.0,0.0,0.0,,
pose,,,0.0,,,5500.531609631,,,,0.030006400364793063,-0.018054198134084334
diagnostics,0.0,"[0.0,0.0,0.0,0.0]",,0.0,"[0.0,0.0,0.0,0.0]",5500.550301221,,,,,
wheel_odom,,,,,,5500.550645033,0.0,0.0,0.0,,
pose,,,0.0,,,5500.551060894,,,,0.030006400364793063,-0.018054198134084334
wheel_odom,,,,,,5500.570341055,0.0,0.0,0.0,,
pose,,,0.0,,,5500.570876397,,,,0.030006400364793063,-0.018054198134084334
wheel_odom,,,,,,5500.591742569,0.0,0.0,0.0,,
pose,,,0.0,,,5500.592556601,,,,0.030006400364793063,-0.018054198134084334
diagnostics,0.0,"[0.0,0.0,0.0,0.0]",,0.0,"[0.0,0.0,0.0,0.0]",5500.610115688,,,,,
pose,,,0.0,,,5500.61049332,,,,0.030006400364793063,-0.018054198134084334
wheel_odom,,,,,,5500.63074796,0.0,0.0,0.0,,
pose,,,0.0,,,5500.631329079,,,,0.030006400364793063,-0.018054198134084334
wheel_odom,,,,,,5500.650939863,0.0,0.0,0.0,,
diagnostics,0.0,"[0.0,0.0,0.0,0.0]",,0.0,"[0.0,0.0,0.0,0.0]",5500.651771917,,,,,
pose,,,0.0,,,5500.65216307,,,,0.030006400364793063,-0.018054198134084334
wheel_odom,,,,,,5500.670506445,0.0,0.0,0.0,,
pose,,,0.0,,,5500.670946264,,,,0.030006400364793063,-0.018054198134084334
wheel_odom,,,,,,5500.69027223,0.0,0.0,0.0,,
pose,,,0.0,,,5500.690751405,,,,0.030006400364793063,-0.018054198134084334
diagnostics,0.0,"[0.0,0.0,0.0,0.0]",,0.0,"[0.0,0.0,0.0,0.0]",5500.710070384,,,,,
pose,,,0.0,,,5500.710571592,,,,0.030006400364793063,-0.018054198134084334
wheel_odom,,,,,,5500.733328956,0.0,0.0,0.0,,
pose,,,0.0,,,5500.733623972,,,,0.030006400364793063,-0.018054198134084334
wheel_odom,,,,,,5500.750342988,0.0,0.0,0.0,,
diagnostics,0.0,"[0.0,0.0,0.0,0.0]",,0.0,"[0.0,0.0,0.0,0.0]",5500.750737881,,,,,
pose,,,0.0,,,5500.750896486,,,,0.030006400364793063,-0.018054198134084334
wheel_odom,,,,,,5500.770226123,0.0,0.0,0.0,,
pose,,,0.0,,,5500.770630419,,,,0.030006400364793063,-0.018054198134084334
pose,,,0.0,,,5500.79020311,,,,0.030006400364793063,-0.018054198134084334
wheel_odom,,,,,,5500.810395393,0.0,0.0,0.0,,
pose,,,0.0,,,5500.810912005,,,,0.030006400364793063,-0.018054198134084334
diagnostics,0.0,"[0.0,0.0,0.0,0.0]",,0.0,"[0.0,0.0,0.0,0.0]",5500.83172121,,,,,
pose,,,0.0,,,5500.832584452,,,,0.030006400364793063,-0.018054198134084334
wheel_odom,,,,,,5500.85103772,0.0,0.0,0.0,,
pose,,,0.0,,,5500.85170181,,,,0.030006400364793063,-0.018054198134084334
wheel_odom,,,,,,5500.870244103,0.0,0.0,0.0,,
diagnostics,0.0,"[0.0,0.0,0.0,0.0]",,0.0,"[0.0,0.0,0.0,0.0]",5500.870638049,,,,,
pose,,,0.0,,,5500.870801379,,,,0.030006400364793063,-0.018054198134084334
wheel_odom,,,,,,5500.890278544,0.0,0.0,0.0,,
pose,,,0.0,,,5500.890727007,,,,0.030006400364793063,-0.018054198134084334
wheel_odom,,,,,,5500.910487838,0.0,0.0,0.0,,
pose,,,0.0,,,5500.910951453,,,,0.030006400364793063,-0.018054198134084334
diagnostics,0.0,"[0.0,0.0,0.0,0.0]",,0.0,"[0.0,0.0,0.0,0.0]",5500.929917132,,,,,
pose,,,0.0,,,5500.930388475,,,,0.030006400364793063,-0.018054198134084334
wheel_odom,,,,,,5500.950900339,0.0,0.0,0.0,,
pose,,,0.0,,,5500.951586903,,,,0.030006400364793063,-0.018054198134084334
wheel_odom,,,,,,5500.971023685,0.0,0.0,0.0,,
diagnostics,0.0,"[0.0,0.0,0.0,0.0]",,0.0,"[0.0,0.0,0.0,0.0]",5500.971720026,,,,,
pose,,,0.0,,,5500.971978971,,,,0.030006400364793063,-0.018054198134084334
wheel_odom,,,,,,5500.990332961,0.0,0.0,0.0,,
pose,,,0.0,,,5500.990763995,,,,0.030006400364793063,-0.018054198134084334
wheel_odom,,,,,,5501.010422189,0.002,0.002,0.004537856055185257,,
pose,,,0.0009479758954304631,,,5501.01084297,,,,0.030030327701480387,-0.018035163539329515
diagnostics,11.0,"[0.0,0.0,0.0,-11.0]",,0.0,"[0.0,0.0,0.0,0.0]",5501.030291589,,,,,
pose,,,0.0,,,5501.034510207,,,,0.030030327701480387,-0.018035163539329515
wheel_odom,,,,,,5501.05086245,-0.001,0.001,-0.0041887902047863905,,
pose,,,0.0007497726882987977,,,5501.051306212,,,,0.030026577986798232,-0.018022567269692924
wheel_odom,,,,,,5501.070436869,-0.005,0.003,-0.013788101090755204,,
diagnostics,29.0,"[0.0,0.0,29.0,6.0]",,0.0,"[0.0,0.0,0.0,0.0]",5501.070865609,,,,,
pose,,,0.0017015153550051872,,,5501.071253604,,,,0.029962022991553282,-0.017988626591615684
wheel_odom,,,,,,5501.091036122,-0.002,0.002,-0.00034906585039886593,,
pose,,,0.000779699592181735,,,5501.091770794,,,,0.02983600617196636,-0.01797263225521939
wheel_odom,,,,,,5501.110920688,-0.003,0.003,0.007155849933176751,,
pose,,,0.0016320111060169973,,,5501.112680282,,,,0.029686702030222684,-0.017938508672092898
diagnostics,21.0,"[-21.0,0.0,0.0,0.0]",,0.0,"[0.0,0.0,0.0,0.0]",5501.130191129,,,,,
pose,,,0.0,,,5501.130883448,,,,0.029686702030222684,-0.017938508672092898
wheel_odom,,,,,,5501.151324169,-0.009,0.01,0.033510321638291124,,
pose,,,0.004290333719009727,,,5501.152082419,,,,0.029500289211522694,-0.017847559689521196
wheel_odom,,,,,,5501.17089582,-0.009,0.011,0.0301941960595019,,
diagnostics,76.0,"[-76.0,0.0,-3.0,-5.0]",,0.0,"[0.0,0.0,0.0,0.0]",5501.171581692,,,,,
pose,,,0.006262604341096921,,,5501.1718502,,,,0.02927041906187502,-0.017723753919862476
wheel_odom,,,,,,5501.190377781,-0.001,0.001,0.003839724354387525,,
pose,,,-0.0005146074933827752,,,5501.190811422,,,,0.02919249790692262,-0.017733513059358448
wheel_odom,,,,,,5501.210235822,-0.002,0.004,0.010821041362364843,,
pose,,,0.002115455182886981,,,5501.210626257,,,,0.029080510554821866,-0.017691595494723027
diagnostics,19.0,"[-19.0,0.0,0.0,-7.0]",,0.0,"[0.0,0.0,0.0,0.0]",5501.230317498,,,,,
pose,,,0.0,,,5501.231198911,,,,0.029080510554821866,-0.017691595494723027
wheel_odom,,,,,,5501.251483858,-0.002,0.001,0.0033161255787892262,,
pose,,,-0.0010365136425758228,,,5501.252201753,,,,0.029027072064750407,-0.017713368951181824
wheel_odom,,,,,,5501.270553221,-0.001,0.001,0.003839724354387525,,
diagnostics,11.0,"[-11.0,0.0,0.0,0.0]",,0.0,"[0.0,0.0,0.0,0.0]",5501.271170097,,,,,
pose,,,0.008101720434984847,,,5501.271440459,,,,0.028967828848793446,-0.01755749585226015
wheel_odom,,,,,,5501.290810075,-0.002,0.001,0.008377580409572781,,
pose,,,0.0053887096938532615,,,5501.291246588,,,,0.028934264465943032,-0.017450755369177277
wheel_odom,,,,,,5501.310227591,-0.002,0.001,0.008377580409572781,,
pose,,,0.005888520808805952,,,5501.310624265,,,,0.02888556959504594,-0.017336647059418654
diagnostics,19.0,"[-19.0,2.0,-7.0,4.0]",,0.0,"[0.0,0.0,0.0,0.0]",5501.33011908,,,,,
pose,,,0.0,,,5501.330782016,,,,0.02888556959504594,-0.017336647059418654
wheel_odom,,,,,,5501.351175982,-0.002,0.001,0.008377580409572781,,
pose,,,0.012353039529703,,,5501.351849026,,,,0.028843937762678937,-0.01707640498269955
wheel_odom,,,,,,5501.370287952,-0.002,0.001,0.008377580409572781,,
diagnostics,19.0,"[-19.0,2.0,-7.0,4.0]",,0.0,"[0.0,0.0,0.0,0.0]",5501.370703443,,,,,
pose,,,0.018155803009989743,,,5501.371078909,,,,0.028730766468830264,-0.01672720992076761
wheel_odom,,,,,,5501.390535493,-0.002,0.001,0.008377580409572781,,
pose,,,0.18231330301969506,,,5501.391228683,,,,0.02700640036479308,-0.013054198134084346
wheel_odom,,,,,,5501.410168366,-0.002,0.001,0.008377580409572781,,
pose,,,0.1023831259500048,,,5501.410760412,,,,0.02700640036479308,-0.011054198134084346
diagnostics,19.0,"[-19.0,2.0,-7.0,4.0]",,0.0,"[0.0,0.0,0.0,0.0]",5501.430310468,,,,,
pose,,,0.0,,,5501.431580331,,,,0.02700640036479308,-0.011054198134084346
wheel_odom,,,,,,5501.451158817,-0.002,0.001,0.008377580409572781,,
pose,,,0.14610397674485212,,,5501.452110756,,,,0.02600640036479308,-0.008054198134084345
wheel_odom,,,,,,5501.470825593,-0.002,0.001,0.008377580409572781,,
diagnostics,19.0,"[-19.0,2.0,-7.0,4.0]",,0.0,"[0.0,0.0,0.0,0.0]",5501.471544542,,,,,
pose,,,0.1495265987868183,,,5501.472174124,,,,0.02500640036479308,-0.0050541981340843445
wheel_odom,,,,,,5501.490359732,-0.002,0.001,0.008377580409572781,,
pose,,,0.1609258687431934,,,5501.490813116,,,,0.02300640036479308,-0.002054198134084345
wheel_odom,,,,,,5501.509980016,-0.002,0.001,0.008377580409572781,,
pose,,,0.15330063158323648,,,5501.51038226,,,,0.02200640036479308,0.0009458018659156551
diagnostics,19.0,"[-19.0,2.0,-7.0,4.0]",,0.0,"[0.0,0.0,0.0,0.0]",5501.53002007,,,,,
pose,,,0.0,,,5501.530538042,,,,0.02200640036479308,0.0009458018659156551
wheel_odom,,,,,,5501.550938941,-0.002,0.001,0.008377580409572781,,
pose,,,0.1409605521938317,,,5501.551824536,,,,0.02100640036479308,0.003945801865915655
wheel_odom,,,,,,5501.573152097,-0.002,0.001,0.008377580409572781,,
diagnostics,19.0,"[-19.0,2.0,-7.0,4.0]",,0.0,"[0.0,0.0,0.0,0.0]",5501.57386294,,,,,
pose,,,0.17902758927062642,,,5501.574165796,,,,0.01900640036479308,0.007945801865915656
wheel_odom,,,,,,5501.590955504,-0.002,0.001,0.008377580409572781,,
pose,,,0.1685193969986355,,,5501.591968375,,,,0.01700640036479308,0.010945801865915655
wheel_odom,,,,,,5501.610089127,-0.002,0.001,0.008377580409572781,,
pose,,,0.16176259979831745,,,5501.610510407,,,,0.01500640036479308,0.013945801865915656
diagnostics,19.0,"[-19.0,2.0,-7.0,4.0]",,0.0,"[0.0,0.0,0.0,0.0]",5501.629877115,,,,,
pose,,,0.0,,,5501.630522305,,,,0.01500640036479308,0.013945801865915656
wheel_odom,,,,,,5501.65126401,-0.002,0.001,0.008377580409572781,,
pose,,,0.09342046223980421,,,5501.65193304,,,,0.01400640036479308,0.015945801865915654
wheel_odom,,,,,,5501.670451708,-0.002,0.001,0.008377580409572781,,
diagnostics,19.0,"[-19.0,2.0,-7.0,4.0]",,0.0,"[0.0,0.0,0.0,0.0]",5501.671056395,,,,,
pose,,,0.15480146144505083,,,5501.67131134,,,,0.01200640036479308,0.018945801865915653
wheel_odom,,,,,,5501.690186432,-0.002,0.001,0.008377580409572781,,
pose,,,0.15548076700565083,,,5501.690604517,,,,0.01000640036479308,0.021945801865915656
wheel_odom,,,,,,5501.710073909,-0.002,0.001,0.008377580409572781,,
diagnostics,19.0,"[-19.0,2.0,-7.0,4.0]",,0.0,"[0.0,0.0,0.0,0.0]",5501.710469843,,,,,
pose,,,0.049928103531822116,,,5501.710632522,,,,0.00800640036479308,0.022945801865915653
pose,,,0.0,,,5501.73006668,,,,0.00800640036479308,0.022945801865915653
wheel_odom,,,,,,5501.750262599,-0.002,0.001,0.008377580409572781,,
pose,,,0.09764620407396936,,,5501.75054791,,,,0.006006400364793081,0.024945801865915655
wheel_odom,,,,,,5501.77011217,-0.002,0.001,0.008377580409572781,,
diagnostics,19.0,"[-19.0,2.0,-7.0,4.0]",,0.0,"[0.0,0.0,0.0,0.0]",5501.770443096,,,,,
pose,,,0.09837055568658838,,,5501.770881055,,,,0.0050064003647930806,0.026945801865915654
wheel_odom,,,,,,5501.790539446,-0.002,0.001,0.008377580409572781,,
pose,,,0.04826453754329169,,,5501.791605385,,,,0.0030064003647930805,0.027945801865915654
wheel_odom,,,,,,5501.810249614,-0.002,0.001,0.008377580409572781,,
diagnostics,19.0,"[-19.0,2.0,-7.0,4.0]",,0.0,"[0.0,0.0,0.0,0.0]",5501.810641847,,,,,
pose,,,0.0521275032489625,,,5501.810782965,,,,0.0020064003647930805,0.028945801865915655
wheel_odom,,,,,,5501.83050898,-0.002,0.001,0.008377580409572781,,
pose,,,0.0,,,5501.830856793,,,,0.0020064003647930805,0.028945801865915655
pose,,,0.04883212599231269,,,5501.851340213,,,,0.0010064003647930805,0.029945801865915656
wheel_odom,,,,,,5501.870280936,-0.002,0.001,0.008377580409572781,,
diagnostics,19.0,"[-19.0,2.0,-7.0,4.0]",,0.0,"[0.0,0.0,0.0,0.0]",5501.870741666,,,,,
pose,,,0.0,,,5501.870922776,,,,6.400364793080371e-06,0.029945801865915656
wheel_odom,,,,,,5501.890771774,-0.002,0.001,0.008377580409572781,,
pose,,,0.049102287430534096,,,5501.891289089,,,,6.400364793080371e-06,0.030945801865915654
wheel_odom,,,,,,5501.910696032,-0.002,0.001,0.008377580409572781,,
diagnostics,19.0,"[-19.0,2.0,-7.0,4.0]",,0.0,"[0.0,0.0,0.0,0.0]",5501.911384622,,,,,
pose,,,0.049075951365089646,,,5501.911668355,,,,-0.0009935996352069196,0.031945801865915655
wheel_odom,,,,,,5501.930473869,-0.002,0.001,0.008377580409572781,,
pose,,,0.0,,,5501.930961883,,,,-0.0009935996352069196,0.031945801865915655
pose,,,0.0,,,5501.950772061,,,,-0.0009935996352069196,0.031945801865915655
wheel_odom,,,,,,5501.970575126,-0.002,0.001,0.008377580409572781,,
diagnostics,19.0,"[-19.0,2.0,-7.0,4.0]",,0.0,"[0.0,0.0,0.0,0.0]",5501.971331177,,,,,
pose,,,0.0,,,5501.971627462,,,,-0.0009935996352069196,0.031945801865915655
wheel_odom,,,,,,5501.990585309,-0.002,0.001,0.008377580409572781,,
pose,,,0.0,,,5501.991283261,,,,-0.0009935996352069196,0.031945801865915655
wheel_odom,,,,,,5502.009991585,-0.002,0.001,0.008377580409572781,,
diagnostics,19.0,"[-19.0,2.0,-7.0,4.0]",,0.0,"[0.0,0.0,0.0,0.0]",5502.010305253,,,,,
pose,,,0.0,,,5502.010504447,,,,-0.0009935996352069196,0.031945801865915655
wheel_odom,,,,,,5502.031180414,-0.002,0.001,0.008377580409572781,,
pose,,,0.0,,,5502.031645553,,,,-0.0009935996352069196,0.031945801865915655
pose,,,0.0,,,5502.051258073,,,,-0.0009935996352069196,0.031945801865915655
wheel_odom,,,,,,5502.070502968,-0.002,0.001,0.008377580409572781,,
diagnostics,19.0,"[-19.0,2.0,-7.0,4.0]",,0.0,"[0.0,0.0,0.0,0.0]",5502.071088684,,,,,
pose,,,0.0,,,5502.071589236,,,,-0.0009935996352069196,0.031945801865915655
wheel_odom,,,,,,5502.090533062,-0.002,0.001,0.008377580409572781,,
pose,,,0.0,,,5502.091571674,,,,-0.0009935996352069196,0.031945801865915655
wheel_odom,,,,,,5502.110594816,-0.002,0.001,0.008377580409572781,,
diagnostics,19.0,"[-19.0,2.0,-7.0,4.0]",,0.0,"[0.0,0.0,0.0,0.0]",5502.111261032,,,,,
pose,,,0.0,,,5502.111805554,,,,6.400364793080371e-06,0.031945801865915655
wheel_odom,,,,,,5502.130379833,-0.002,0.001,0.008377580409572781,,
pose,,,0.0,,,5502.130813241,,,,6.400364793080371e-06,0.031945801865915655
pose,,,0.0,,,5502.150978852,,,,6.400364793080371e-06,0.031945801865915655
diagnostics,19.0,"[-19.0,2.0,-7.0,4.0]",,0.0,"[0.0,0.0,0.0,0.0]",5502.173257768,,,,,
wheel_odom,,,,,,5502.173676071,-0.002,0.001,0.008377580409572781,,
pose,,,0.0,,,5502.174597532,,,,6.400364793080371e-06,0.031945801865915655
pose,,,0.0,,,5502.190815098,,,,6.400364793080371e-06,0.031945801865915655
wheel_odom,,,,,,5502.210171664,-0.002,0.001,0.008377580409572781,,
pose,,,0.0,,,5502.210613196,,,,6.400364793080371e-06,0.031945801865915655
wheel_odom,,,,,,5502.230894723,-0.002,0.001,0.008377580409572781,,
diagnostics,19.0,"[-19.0,2.0,-7.0,4.0]",,0.0,"[0.0,0.0,0.0,0.0]",5502.231863762,,,,,
pose,,,0.0,,,5502.232589723,,,,6.400364793080371e-06,0.031945801865915655
wheel_odom,,,,,,5502.253496396,-0.002,0.001,0.008377580409572781,,
pose,,,0.0,,,5502.254196713,,,,6.400364793080371e-06,0.031945801865915655
pose,,,0.0,,,5502.270492154,,,,6.400364793080371e-06,0.031945801865915655
wheel_odom,,,,,,5502.290166939,-0.002,0.001,0.008377580409572781,,
diagnostics,19.0,"[-19.0,2.0,-7.0,4.0]",,0.0,"[0.0,0.0,0.0,0.0]",5502.290586625,,,,,
pose,,,0.0,,,5502.29076131,,,,6.400364793080371e-06,0.031945801865915655
wheel_odom,,,,,,5502.313188696,-0.002,0.001,0.008377580409572781,,
pose,,,0.0,,,5502.313492454,,,,6.400364793080371e-06,0.031945801865915655
wheel_odom,,,,,,5502.330360638,-0.002,0.001,0.008377580409572781,,
diagnostics,19.0,"[-19.0,2.0,-7.0,4.0]",,0.0,"[0.0,0.0,0.0,0.0]",5502.330825907,,,,,
pose,,,0.0,,,5502.330994497,,,,6.400364793080371e-06,0.031945801865915655
wheel_odom,,,,,,5502.350399504,-0.002,0.001,0.008377580409572781,,
pose,,,0.0,,,5502.350810897,,,,-0.0009935996352069196,0.031945801865915655
wheel_odom,,,,,,5502.370387632,-0.002,0.001,0.008377580409572781,,
pose,,,0.0,,,5502.370993746,,,,-0.0009935996352069196,0.031945801865915655
diagnostics,19.0,"[-19.0,2.0,-7.0,4.0]",,0.0,"[0.0,0.0,0.0,0.0]",5502.391247957,,,,,
pose,,,0.0,,,5502.391591565,,,,-0.0009935996352069196,0.031945801865915655
wheel_odom,,,,,,5502.410660616,-0.002,0.001,0.008377580409572781,,
pose,,,0.0,,,5502.411383777,,,,-0.0009935996352069196,0.031945801865915655
wheel_odom,,,,,,5502.430055202,-0.002,0.001,0.008377580409572781,,
diagnostics,19.0,"[-19.0,2.0,-7.0,4.0]",,0.0,"[0.0,0.0,0.0,0.0]",5502.430469092,,,,,
pose,,,0.0,,,5502.430633598,,,,-0.0009935996352069196,0.031945801865915655
wheel_odom,,,,,,5502.451067305,-0.002,0.001,0.008377580409572781,,
pose,,,-0.04730903601149398,,,5502.451774967,,,,-0.0009935996352069196,0.030945801865915654
wheel_odom,,,,,,5502.4707535,-0.002,0.001,0.008377580409572781,,
pose,,,0.0,,,5502.471470969,,,,-0.0009935996352069196,0.030945801865915654
diagnostics,19.0,"[-19.0,2.0,-7.0,4.0]",,0.0,"[0.0,0.0,0.0,0.0]",5502.490835334,,,,,
pose,,,0.0,,,5502.491642477,,,,-0.0009935996352069196,0.030945801865915654
wheel_odom,,,,,,5502.51017021,-0.002,0.001,0.008377580409572781,,
pose,,,0.0,,,5502.510567888,,,,-0.0009935996352069196,0.030945801865915654
wheel_odom,,,,,,5502.530117189,-0.002,0.001,0.008377580409572781,,
diagnostics,19.0,"[-19.0,2.0,-7.0,4.0]",,0.0,"[0.0,0.0,0.0,0.0]",5502.530508107,,,,,
pose,,,0.0,,,5502.530677978,,,,-0.0009935996352069196,0.030945801865915654
wheel_odom,,,,,,5502.55078513,-0.002,0.001,0.008377580409572781,,
pose,,,0.04843288616256482,,,5502.551328177,,,,-0.0009935996352069196,0.031945801865915655
wheel_odom,,,,,,5502.570734329,-0.002,0.001,0.008377580409572781,,
pose,,,0.0,,,5502.571272473,,,,-0.0009935996352069196,0.031945801865915655
diagnostics,19.0,"[-19.0,2.0,-7.0,4.0]",,0.0,"[0.0,0.0,0.0,0.0]",5502.590573809,,,,,
pose,,,0.0,,,5502.59165484,,,,-0.0009935996352069196,0.031945801865915655
wheel_odom,,,,,,5502.610818814,-0.002,0.001,0.008377580409572781,,
pose,,,0.0,,,5502.61164167,,,,-0.0009935996352069196,0.031945801865915655
wheel_odom,,,,,,5502.630454198,-0.002,0.001,0.008377580409572781,,
diagnostics,19.0,"[-19.0,2.0,-7.0,4.0]",,0.0,"[0.0,0.0,0.0,0.0]",5502.630994567,,,,,
pose,,,0.0,,,5502.631506868,,,,-0.0009935996352069196,0.031945801865915655
wheel_odom,,,,,,5502.650498214,-0.002,0.001,0.008377580409572781,,
pose,,,0.0,,,5502.650982512,,,,-0.0009935996352069196,0.031945801865915655
wheel_odom,,,,,,5502.670486725,-0.002,0.001,0.008377580409572781,,
pose,,,0.0,,,5502.6710805,,,,-0.0009935996352069196,0.031945801865915655
diagnostics,19.0,"[-19.0,2.0,-7.0,4.0]",,0.0,"[0.0,0.0,0.0,0.0]",5502.690463446,,,,,
pose,,,0.0,,,5502.691171481,,,,-0.0009935996352069196,0.031945801865915655
wheel_odom,,,,,,5502.710588456,-0.002,0.001,0.008377580409572781,,
pose,,,0.0,,,5502.711507033,,,,-0.0009935996352069196,0.031945801865915655
wheel_odom,,,,,,5502.730652868,-0.002,0.001,0.008377580409572781,,
diagnostics,19.0,"[-19.0,2.0,-7.0,4.0]",,0.0,"[0.0,0.0,0.0,0.0]",5502.731369109,,,,,
pose,,,0.0,,,5502.73165233,,,,-0.0009935996352069196,0.031945801865915655
wheel_odom,,,,,,5502.750426374,-0.002,0.001,0.008377580409572781,,
pose,,,0.0,,,5502.750835369,,,,-0.0009935996352069196,0.031945801865915655
wheel_odom,,,,,,5502.77030222,-0.002,0.001,0.008377580409572781,,
pose,,,0.0,,,5502.770875635,,,,-0.0009935996352069196,0.031945801865915655
diagnostics,19.0,"[-19.0,2.0,-7.0,4.0]",,0.0,"[0.0,0.0,0.0,0.0]",5502.790772122,,,,,
pose,,,0.0,,,5502.791458061,,,,-0.0009935996352069196,0.031945801865915655
wheel_odom,,,,,,5502.810243758,-0.002,0.001,0.008377580409572781,,
pose,,,0.0,,,5502.810660718,,,,-0.0009935996352069196,0.031945801865915655
wheel_odom,,,,,,5502.830198787,-0.002,0.001,0.008377580409572781,,
diagnostics,19.0,"[-19.0,2.0,-7.0,4.0]",,0.0,"[0.0,0.0,0.0,0.0]",5502.830734866,,,,,
pose,,,0.0,,,5502.830973167,,,,-0.0009935996352069196,0.031945801865915655
wheel_odom,,,,,,5502.851217427,-0.002,0.001,0.008377580409572781,,
pose,,,0.0,,,5502.853626803,,,,-0.0009935996352069196,0.031945801865915655
wheel_odom,,,,,,5502.870286886,-0.002,0.001,0.008377580409572781,,
pose,,,0.0,,,5502.870587437,,,,-0.0009935996352069196,0.031945801865915655
diagnostics,19.0,"[-19.0,2.0,-7.0,4.0]",,0.0,"[0.0,0.0,0.0,0.0]",5502.890046822,,,,,
pose,,,0.0,,,5502.890415443,,,,-0.0009935996352069196,0.031945801865915655
wheel_odom,,,,,,5502.909863336,-0.002,0.001,0.008377580409572781,,
pose,,,0.0,,,5502.910377124,,,,-0.0009935996352069196,0.031945801865915655
wheel_odom,,,,,,5502.93018029,-0.002,0.001,0.008377580409572781,,
diagnostics,19.0,"[-19.0,2.0,-7.0,4.0]",,0.0,"[0.0,0.0,0.0,0.0]",5502.930607765,,,,,
pose,,,0.0,,,5502.930778088,,,,-0.0009935996352069196,0.031945801865915655
wheel_odom,,,,,,5502.950229701,-0.002,0.001,0.008377580409572781,,
pose,,,0.0,,,5502.950649389,,,,-0.0009935996352069196,0.031945801865915655
wheel_odom,,,,,,5502.970798923,-0.002,0.001,0.008377580409572781,,
pose,,,0.0,,,5502.971438159,,,,-0.0009935996352069196,0.031945801865915655
diagnostics,19.0,"[-19.0,2.0,-7.0,4.0]",,0.0,"[0.0,0.0,0.0,0.0]",5502.990556016,,,,,
pose,,,0.0,,,5502.991245125,,,,-0.0009935996352069196,0.031945801865915655
wheel_odom,,,,,,5503.010169053,-0.002,0.001,0.008377580409572781,,
pose,,,0.0,,,5503.010593177,,,,-0.0009935996352069196,0.031945801865915655
wheel_odom,,,,,,5503.030443632,-0.002,0.001,0.008377580409572781,,
diagnostics,19.0,"[-19.0,2.0,-7.0,4.0]",,0.0,"[0.0,0.0,0.0,0.0]",5503.031098351,,,,,
pose,,,0.0,,,5503.031382374,,,,-0.0009935996352069196,0.031945801865915655
wheel_odom,,,,,,5503.051038579,-0.002,0.001,0.008377580409572781,,
pose,,,0.0,,,5503.051812209,,,,-0.0009935996352069196,0.031945801865915655
wheel_odom,,,,,,5503.070550489,-0.002,0.001,0.008377580409572781,,
pose,,,0.0,,,5503.071197367,,,,-0.0009935996352069196,0.031945801865915655
diagnostics,19.0,"[-19.0,2.0,-7.0,4.0]",,0.0,"[0.0,0.0,0.0,0.0]",5503.090418797,,,,,
pose,,,0.0,,,5503.090894332,,,,-0.0009935996352069196,0.031945801865915655
wheel_odom,,,,,,5503.110123085,-0.002,0.001,0.008377580409572781,,
pose,,,0.0,,,5503.110533333,,,,-0.0009935996352069196,0.031945801865915655
wheel_odom,,,,,,5503.130551653,-0.002,0.001,0.008377580409572781,,
diagnostics,19.0,"[-19.0,2.0,-7.0,4.0]",,0.0,"[0.0,0.0,0.0,0.0]",5503.131226415,,,,,
pose,,,0.0,,,5503.131832423,,,,-0.0009935996352069196,0.031945801865915655
wheel_odom,,,,,,5503.15068803,-0.002,0.001,0.008377580409572781,,
pose,,,0.0,,,5503.151260403,,,,-0.0009935996352069196,0.031945801865915655
wheel_odom,,,,,,5503.170533233,-0.002,0.001,0.008377580409572781,,
pose,,,0.0,,,5503.171143906,,,,-0.0009935996352069196,0.031945801865915655
diagnostics,19.0,"[-19.0,2.0,-7.0,4.0]",,0.0,"[0.0,0.0,0.0,0.0]",5503.190300427,,,,,
pose,,,0.0,,,5503.190767849,,,,-0.0009935996352069196,0.031945801865915655
wheel_odom,,,,,,5503.210541071,-0.002,0.001,0.008377580409572781,,
pose,,,0.0,,,5503.211275372,,,,-0.0009935996352069196,0.031945801865915655
wheel_odom,,,,,,5503.230864074,-0.002,0.001,0.008377580409572781,,
diagnostics,19.0,"[-19.0,2.0,-7.0,4.0]",,0.0,"[0.0,0.0,0.0,0.0]",5503.231596501,,,,,
pose,,,0.0,,,5503.232238608,,,,-0.0009935996352069196,0.031945801865915655
wheel_odom,,,,,,5503.251200282,-0.002,0.001,0.008377580409572781,,
pose,,,0.0,,,5503.252065357,,,,-0.0009935996352069196,0.031945801865915655
wheel_odom,,,,,,5503.270253024,-0.002,0.001,0.008377580409572781,,
pose,,,0.0,,,5503.27069779,,,,-0.0009935996352069196,0.031945801865915655
diagnostics,19.0,"[-19.0,2.0,-7.0,4.0]",,0.0,"[0.0,0.0,0.0,0.0]",5503.28984181,,,,,
pose,,,0.0,,,5503.290238287,,,,-0.0009935996352069196,0.031945801865915655
pose,,,0.0,,,5503.310908679,,,,-0.0009935996352069196,0.031945801865915655
pose,,,0.0,,,5503.330990838,,,,-0.0009935996352069196,0.031945801865915655
pose,,,0.0,,,5503.350450516,,,,-0.0009935996352069196,0.031945801865915655
pose,,,0.0,,,5503.370853615,,,,-0.0009935996352069196,0.031945801865915655
pose,,,0.0,,,5503.391083425,,,,-0.0009935996352069196,0.031945801865915655
pose,,,0.0,,,5503.410454935,,,,-0.0009935996352069196,0.031945801865915655
pose,,,0.0,,,5503.43189745,,,,-0.0009935996352069196,0.031945801865915655
pose,,,0.0,,,5503.45105752,,,,-0.0009935996352069196,0.031945801865915655
pose,,,0.0,,,5503.471500595,,,,-0.0009935996352069196,0.031945801865915655
pose,,,0.0,,,5503.490487197,,,,-0.0009935996352069196,0.031945801865915655
pose,,,0.0,,,5503.510287151,,,,-0.0009935996352069196,0.031945801865915655
pose,,,0.0,,,5503.534168015,,,,-0.0009935996352069196,0.031945801865915655
pose,,,0.0,,,5503.550904046,,,,-0.0009935996352069196,0.031945801865915655
pose,,,0.0,,,5503.570258663,,,,-0.0009935996352069196,0.031945801865915655
pose,,,0.0,,,5503.590919511,,,,-0.0009935996352069196,0.031945801865915655
pose,,,0.0,,,5503.610867438,,,,-0.0009935996352069196,0.031945801865915655
pose,,,0.0,,,5503.631214706,,,,-0.0009935996352069196,0.031945801865915655
pose,,,0.0,,,5503.650689678,,,,-0.0009935996352069196,0.031945801865915655
pose,,,0.0,,,5503.670334876,,,,-0.0009935996352069196,0.031945801865915655
pose,,,0.0,,,5503.690581575,,,,-0.0009935996352069196,0.031945801865915655
pose,,,0.0,,,5503.711100752,,,,-0.0009935996352069196,0.031945801865915655
pose,,,0.0,,,5503.730440259,,,,-0.0009935996352069196,0.031945801865915655
pose,,,0.0,,,5503.750924405,,,,-0.0009935996352069196,0.031945801865915655
pose,,,0.0,,,5503.770833728,,,,-0.0009935996352069196,0.031945801865915655
wheel_odom,,,,,,5507.111894359,0.0,0.0,0.0,,
diagnostics,0.0,"[0.0,0.0,0.0,0.0]",,0.0,"[0.0,0.0,0.0,0.0]",5507.114045363,,,,,
pose,,,-0.009551908131502387,,,5507.115274463,,,,0.0,-0.0
wheel_odom,,,,,,5507.130810614,0.0,0.0,0.0,,
pose,,,0.0,,,5507.131481354,,,,0.0,0.0
pose,,,0.0,,,5507.150506361,,,,0.0,0.0
wheel_odom,,,,,,5507.170244,0.0,0.0,0.0,,
diagnostics,0.0,"[0.0,0.0,0.0,0.0]",,0.0,"[0.0,0.0,0.0,0.0]",5507.170628572,,,,,
pose,,,0.0,,,5507.170792108,,,,0.0,0.0
wheel_odom,,,,,,5507.190735526,0.0,0.0,0.0,,
pose,,,0.0,,,5507.191414265,,,,0.0,0.0
wheel_odom,,,,,,5507.211264019,0.0,0.0,0.0,,
diagnostics,0.0,"[0.0,0.0,0.0,0.0]",,0.0,"[0.0,0.0,0.0,0.0]",5507.2119129,,,,,
pose,,,0.0,,,5507.212194553,,,,0.0,0.0
wheel_odom,,,,,,5507.230200648,0.0,0.0,0.0,,
pose,,,0.0,,,5507.230590457,,,,0.0,0.0
pose,,,0.0,,,5507.250491163,,,,0.0,0.0
wheel_odom,,,,,,5507.270618861,0.0,0.0,0.0,,
diagnostics,0.0,"[0.0,0.0,0.0,0.0]",,0.0,"[0.0,0.0,0.0,0.0]",5507.271444052,,,,,
pose,,,0.0,,,5507.271780448,,,,0.0,0.0
wheel_odom,,,,,,5507.290811022,0.0,0.0,0.0,,
pose,,,0.0,,,5507.291584506,,,,0.0,0.0
wheel_odom,,,,,,5507.311597023,0.0,0.0,0.0,,
diagnostics,0.0,"[0.0,0.0,0.0,0.0]",,0.0,"[0.0,0.0,0.0,0.0]",5507.312416229,,,,,
pose,,,0.0,,,5507.312752102,,,,0.0,0.0
wheel_odom,,,,,,5507.330909491,0.0,0.0,0.0,,
pose,,,0.0,,,5507.331605144,,,,0.0,0.0
wheel_odom,,,,,,5507.350239312,0.0,0.0,0.0,,
pose,,,0.0,,,5507.350623409,,,,0.0,0.0
diagnostics,0.0,"[0.0,0.0,0.0,0.0]",,0.0,"[0.0,0.0,0.0,0.0]",5507.371017169,,,,,
pose,,,0.0,,,5507.371522564,,,,0.0,0.0
wheel_odom,,,,,,5507.390614573,0.0,0.0,0.0,,
pose,,,0.0,,,5507.391157301,,,,0.0,0.0
wheel_odom,,,,,,5507.411716265,0.0,0.0,0.0,,
diagnostics,0.0,"[0.0,0.0,0.0,0.0]",,0.0,"[0.0,0.0,0.0,0.0]",5507.412409054,,,,,
pose,,,0.0,,,5507.413044545,,,,0.0,0.0
wheel_odom,,,,,,5507.431029576,0.0,0.0,0.0,,
pose,,,0.0,,,5507.431572236,,,,0.0,0.0
pose,,,0.0,,,5507.450255296,,,,0.0,0.0
wheel_odom,,,,,,5507.470335722,0.0,0.0,0.0,,
diagnostics,0.0,"[0.0,0.0,0.0,0.0]",,0.0,"[0.0,0.0,0.0,0.0]",5507.470807175,,,,,
pose,,,0.0,,,5507.470972477,,,,0.0,0.0
wheel_odom,,,,,,5507.490662441,0.0,0.0,0.0,,
pose,,,0.0,,,5507.491485517,,,,0.0,0.0
wheel_odom,,,,,,5507.511406407,0.0,0.0,0.0,,
diagnostics,0.0,"[0.0,0.0,0.0,0.0]",,0.0,"[0.0,0.0,0.0,0.0]",5507.512057345,,,,,
pose,,,0.0,,,5507.512277987,,,,0.0,0.0
wheel_odom,,,,,,5507.530184836,0.0,0.0,0.0,,
pose,,,0.0,,,5507.530444693,,,,0.0,0.0
pose,,,0.0,,,5507.550059843,,,,0.0,0.0
wheel_odom,,,,,,5507.57179593,0.0,0.0,0.0,,
diagnostics,0.0,"[0.0,0.0,0.0,0.0]",,0.0,"[0.0,0.0,0.0,0.0]",5507.572474153,,,,,
pose,,,0.0,,,5507.572689612,,,,0.0,0.0
wheel_odom,,,,,,5507.59032738,0.0,0.0,0.0,,
pose,,,0.0,,,5507.590644045,,,,0.0,0.0
wheel_odom,,,,,,5507.610498769,0.0,0.0,0.0,,
diagnostics,0.0,"[0.0,0.0,0.0,0.0]",,0.0,"[0.0,0.0,0.0,0.0]",5507.611235763,,,,,
pose,,,0.0,,,5507.611648848,,,,0.0,0.0
wheel_odom,,,,,,5507.631169751,0.0,0.0,0.0,,
pose,,,0.0,,,5507.631745734,,,,0.0,0.0
pose,,,0.0,,,5507.651701632,,,,0.0,0.0
wheel_odom,,,,,,5507.670080843,0.0,0.0,0.0,,
diagnostics,0.0,"[0.0,0.0,0.0,0.0]",,0.0,"[0.0,0.0,0.0,0.0]",5507.670369245,,,,,
pose,,,0.0,,,5507.670567134,,,,0.0,0.0
wheel_odom,,,,,,5507.690411213,0.0,0.0,0.0,,
pose,,,0.0,,,5507.69083415,,,,0.0,0.0
wheel_odom,,,,,,5507.7114734,0.0,0.0,0.0,,
diagnostics,0.0,"[0.0,0.0,0.0,0.0]",,0.0,"[0.0,0.0,0.0,0.0]",5507.712063773,,,,,
pose,,,0.0,,,5507.712281852,,,,0.0,0.0
wheel_odom,,,,,,5507.730992867,0.0,0.0,0.0,,
pose,,,0.0,,,5507.73174708,,,,0.0,0.0
pose,,,0.0,,,5507.750349834,,,,0.0,0.0
wheel_odom,,,,,,5507.770074083,0.0,0.0,0.0,,
diagnostics,0.0,"[0.0,0.0,0.0,0.0]",,0.0,"[0.0,0.0,0.0,0.0]",5507.770407782,,,,,
pose,,,0.0,,,5507.770519579,,,,0.0,0.0
wheel_odom,,,,,,5507.790988447,0.0,0.0,0.0,,
pose,,,0.0,,,5507.79190714,,,,0.0,0.0
wheel_odom,,,,,,5507.811534024,0.0,0.0,0.0,,
diagnostics,0.0,"[0.0,0.0,0.0,0.0]",,0.0,"[0.0,0.0,0.0,0.0]",5507.812108071,,,,,
pose,,,0.0,,,5507.812668659,,,,0.0,0.0
wheel_odom,,,,,,5507.830320808,0.0,0.0,0.0,,
pose,,,0.0,,,5507.830586529,,,,0.0,0.0
pose,,,0.0,,,5507.850877539,,,,0.0,0.0
wheel_odom,,,,,,5507.870881342,0.0,0.0,0.0,,
diagnostics,0.0,"[0.0,0.0,0.0,0.0]",,0.0,"[0.0,0.0,0.0,0.0]",5507.87160071,,,,,
pose,,,0.0,,,5507.873298529,,,,0.0,0.0
wheel_odom,,,,,,5507.890980835,0.0,0.0,0.0,,
pose,,,0.0,,,5507.891657993,,,,0.0,0.0
wheel_odom,,,,,,5507.911662707,0.0,0.0,0.0,,
diagnostics,0.0,"[0.0,0.0,0.0,0.0]",,0.0,"[0.0,0.0,0.0,0.0]",5507.912370833,,,,,
pose,,,0.0,,,5507.912959487,,,,0.0,0.0
pose,,,0.0,,,5507.9347245,,,,0.0,0.0
wheel_odom,,,,,,5507.950522272,0.0,0.0,0.0,,
pose,,,0.0,,,5507.950808251,,,,0.0,0.0
wheel_odom,,,,,,5507.970489901,0.0,0.0,0.0,,
pose,,,0.0,,,5507.970914986,,,,0.0,0.0
diagnostics,0.0,"[0.0,0.0,0.0,0.0]",,0.0,"[0.0,0.0,0.0,0.0]",5507.989897402,,,,,
pose,,,0.0,,,5507.990232879,,,,0.0,0.0
wheel_odom,,,,,,5508.01054958,0.0,0.0,0.0,,
pose,,,0.0,,,5508.01108478,,,,0.0,0.0
cmd,,,,,,5508.017215833,0.11000000000000001,-0.11000000000000001,0.036010466516017914,,
wheel_odom,,,,,,5508.031873308,0.0,0.0,0.0,,
diagnostics,0.0,"[0.0,0.0,0.0,0.0]",,0.0,"[0.0,0.0,0.0,0.0]",5508.032653855,,,,,
pose,,,0.0,,,5508.033218198,,,,0.0,0.0
wheel_odom,,,,,,5508.050865808,0.0,0.0,0.0,,
pose,,,0.0,,,5508.051575587,,,,0.0,0.0
cmd,,,,,,5508.067207951,0.2127503603696823,-0.14220111072063446,0.1035427674651146,,
wheel_odom,,,,,,5508.070529665,0.0,0.0,0.0,,
pose,,,0.0,,,5508.071047495,,,,0.0,0.0
diagnostics,0.0,"[0.0,0.0,0.0,0.0]",,0.0,"[0.0,0.0,0.0,0.0]",5508.090231072,,,,,
pose,,,0.0,,,5508.090772848,,,,0.0,0.0
wheel_odom,,,,,,5508.112307166,0.0,0.0,0.0,,
pose,,,0.0,,,5508.113365231,,,,0.0,0.0
cmd,,,,,,5508.117221186,0.2973550856113434,-0.19715100526809692,0.13291381299495697,,
wheel_odom,,,,,,5508.130639262,0.0,0.0,0.0,,
diagnostics,0.0,"[0.0,0.0,0.0,0.0]",,0.0,"[0.0,0.0,0.0,0.0]",5508.131110453,,,,,
pose,,,0.0,,,5508.131283266,,,,0.0,0.0
wheel_odom,,,,,,5508.150145342,0.0,0.0,0.0,,
pose,,,0.0,,,5508.15056948,,,,0.0,0.0
cmd,,,,,,5508.167274447,0.3612610697746277,-0.24622048437595367,0.1325680911540985,,
wheel_odom,,,,,,5508.170745312,0.0,0.0,0.0,,
pose,,,0.0,,,5508.171334785,,,,0.0,0.0
diagnostics,0.0,"[0.0,0.0,0.0,0.0]",,0.0,"[0.0,0.0,0.0,0.0]",5508.190725266,,,,,
pose,,,0.0,,,5508.191488456,,,,0.0,0.0
wheel_odom,,,,,,5508.210440551,0.0,0.0,0.0,,
pose,,,0.0,,,5508.210850873,,,,0.0,0.0
cmd,,,,,,5508.21706768,0.4247514605522156,-0.2879764437675476,0.11782506108283997,,
wheel_odom,,,,,,5508.230572382,0.0,0.0,0.0,,
diagnostics,0.0,"[0.0,0.0,0.0,0.0]",,0.0,"[0.0,0.0,0.0,0.0]",5508.231076637,,,,,
pose,,,0.0,,,5508.231316227,,,,0.0,0.0
wheel_odom,,,,,,5508.25114282,0.0,0.0,0.0,,
pose,,,0.0,,,5508.252108246,,,,0.0,0.0
cmd,,,,,,5508.267246149,0.458770215511322,-0.3133925795555115,0.10171203315258026,,
wheel_odom,,,,,,5508.27049951,0.0,0.0,0.0,,
pose,,,0.0,,,5508.270912413,,,,0.0,0.0
diagnostics,0.0,"[0.0,0.0,0.0,0.0]",,0.0,"[0.0,0.0,0.0,0.0]",5508.290119346,,,,,
pose,,,0.0,,,5508.290610493,,,,0.0,0.0
wheel_odom,,,,,,5508.313140715,0.0,0.0,0.0,,
pose,,,0.0,,,5508.313383899,,,,0.0,0.0
cmd,,,,,,5508.317134554,0.48612892627716064,-0.32834896445274353,0.08197105675935745,,
wheel_odom,,,,,,5508.331369922,0.0,0.0,0.0,,
diagnostics,0.0,"[0.0,0.0,0.0,0.0]",,0.0,"[0.0,0.0,0.0,0.0]",5508.33178112,,,,,
pose,,,0.0,,,5508.332162938,,,,0.0,0.0
wheel_odom,,,,,,5508.350216802,0.0,0.0,0.0,,
pose,,,0.0,,,5508.350654143,,,,0.0,0.0
cmd,,,,,,5508.367153319,0.5174923539161682,-0.35304969549179077,0.06432162970304489,,
wheel_odom,,,,,,5508.370382916,0.0,0.0,0.0,,
pose,,,0.0,,,5508.370762589,,,,0.0,0.0
diagnostics,0.0,"[0.0,0.0,0.0,0.0]",,0.0,"[0.0,0.0,0.0,0.0]",5508.390867227,,,,,
pose,,,0.0,,,5508.391711677,,,,0.0,0.0
wheel_odom,,,,,,5508.410790289,0.0,0.0,0.0,,
pose,,,0.0,,,5508.411424564,,,,0.0,0.0
cmd,,,,,,5508.417225246,0.5472037196159363,-0.3875364661216736,0.053766340017318726,,
wheel_odom,,,,,,5508.43071137,0.0,0.0,0.0,,
diagnostics,0.0,"[0.0,0.0,0.0,0.0]",,0.0,"[0.0,0.0,0.0,0.0]",5508.431142294,,,,,
pose,,,0.0,,,5508.431510452,,,,0.0,0.0
wheel_odom,,,,,,5508.45097892,0.0,0.0,0.0,,
pose,,,0.0,,,5508.451743649,,,,0.0,0.0
cmd,,,,,,5508.467321131,0.5769082903862,-0.4221875071525574,0.04507780820131302,,
wheel_odom,,,,,,5508.472993104,0.0,0.0,0.0,,
pose,,,0.0,,,5508.473998883,,,,0.0,0.0
diagnostics,0.0,"[0.0,0.0,0.0,0.0]",,0.0,"[0.0,0.0,0.0,0.0]",5508.489718914,,,,,
pose,,,0.0,,,5508.490211084,,,,0.0,0.0
wheel_odom,,,,,,5508.510385579,0.0,0.0,0.0,,
pose,,,0.0,,,5508.510784763,,,,0.0,0.0
cmd,,,,,,5508.517058333,0.6024587154388428,-0.466484934091568,0.03715619817376137,,
wheel_odom,,,,,,5508.530406881,0.0,0.0,0.0,,
diagnostics,0.0,"[0.0,0.0,0.0,0.0]",,0.0,"[0.0,0.0,0.0,0.0]",5508.530796244,,,,,
pose,,,0.0,,,5508.531158405,,,,0.0,0.0
wheel_odom,,,,,,5508.550548409,0.0,0.0,0.0,,
pose,,,0.0,,,5508.550962522,,,,0.0,0.0
cmd,,,,,,5508.567175706,0.6327456831932068,-0.5029563307762146,0.030988525599241257,,
wheel_odom,,,,,,5508.570145764,0.0,0.0,0.0,,
pose,,,0.0,,,5508.57038573,,,,0.0,0.0
diagnostics,0.0,"[0.0,0.0,0.0,0.0]",,0.0,"[0.0,0.0,0.0,0.0]",5508.589850546,,,,,
pose,,,0.0,,,5508.590580199,,,,0.0,0.0
wheel_odom,,,,,,5508.61165678,0.0,0.0,0.0,,
pose,,,0.0,,,5508.612414813,,,,0.0,0.0
cmd,,,,,,5508.617207342,0.584647536277771,-0.4480695426464081,0.023670118302106857,,
wheel_odom,,,,,,5508.630374185,0.0,0.0,0.0,,
diagnostics,0.0,"[0.0,0.0,0.0,0.0]",,0.0,"[0.0,0.0,0.0,0.0]",5508.63063556,,,,,
pose,,,0.0,,,5508.631020365,,,,0.0,0.0
wheel_odom,,,,,,5508.650344459,0.0,0.0,0.0,,
pose,,,0.0,,,5508.650786676,,,,0.0,0.0
cmd,,,,,,5508.667207438,0.6511542201042175,-0.36211657524108887,0.010611377656459808,,
wheel_odom,,,,,,5508.670209404,0.0,0.0,0.0,,
pose,,,0.0,,,5508.67058066,,,,0.0,0.0
diagnostics,0.0,"[0.0,0.0,0.0,0.0]",,0.0,"[0.0,0.0,0.0,0.0]",5508.69015788,,,,,
pose,,,0.0,,,5508.690851726,,,,0.0,0.0
wheel_odom,,,,,,5508.710395709,0.0,0.0,0.0,,
pose,,,0.0,,,5508.710794376,,,,0.0,0.0
cmd,,,,,,5508.717078946,0.7407259941101074,-0.3063993453979492,0.009852705523371696,,
wheel_odom,,,,,,5508.730349789,0.0,0.0,0.0,,
diagnostics,0.0,"[0.0,0.0,0.0,0.0]",,0.0,"[0.0,0.0,0.0,0.0]",5508.730728568,,,,,
pose,,,0.0,,,5508.730893971,,,,0.0,0.0
wheel_odom,,,,,,5508.752934734,0.0,0.0,0.0,,
pose,,,0.0,,,5508.753693018,,,,0.0,0.0
cmd,,,,,,5508.767223347,0.8276135325431824,-0.26551952958106995,0.019835233688354492,,
wheel_odom,,,,,,5508.770153182,0.0,0.0,0.0,,
pose,,,0.0,,,5508.770522202,,,,0.0,0.0
diagnostics,0.0,"[0.0,0.0,0.0,0.0]",,0.0,"[0.0,0.0,0.0,0.0]",5508.789779405,,,,,
pose,,,0.0,,,5508.790167556,,,,0.0,0.0
wheel_odom,,,,,,5508.810419688,0.0,0.0,0.0,,
pose,,,0.0,,,5508.810970974,,,,0.0,0.0
cmd,,,,,,5508.817192512,0.9334121346473694,-0.19430972635746002,0.018454402685165405,,
wheel_odom,,,,,,5508.831736239,0.0,0.0,0.0,,
diagnostics,0.0,"[0.0,0.0,0.0,0.0]",,0.0,"[0.0,0.0,0.0,0.0]",5508.832568217,,,,,
pose,,,0.0,,,5508.832890891,,,,0.0,0.0
wheel_odom,,,,,,5508.850834168,0.0,0.0,0.0,,
pose,,,0.0,,,5508.851515294,,,,0.0,0.0
cmd,,,,,,5508.867341967,0.9904531240463257,-0.11255866289138794,0.012894775718450546,,
wheel_odom,,,,,,5508.870790308,0.0,0.0,0.0,,
pose,,,0.0,,,5508.871641243,,,,0.0,0.0
diagnostics,0.0,"[0.0,0.0,0.0,0.0]",,0.0,"[0.0,0.0,0.0,0.0]",5508.889988528,,,,,
pose,,,0.0,,,5508.890474027,,,,0.0,0.0
wheel_odom,,,,,,5508.910221707,0.0,0.0,0.0,,
pose,,,0.0,,,5508.910571085,,,,0.0,0.0
cmd,,,,,,5508.917119508,1.004952311515808,-0.05390985682606697,0.00582001032307744,,
wheel_odom,,,,,,5508.931313325,0.0,0.0,0.0,,
diagnostics,0.0,"[0.0,0.0,0.0,0.0]",,0.0,"[0.0,0.0,0.0,0.0]",5508.931934392,,,,,
pose,,,0.0,,,5508.932167901,,,,0.0,0.0
wheel_odom,,,,,,5508.951030721,0.0,0.0,0.0,,
pose,,,0.0,,,5508.951767875,,,,0.0,0.0
cmd,,,,,,5508.967419537,0.9815233945846558,-0.012176530435681343,-0.0022804811596870422,,
wheel_odom,,,,,,5508.970952823,0.0,0.0,0.0,,
pose,,,0.0,,,5508.97180592,,,,0.0,0.0
diagnostics,0.0,"[0.0,0.0,0.0,0.0]",,0.0,"[0.0,0.0,0.0,0.0]",5508.989906827,,,,,
pose,,,0.0,,,5508.990573423,,,,0.0,0.0
wheel_odom,,,,,,5509.010552883,0.0,0.0,0.0,,
pose,,,0.0,,,5509.011023579,,,,0.0,0.0
cmd,,,,,,5509.017090754,0.9452593922615051,0.012355035170912743,-0.00880351196974516,,
wheel_odom,,,,,,5509.031999142,0.0,0.0,0.0,,
diagnostics,0.0,"[0.0,0.0,0.0,0.0]",,0.0,"[0.0,0.0,0.0,0.0]",5509.032701641,,,,,
pose,,,0.0,,,5509.03330518,,,,0.0,0.0
wheel_odom,,,,,,5509.051461027,0.0,0.0,0.0,,
pose,,,0.0,,,5509.052103753,,,,0.0,0.0
cmd,,,,,,5509.067111648,0.9156228303909302,0.029174497351050377,-0.011922580190002918,,
wheel_odom,,,,,,5509.070238021,0.0,0.0,0.0,,
pose,,,0.0,,,5509.070748156,,,,0.0,0.0
diagnostics,0.0,"[0.0,0.0,0.0,0.0]",,0.0,"[0.0,0.0,0.0,0.0]",5509.090747143,,,,,
pose,,,0.0,,,5509.090973028,,,,0.0,0.0
wheel_odom,,,,,,5509.110458456,0.0,0.0,0.0,,
pose,,,0.0,,,5509.110892445,,,,0.0,0.0
cmd,,,,,,5509.117291628,0.8981544375419617,0.03572394326329231,-0.01223643310368061,,
wheel_odom,,,,,,5509.130638735,0.0,0.0,0.0,,
diagnostics,0.0,"[0.0,0.0,0.0,0.0]",,0.0,"[0.0,0.0,0.0,0.0]",5509.131074404,,,,,
pose,,,0.0,,,5509.131462763,,,,0.0,0.0
wheel_odom,,,,,,5509.153875022,0.0,0.0,0.0,,
pose,,,0.0,,,5509.155159046,,,,0.0,0.0
cmd,,,,,,5509.167358812,0.8331544375419617,0.0,0.0,,
wheel_odom,,,,,,5509.171299318,0.0,0.0,0.0,,
pose,,,0.0,,,5509.172261438,,,,0.0,0.0
diagnostics,0.0,"[0.0,0.0,0.0,0.0]",,0.0,"[0.0,0.0,0.0,0.0]",5509.190993882,,,,,
pose,,,0.0,,,5509.192549359,,,,0.0,0.0
wheel_odom,,,,,,5509.211610994,0.0,0.0,0.0,,
pose,,,0.0,,,5509.2143849,,,,0.0,0.0
cmd,,,,,,5509.217199236,0.7681544375419618,0.0,0.0,,
wheel_odom,,,,,,5509.230263774,0.0,0.0,0.0,,
diagnostics,0.0,"[0.0,0.0,0.0,0.0]",,0.0,"[0.0,0.0,0.0,0.0]",5509.230540402,,,,,
pose,,,0.0,,,5509.230719563,,,,0.0,0.0
wheel_odom,,,,,,5509.250024139,0.0,0.0,0.0,,
pose,,,0.0,,,5509.250329935,,,,0.0,0.0
cmd,,,,,,5509.267109624,0.7031544375419618,0.0,0.0,,
wheel_odom,,,,,,5509.270169392,0.0,0.0,0.0,,
pose,,,0.0,,,5509.270461704,,,,0.0,0.0
diagnostics,0.0,"[0.0,0.0,0.0,0.0]",,0.0,"[0.0,0.0,0.0,0.0]",5509.289828126,,,,,
pose,,,0.0,,,5509.290100694,,,,0.0,0.0
wheel_odom,,,,,,5509.310199943,0.0,0.0,0.0,,
pose,,,0.0,,,5509.310472688,,,,0.0,0.0
cmd,,,,,,5509.317070263,0.6381544375419619,0.0,0.0,,
wheel_odom,,,,,,5509.330227597,0.0,0.0,0.0,,
diagnostics,0.0,"[0.0,0.0,0.0,0.0]",,0.0,"[0.0,0.0,0.0,0.0]",5509.330480956,,,,,
pose,,,0.0,,,5509.330619474,,,,0.0,0.0
wheel_odom,,,,,,5509.350175857,0.0,0.0,0.0,,
pose,,,0.0,,,5509.35078336,,,,0.0,0.0
cmd,,,,,,5509.367307819,0.5731544375419619,0.0,0.0,,
pose,,,0.0,,,5509.370781567,,,,0.0,0.0
wheel_odom,,,,,,5509.390424902,0.0,0.0,0.0,,
pose,,,0.0,,,5509.390770809,,,,0.0,0.0
diagnostics,0.0,"[0.0,0.0,0.0,0.0]",,0.0,"[0.0,0.0,0.0,0.0]",5509.410672471,,,,,
pose,,,0.0,,,5509.411561922,,,,0.0,0.0
cmd,,,,,,5509.417157169,0.508154437541962,0.004250768572092056,0.0021083790343254805,,
wheel_odom,,,,,,5509.430408172,0.0,0.0,0.0,,
pose,,,0.0,,,5509.430808565,,,,0.0,0.0
wheel_odom,,,,,,5509.45056698,0.0,0.0,0.0,,
diagnostics,0.0,"[0.0,0.0,0.0,0.0]",,0.0,"[0.0,0.0,0.0,0.0]",5509.45102016,,,,,
pose,,,0.0,,,5509.451197848,,,,0.0,0.0
cmd,,,,,,5509.467381927,0.443154437541962,0.11425076857209207,0.0012383504072204232,,
wheel_odom,,,,,,5509.470972696,0.0,0.0,0.0,,
pose,,,0.0,,,5509.472033556,,,,0.0,0.0
wheel_odom,,,,,,5509.490252802,0.0,0.0,0.0,,
pose,,,0.0,,,5509.490775001,,,,0.0,0.0
diagnostics,0.0,"[0.0,0.0,0.0,0.0]",,0.0,"[0.0,0.0,0.0,0.0]",5509.509951489,,,,,
pose,,,0.0,,,5509.510389148,,,,0.0,0.0
cmd,,,,,,5509.517080745,0.378154437541962,0.22425076857209209,0.0027773508336395025,,
wheel_odom,,,,,,5509.530674773,0.0,0.0,0.0,,
pose,,,0.0,,,5509.531756275,,,,0.0,0.0
wheel_odom,,,,,,5509.550673136,0.0,0.0,0.0,,
diagnostics,0.0,"[0.0,0.0,0.0,0.0]",,0.0,"[0.0,0.0,0.0,0.0]",5509.551049516,,,,,
pose,,,0.0,,,5509.551830364,,,,0.0,0.0
cmd,,,,,,5509.567046167,0.35697704553604126,0.3342507685720921,0.0029653063975274563,,
wheel_odom,,,,,,5509.570298865,0.0,0.0,0.0,,
pose,,,0.0,,,5509.571098746,,,,0.0,0.0
wheel_odom,,,,,,5509.590905292,0.0,0.0,0.0,,
diagnostics,0.0,"[0.0,0.0,0.0,0.0]",,0.0,"[0.0,0.0,0.0,0.0]",5509.591369576,,,,,
pose,,,0.0,,,5509.591537424,,,,0.0,0.0
wheel_odom,,,,,,5509.612960999,0.0,0.0,0.0,,
pose,,,0.0,,,5509.613400177,,,,0.0,0.0
cmd,,,,,,5509.617281086,0.3687317371368408,0.43115633726119995,0.0026255198754370213,,
pose,,,0.0,,,5509.630304699,,,,0.0,0.0
wheel_odom,,,,,,5509.650418196,0.0,0.0,0.0,,
diagnostics,0.0,"[0.0,0.0,0.0,0.0]",,0.0,"[0.0,0.0,0.0,0.0]",5509.650680933,,,,,
pose,,,0.0,,,5509.650766908,,,,0.0,0.0
cmd,,,,,,5509.667333396,0.3849791884422302,0.5388990640640259,0.0008344252128154039,,
wheel_odom,,,,,,5509.670579539,0.0,0.0,0.0,,
pose,,,0.0,,,5509.671428892,,,,0.0,0.0
wheel_odom,,,,,,5509.69104024,0.0,0.0,0.0,,
diagnostics,0.0,"[0.0,0.0,0.0,0.0]",,0.0,"[0.0,0.0,0.0,0.0]",5509.691616077,,,,,
pose,,,0.0,,,5509.692060675,,,,0.0,0.0
wheel_odom,,,,,,5509.71029078,0.0,0.0,0.0,,
pose,,,0.0,,,5509.710605333,,,,0.0,0.0
cmd,,,,,,5509.717088055,0.42481595277786255,0.6488990640640259,-0.001902389689348638,,
pose,,,0.0,,,5509.730902947,,,,0.0,0.0
wheel_odom,,,,,,5509.751104395,0.0,0.0,0.0,,
diagnostics,0.0,"[0.0,0.0,0.0,0.0]",,0.0,"[0.0,0.0,0.0,0.0]",5509.751652354,,,,,
pose,,,0.0,,,5509.751848754,,,,0.0,0.0
cmd,,,,,,5509.767333569,0.5167680978775024,0.7588990640640259,-0.006389888469129801,,
wheel_odom,,,,,,5509.770959318,0.0,0.0,0.0,,
pose,,,0.0,,,5509.771657813,,,,0.0,0.0
wheel_odom,,,,,,5509.791121717,0.0,0.0,0.0,,
diagnostics,0.0,"[0.0,0.0,0.0,0.0]",,0.0,"[0.0,0.0,0.0,0.0]",5509.791837229,,,,,
pose,,,0.0,,,5509.792323527,,,,0.0,0.0
wheel_odom,,,,,,5509.810162775,0.0,0.0,0.0,,
pose,,,0.0,,,5509.810502671,,,,0.0,0.0
cmd,,,,,,5509.8170445,0.622028112411499,0.8688990640640258,-0.006686386652290821,,
pose,,,0.0,,,5509.831261016,,,,0.0,0.0
wheel_odom,,,,,,5509.851366028,0.0,0.0,0.0,,
diagnostics,0.0,"[0.0,0.0,0.0,0.0]",,0.0,"[0.0,0.0,0.0,0.0]",5509.851895721,,,,,
pose,,,0.0,,,5509.852504755,,,,0.0,0.0
cmd,,,,,,5509.867167417,0.7279269695281982,0.9788990640640258,-0.008255361579358578,,
wheel_odom,,,,,,5509.870422203,0.0,0.0,0.0,,
pose,,,0.0,,,5509.871156276,,,,0.0,0.0
wheel_odom,,,,,,5509.890857743,0.0,0.0,0.0,,
diagnostics,0.0,"[0.0,0.0,0.0,0.0]",,0.0,"[0.0,0.0,0.0,0.0]",5509.891437586,,,,,
pose,,,0.0,,,5509.891656082,,,,0.0,0.0
wheel_odom,,,,,,5509.910498004,0.0,0.0,0.0,,
pose,,,0.0,,,5509.911123097,,,,0.0,0.0
cmd,,,,,,5509.917185553,0.8058670163154602,1.0655192136764526,-0.0066947368904948235,,
pose,,,0.0,,,5509.930271921,,,,0.0,0.0
wheel_odom,,,,,,5509.951601177,0.0,0.0,0.0,,
diagnostics,0.0,"[0.0,0.0,0.0,0.0]",,0.0,"[0.0,0.0,0.0,0.0]",5509.952271006,,,,,
pose,,,0.0,,,5509.953216319,,,,0.0,0.0
cmd,,,,,,5509.967337893,0.8526517152786255,1.1354235410690308,-0.00658804178237915,,
wheel_odom,,,,,,5509.971050992,0.0,0.0,0.0,,
pose,,,0.0,,,5509.971754889,,,,0.0,0.0
wheel_odom,,,,,,5509.990241071,0.0,0.0,0.0,,
diagnostics,0.0,"[0.0,0.0,0.0,0.0]",,0.0,"[0.0,0.0,0.0,0.0]",5509.990653271,,,,,
pose,,,0.0,,,5509.99081606,,,,0.0,0.0
wheel_odom,,,,,,5510.010684391,0.0,0.0,0.0,,
pose,,,0.0,,,5510.011367377,,,,0.0,0.0
cmd,,,,,,5510.017349713,0.9129444360733032,1.1928139925003052,-0.005443869158625603,,
pose,,,0.0,,,5510.031099384,,,,0.0,0.0
wheel_odom,,,,,,5510.050409296,0.0,0.0,0.0,,
diagnostics,0.0,"[0.0,0.0,0.0,0.0]",,0.0,"[0.0,0.0,0.0,0.0]",5510.050813962,,,,,
pose,,,0.0,,,5510.050990022,,,,0.0,0.0
cmd,,,,,,5510.067327466,0.9592275023460388,1.2549253702163696,-0.004251610022038221,,
wheel_odom,,,,,,5510.07075472,0.0,0.0,0.0,,
pose,,,0.0,,,5510.071426413,,,,0.0,0.0
wheel_odom,,,,,,5510.090795735,0.0,0.0,0.0,,
diagnostics,0.0,"[0.0,0.0,0.0,0.0]",,0.0,"[0.0,0.0,0.0,0.0]",5510.091367567,,,,,
pose,,,0.0,,,5510.091597004,,,,0.0,0.0
wheel_odom,,,,,,5510.110349483,0.0,0.0,0.0,,
pose,,,0.0,,,5510.110754523,,,,0.0,0.0
cmd,,,,,,5510.117058787,1.0377802848815918,1.2746706008911133,-0.002169088926166296,,
pose,,,0.0,,,5510.130584046,,,,0.0,0.0
wheel_odom,,,,,,5510.151189088,0.0,0.0,0.0,,
diagnostics,0.0,"[0.0,0.0,0.0,0.0]",,0.0,"[0.0,0.0,0.0,0.0]",5510.151941624,,,,,
pose,,,0.0,,,5510.152288683,,,,0.0,0.0
cmd,,,,,,5510.1673387,1.1217496395111084,1.2970882654190063,0.0006543685449287295,,
wheel_odom,,,,,,5510.170693849,0.0,0.0,0.0,,
pose,,,0.0,,,5510.171325763,,,,0.0,0.0
wheel_odom,,,,,,5510.191287097,0.0,0.0,0.0,,
diagnostics,0.0,"[0.0,0.0,0.0,0.0]",,0.0,"[0.0,0.0,0.0,0.0]",5510.191980934,,,,,
pose,,,0.0,,,5510.192595875,,,,0.0,0.0
wheel_odom,,,,,,5510.210295171,0.0,0.0,0.0,,
pose,,,0.0,,,5510.210627156,,,,0.0,0.0
cmd,,,,,,5510.217089757,1.1777485609054565,1.3308618068695068,0.004073954187333584,,
pose,,,0.0,,,5510.230812777,,,,0.0,0.0
wheel_odom,,,,,,5510.251760798,0.0,0.0,0.0,,
diagnostics,0.0,"[0.0,0.0,0.0,0.0]",,0.0,"[0.0,0.0,0.0,0.0]",5510.25255171,,,,,
pose,,,0.0,,,5510.253180917,,,,0.0,0.0
cmd,,,,,,5510.267153974,1.1778044700622559,1.3842240571975708,0.007021522615104914,,
wheel_odom,,,,,,5510.270233086,0.0,0.0,0.0,,
pose,,,0.0,,,5510.270921953,,,,0.0,0.0
wheel_odom,,,,,,5510.290375628,0.0,0.0,0.0,,
diagnostics,0.0,"[0.0,0.0,0.0,0.0]",,0.0,"[0.0,0.0,0.0,0.0]",5510.290638298,,,,,
pose,,,0.0,,,5510.290813426,,,,0.0,0.0
wheel_odom,,,,,,5510.310585766,0.0,0.0,0.0,,
pose,,,0.0,,,5510.310942722,,,,0.0,0.0
cmd,,,,,,5510.317196021,1.1756950616836548,1.4437121152877808,0.011224865913391113,,
pose,,,0.0,,,5510.33073026,,,,0.0,0.0
wheel_odom,,,,,,5510.350817054,0.0,0.0,0.0,,
diagnostics,0.0,"[0.0,0.0,0.0,0.0]",,0.0,"[0.0,0.0,0.0,0.0]",5510.35127826,,,,,
pose,,,0.0,,,5510.351440383,,,,0.0,0.0
cmd,,,,,,5510.367223455,1.1329996585845947,1.4801113605499268,0.01545405201613903,,
wheel_odom,,,,,,5510.370623741,0.0,0.0,0.0,,
pose,,,0.0,,,5510.37166464,,,,0.0,0.0
wheel_odom,,,,,,5510.392143868,0.0,0.0,0.0,,
diagnostics,0.0,"[0.0,0.0,0.0,0.0]",,0.0,"[0.0,0.0,0.0,0.0]",5510.392853528,,,,,
pose,,,0.0,,,5510.393358826,,,,0.0,0.0
wheel_odom,,,,,,5510.410304437,0.0,0.0,0.0,,
pose,,,0.0,,,5510.410638368,,,,0.0,0.0
cmd,,,,,,5510.417074836,1.120796799659729,1.5210975408554077,0.019655436277389526,,
wheel_odom,,,,,,5510.430436898,0.0,0.0,0.0,,
pose,,,0.0,,,5510.430665795,,,,0.0,0.0
diagnostics,0.0,"[0.0,0.0,0.0,0.0]",,0.0,"[0.0,0.0,0.0,0.0]",5510.450059977,,,,,
pose,,,0.0,,,5510.450413268,,,,0.0,0.0
cmd,,,,,,5510.467138293,1.1151715517044067,1.5609256029129028,0.022657763212919235,,
wheel_odom,,,,,,5510.470268213,0.0,0.0,0.0,,
pose,,,0.0,,,5510.471383161,,,,0.0,0.0
wheel_odom,,,,,,5510.490218822,0.0,0.0,0.0,,
diagnostics,0.0,"[0.0,0.0,0.0,0.0]",,0.0,"[0.0,0.0,0.0,0.0]",5510.490635839,,,,,
pose,,,0.0,,,5510.490798897,,,,0.0,0.0
wheel_odom,,,,,,5510.510396801,0.0,0.0,0.0,,
pose,,,0.0,,,5510.511078865,,,,0.0,0.0
cmd,,,,,,5510.517312213,1.135384440422058,1.6014033555984497,0.024232296273112297,,
wheel_odom,,,,,,5510.530595665,0.0,0.0,0.0,,
pose,,,0.0,,,5510.530990984,,,,0.0,0.0
diagnostics,0.0,"[0.0,0.0,0.0,0.0]",,0.0,"[0.0,0.0,0.0,0.0]",5510.549895805,,,,,
pose,,,0.0,,,5510.550276279,,,,0.0,0.0
cmd,,,,,,5510.567311006,1.20359206199646,1.637925624847412,0.02178230881690979,,
wheel_odom,,,,,,5510.571074115,0.0,0.0,0.0,,
pose,,,0.0,,,5510.571990241,,,,0.0,0.0
wheel_odom,,,,,,5510.591284214,0.0,0.0,0.0,,
diagnostics,0.0,"[0.0,0.0,0.0,0.0]",,0.0,"[0.0,0.0,0.0,0.0]",5510.591989866,,,,,
pose,,,0.0,,,5510.592644881,,,,0.0,0.0
wheel_odom,,,,,,5510.610470602,0.0,0.0,0.0,,
pose,,,0.0,,,5510.610896059,,,,0.0,0.0
cmd,,,,,,5510.617111713,1.1747491359710693,1.527925624847412,0.01868956722319126,,
wheel_odom,,,,,,5510.630959378,0.0,0.0,0.0,,
pose,,,0.0,,,5510.631474696,,,,0.0,0.0
diagnostics,0.0,"[0.0,0.0,0.0,0.0]",,0.0,"[0.0,0.0,0.0,0.0]",5510.650611181,,,,,
pose,,,0.0,,,5510.651315916,,,,0.0,0.0
cmd,,,,,,5510.667386933,1.1391832828521729,1.417925624847412,0.018360022455453873,,
pose,,,0.0,,,5510.671211611,,,,0.0,0.0
wheel_odom,,,,,,5510.690159383,0.0,0.0,0.0,,
pose,,,0.0,,,5510.690533645,,,,0.0,0.0
wheel_odom,,,,,,5510.710120648,0.0,0.0,0.0,,
diagnostics,0.0,"[0.0,0.0,0.0,0.0]",,0.0,"[0.0,0.0,0.0,0.0]",5510.710456125,,,,,
pose,,,0.0,,,5510.710588262,,,,0.0,0.0
cmd,,,,,,5510.716979128,1.1091952323913574,1.3079256248474118,0.023462466895580292,,
wheel_odom,,,,,,5510.731155115,0.0,0.0,0.0,,
pose,,,0.0,,,5510.73205422,,,,0.0,0.0
wheel_odom,,,,,,5510.751594387,0.0,0.0,0.0,,
pose,,,0.0,,,5510.752509667,,,,0.0,0.0
cmd,,,,,,5510.767395725,1.104278326034546,1.236881971359253,0.024379568174481392,,
diagnostics,0.0,"[0.0,0.0,0.0,0.0]",,0.0,"[0.0,0.0,0.0,0.0]",5510.770215554,,,,,
pose,,,0.0,,,5510.771197552,,,,0.0,0.0
wheel_odom,,,,,,5510.79138436,0.0,0.0,0.0,,
pose,,,0.0,,,5510.792709025,,,,0.0,0.0
wheel_odom,,,,,,5510.810366437,0.0,0.0,0.0,,
diagnostics,0.0,"[0.0,0.0,0.0,0.0]",,0.0,"[0.0,0.0,0.0,0.0]",5510.81075965,,,,,
pose,,,0.0,,,5510.811245587,,,,0.0,0.0
cmd,,,,,,5510.817037974,1.1198161840438843,1.346881971359253,0.019512077793478966,,
wheel_odom,,,,,,5510.830342001,0.0,0.0,0.0,,
pose,,,0.0,,,5510.830872942,,,,0.0,0.0
wheel_odom,,,,,,5510.851467247,0.0,0.0,0.0,,
pose,,,0.0,,,5510.852481192,,,,0.0,0.0
cmd,,,,,,5510.867226267,1.136870265007019,1.4568819713592531,0.011619781143963337,,
diagnostics,0.0,"[0.0,0.0,0.0,0.0]",,0.0,"[0.0,0.0,0.0,0.0]",5510.869958018,,,,,
pose,,,0.0,,,5510.870561736,,,,0.0,0.0
wheel_odom,,,,,,5510.890317522,0.0,0.0,0.0,,
pose,,,0.0,,,5510.890737829,,,,0.0,0.0
wheel_odom,,,,,,5510.910507435,0.0,0.0,0.0,,
diagnostics,0.0,"[0.0,0.0,0.0,0.0]",,0.0,"[0.0,0.0,0.0,0.0]",5510.911105717,,,,,
pose,,,0.0,,,5510.911354115,,,,0.0,0.0
cmd,,,,,,5510.917320117,1.0991733074188232,1.5668819713592532,0.004449625965207815,,
wheel_odom,,,,,,5510.93015754,0.0,0.0,0.0,,
pose,,,0.0,,,5510.930543286,,,,0.0,0.0
wheel_odom,,,,,,5510.950291432,0.0,0.0,0.0,,
pose,,,0.0,,,5510.950737378,,,,0.0,0.0
cmd,,,,,,5510.967297572,1.1011406183242798,1.663171410560608,0.0006101378239691257,,
diagnostics,0.0,"[0.0,0.0,0.0,0.0]",,0.0,"[0.0,0.0,0.0,0.0]",5510.9698559,,,,,
pose,,,0.0,,,5510.970373166,,,,0.0,0.0
wheel_odom,,,,,,5510.990250703,0.0,0.0,0.0,,
pose,,,0.0,,,5510.990785296,,,,0.0,0.0
wheel_odom,,,,,,5511.010524298,0.0,0.0,0.0,,
diagnostics,0.0,"[0.0,0.0,0.0,0.0]",,0.0,"[0.0,0.0,0.0,0.0]",5511.010950863,,,,,
pose,,,0.0,,,5511.011154281,,,,0.0,0.0
cmd,,,,,,5511.017063342,1.0966259241104126,1.6639933586120605,0.0007584666600450873,,
wheel_odom,,,,,,5511.030332901,0.0,0.0,0.0,,
pose,,,0.0,,,5511.030759067,,,,0.0,0.0
wheel_odom,,,,,,5511.051447953,0.0,0.0,0.0,,
pose,,,0.0,,,5511.052539698,,,,0.0,0.0
cmd,,,,,,5511.068464291,1.112978458404541,1.6409910917282104,0.0031798393465578556,,
diagnostics,0.0,"[0.0,0.0,0.0,0.0]",,0.0,"[0.0,0.0,0.0,0.0]",5511.070449551,,,,,
pose,,,0.0,,,5511.071246281,,,,0.0,0.0
wheel_odom,,,,,,5511.090323819,0.0,0.0,0.0,,
pose,,,0.0,,,5511.090739303,,,,0.0,0.0
wheel_odom,,,,,,5511.110317809,0.0,0.0,0.0,,
diagnostics,0.0,"[0.0,0.0,0.0,0.0]",,0.0,"[0.0,0.0,0.0,0.0]",5511.110713135,,,,,
pose,,,0.0,,,5511.111075893,,,,0.0,0.0
cmd,,,,,,5511.117125282,1.1443651914596558,1.619782567024231,0.006719915196299553,,
wheel_odom,,,,,,5511.130843545,0.0,0.0,0.0,,
pose,,,0.0,,,5511.131276327,,,,0.0,0.0
wheel_odom,,,,,,5511.15038928,0.0,0.0,0.0,,
pose,,,0.0,,,5511.150801946,,,,0.0,0.0
cmd,,,,,,5511.16715874,1.1800651550292969,1.6115695238113403,0.010135432705283165,,
diagnostics,0.0,"[0.0,0.0,0.0,0.0]",,0.0,"[0.0,0.0,0.0,0.0]",5511.170036004,,,,,
pose,,,0.0,,,5511.170842895,,,,0.0,0.0
wheel_odom,,,,,,5511.190906006,0.0,0.0,0.0,,
pose,,,0.0,,,5511.191365303,,,,0.0,0.0
wheel_odom,,,,,,5511.210653294,0.0,0.0,0.0,,
diagnostics,0.0,"[0.0,0.0,0.0,0.0]",,0.0,"[0.0,0.0,0.0,0.0]",5511.21110427,,,,,
pose,,,0.0,,,5511.211349179,,,,0.0,0.0
cmd,,,,,,5511.21710341,1.217462420463562,1.6148587465286255,0.012700998224318027,,
wheel_odom,,,,,,5511.230872439,0.0,0.0,0.0,,
pose,,,0.0,,,5511.23169721,,,,0.0,0.0
wheel_odom,,,,,,5511.253302446,0.0,0.0,0.0,,
pose,,,0.0,,,5511.253517575,,,,0.0,0.0
cmd,,,,,,5511.267155876,1.2578861713409424,1.6297740936279297,0.014048559591174126,,
diagnostics,0.0,"[0.0,0.0,0.0,0.0]",,0.0,"[0.0,0.0,0.0,0.0]",5511.269822091,,,,,
pose,,,0.0,,,5511.270239291,,,,0.0,0.0
wheel_odom,,,,,,5511.290092973,0.0,0.0,0.0,,
pose,,,0.0,,,5511.290360922,,,,0.0,0.0
wheel_odom,,,,,,5511.312854679,0.0,0.0,0.0,,
diagnostics,0.0,"[0.0,0.0,0.0,0.0]",,0.0,"[0.0,0.0,0.0,0.0]",5511.313442922,,,,,
pose,,,0.0,,,5511.31387625,,,,0.0,0.0
cmd,,,,,,5511.317133721,1.2903501987457275,1.6548378467559814,0.01438309345394373,,
wheel_odom,,,,,,5511.330230746,0.0,0.0,0.0,,
pose,,,0.0,,,5511.330493438,,,,0.0,0.0
wheel_odom,,,,,,5511.350374587,0.0,0.0,0.0,,
pose,,,0.0,,,5511.350665571,,,,0.0,0.0
cmd,,,,,,5511.36720347,1.3127882480621338,1.6868631839752197,0.014153119176626205,,
diagnostics,0.0,"[0.0,0.0,0.0,0.0]",,0.0,"[0.0,0.0,0.0,0.0]",5511.369933979,,,,,
pose,,,0.0,,,5511.370700777,,,,0.0,0.0
wheel_odom,,,,,,5511.390900229,0.0,0.0,0.0,,
pose,,,0.0,,,5511.39154259,,,,0.0,0.0
wheel_odom,,,,,,5511.410301937,0.0,0.0,0.0,,
diagnostics,0.0,"[0.0,0.0,0.0,0.0]",,0.0,"[0.0,0.0,0.0,0.0]",5511.410573398,,,,,
pose,,,0.0,,,5511.410840841,,,,0.0,0.0
cmd,,,,,,5511.417037909,1.3274760246276855,1.7243692874908447,0.01357959769666195,,
wheel_odom,,,,,,5511.430467494,0.0,0.0,0.0,,
pose,,,0.0,,,5511.4312298,,,,0.0,0.0
wheel_odom,,,,,,5511.45136398,0.0,0.0,0.0,,
pose,,,0.0,,,5511.452052464,,,,0.0,0.0
cmd,,,,,,5511.467426796,1.336909294128418,1.7603260278701782,0.012891152873635292,,
diagnostics,0.0,"[0.0,0.0,0.0,0.0]",,0.0,"[0.0,0.0,0.0,0.0]",5511.47024971,,,,,
pose,,,0.0,,,5511.470951737,,,,0.0,0.0
wheel_odom,,,,,,5511.490228112,0.0,0.0,0.0,,
pose,,,0.0,,,5511.490987309,,,,0.0,0.0
wheel_odom,,,,,,5511.511144735,0.0,0.0,0.0,,
diagnostics,0.0,"[0.0,0.0,0.0,0.0]",,0.0,"[0.0,0.0,0.0,0.0]",5511.511960568,,,,,
pose,,,0.0,,,5511.512347006,,,,0.0,0.0
cmd,,,,,,5511.517256866,1.3462574481964111,1.7932177782058716,0.012458931654691696,,
wheel_odom,,,,,,5511.530841743,0.0,0.0,0.0,,
pose,,,0.0,,,5511.531282272,,,,0.0,0.0
wheel_odom,,,,,,5511.550519031,0.0,0.0,0.0,,
pose,,,0.0,,,5511.550907367,,,,0.0,0.0
cmd,,,,,,5511.567193665,1.356699824333191,1.8223782777786255,0.012326449155807495,,
diagnostics,0.0,"[0.0,0.0,0.0,0.0]",,0.0,"[0.0,0.0,0.0,0.0]",5511.569811406,,,,,
pose,,,0.0,,,5511.570354901,,,,0.0,0.0
wheel_odom,,,,,,5511.590694794,0.0,0.0,0.0,,
pose,,,0.0,,,5511.591031097,,,,0.0,0.0
wheel_odom,,,,,,5511.610327536,0.0,0.0,0.0,,
diagnostics,0.0,"[0.0,0.0,0.0,0.0]",,0.0,"[0.0,0.0,0.0,0.0]",5511.61066886,,,,,
pose,,,0.0,,,5511.610797052,,,,0.0,0.0
cmd,,,,,,5511.617133859,1.3685624599456787,1.846771240234375,0.012454775162041187,,
wheel_odom,,,,,,5511.63022434,0.0,0.0,0.0,,
pose,,,0.0,,,5511.630529936,,,,0.0,0.0
wheel_odom,,,,,,5511.650212727,0.0,0.0,0.0,,
pose,,,0.0,,,5511.650485774,,,,0.0,0.0
cmd,,,,,,5511.667192608,1.3829145431518555,1.8684273958206177,0.012666632421314716,,
diagnostics,0.0,"[0.0,0.0,0.0,0.0]",,0.0,"[0.0,0.0,0.0,0.0]",5511.669921316,,,,,
pose,,,0.0,,,5511.670541674,,,,0.0,0.0
wheel_odom,,,,,,5511.690460271,0.0,0.0,0.0,,
pose,,,0.0,,,5511.690787012,,,,0.0,0.0
wheel_odom,,,,,,5511.711078257,0.0,0.0,0.0,,
diagnostics,0.0,"[0.0,0.0,0.0,0.0]",,0.0,"[0.0,0.0,0.0,0.0]",5511.711935576,,,,,
pose,,,0.0,,,5511.712314914,,,,0.0,0.0
cmd,,,,,,5511.717159749,1.3179145431518555,1.7584273958206176,0.011426080949604511,,
wheel_odom,,,,,,5511.730443492,0.0,0.0,0.0,,
pose,,,0.0,,,5511.730902115,,,,0.0,0.0
wheel_odom,,,,,,5511.750445805,0.0,0.0,0.0,,
pose,,,0.0,,,5511.750871479,,,,0.0,0.0
cmd,,,,,,5511.76739013,1.2529145431518556,1.6484273958206175,0.016332553699612617,,
diagnostics,0.0,"[0.0,0.0,0.0,0.0]",,0.0,"[0.0,0.0,0.0,0.0]",5511.770129947,,,,,
pose,,,0.0,,,5511.77108986,,,,0.0,0.0
wheel_odom,,,,,,5511.791090492,0.0,0.0,0.0,,
pose,,,0.0,,,5511.792270368,,,,0.0,0.0
wheel_odom,,,,,,5511.810580041,0.0,0.0,0.0,,
diagnostics,0.0,"[0.0,0.0,0.0,0.0]",,0.0,"[0.0,0.0,0.0,0.0]",5511.811064794,,,,,
pose,,,0.0,,,5511.811467226,,,,0.0,0.0
cmd,,,,,,5511.817262635,1.1879145431518556,1.5384273958206174,0.023865438997745514,,
wheel_odom,,,,,,5511.830492264,0.0,0.0,0.0,,
pose,,,0.0,,,5511.831018855,,,,0.0,0.0
wheel_odom,,,,,,5511.851598327,0.0,0.0,0.0,,
pose,,,0.0,,,5511.852759951,,,,0.0,0.0
cmd,,,,,,5511.867244383,1.1229145431518557,1.4284273958206173,0.026887113228440285,,
diagnostics,0.0,"[0.0,0.0,0.0,0.0]",,0.0,"[0.0,0.0,0.0,0.0]",5511.869855861,,,,,
pose,,,0.0,,,5511.870421082,,,,0.0,0.0
wheel_odom,,,,,,5511.890365865,0.0,0.0,0.0,,
pose,,,0.0,,,5511.890798478,,,,0.0,0.0
wheel_odom,,,,,,5511.911169806,0.0,0.0,0.0,,
diagnostics,0.0,"[0.0,0.0,0.0,0.0]",,0.0,"[0.0,0.0,0.0,0.0]",5511.911929242,,,,,
pose,,,0.0,,,5511.91265768,,,,0.0,0.0
cmd,,,,,,5511.917207231,1.1373125314712524,1.3320050239562988,0.022912966087460518,,
pose,,,0.0,,,5511.931038634,,,,0.0,0.0
wheel_odom,,,,,,5511.950179092,0.0,0.0,0.0,,
pose,,,0.0,,,5511.950497768,,,,0.0,0.0
cmd,,,,,,5511.967127642,1.1811130046844482,1.442005023956299,0.015452432446181774,,
wheel_odom,,,,,,5511.970422593,0.0,0.0,0.0,,
diagnostics,0.0,"[0.0,0.0,0.0,0.0]",,0.0,"[0.0,0.0,0.0,0.0]",5511.970730791,,,,,
pose,,,0.0,,,5511.970969192,,,,0.0,0.0
wheel_odom,,,,,,5511.990108379,0.0,0.0,0.0,,
pose,,,0.0,,,5511.99035426,,,,0.0,0.0
pose,,,0.0,,,5512.010176352,,,,0.0,0.0
cmd,,,,,,5512.017088626,1.1735135316848755,1.552005023956299,0.007294733542948961,,
wheel_odom,,,,,,5512.030283312,0.0,0.0,0.0,,
diagnostics,0.0,"[0.0,0.0,0.0,0.0]",,0.0,"[0.0,0.0,0.0,0.0]",5512.030620706,,,,,
pose,,,0.0,,,5512.030731772,,,,0.0,0.0
wheel_odom,,,,,,5512.050160265,0.0,0.0,0.0,,
pose,,,0.0,,,5512.050434595,,,,0.0,0.0
cmd,,,,,,5512.067108432,1.1455838680267334,1.6620050239562991,0.00037042470648884773,,
wheel_odom,,,,,,5512.070284682,0.0,0.0,0.0,,
diagnostics,0.0,"[0.0,0.0,0.0,0.0]",,0.0,"[0.0,0.0,0.0,0.0]",5512.070586794,,,,,
pose,,,0.0,,,5512.070868485,,,,0.0,0.0
wheel_odom,,,,,,5512.091043177,0.0,0.0,0.0,,
pose,,,0.0,,,5512.091663513,,,,0.0,0.0
pose,,,0.0,,,5512.111373936,,,,0.0,0.0
cmd,,,,,,5512.117258484,1.134882926940918,1.7300376892089844,-0.0024621456395834684,,
wheel_odom,,,,,,5512.130315823,0.0,0.0,0.0,,
diagnostics,0.0,"[0.0,0.0,0.0,0.0]",,0.0,"[0.0,0.0,0.0,0.0]",5512.130635108,,,,,
pose,,,0.0,,,5512.130844131,,,,0.0,0.0
wheel_odom,,,,,,5512.150569596,0.0,0.0,0.0,,
pose,,,0.0,,,5512.151128434,,,,0.0,0.0
cmd,,,,,,5512.16726677,1.162852168083191,1.726804494857788,-0.0018775789067149162,,
wheel_odom,,,,,,5512.172517873,0.0,0.0,0.0,,
diagnostics,0.0,"[0.0,0.0,0.0,0.0]",,0.0,"[0.0,0.0,0.0,0.0]",5512.173294814,,,,,
pose,,,0.0,,,5512.174142361,,,,0.0,0.0
wheel_odom,,,,,,5512.190631687,0.0,0.0,0.0,,
pose,,,0.0,,,5512.191078617,,,,0.0,0.0
pose,,,0.0,,,5512.210651993,,,,0.0,0.0
cmd,,,,,,5512.21709426,1.1681463718414307,1.6928882598876953,0.001390210003592074,,
wheel_odom,,,,,,5512.230938997,0.0,0.0,0.0,,
diagnostics,0.0,"[0.0,0.0,0.0,0.0]",,0.0,"[0.0,0.0,0.0,0.0]",5512.231440035,,,,,
pose,,,0.0,,,5512.232071221,,,,0.0,0.0
wheel_odom,,,,,,5512.250229462,0.0,0.0,0.0,,
pose,,,0.0,,,5512.250552543,,,,0.0,0.0
cmd,,,,,,5512.267128639,1.1948707103729248,1.6699581146240234,0.005804568994790316,,
wheel_odom,,,,,,5512.270394114,0.0,0.0,0.0,,
diagnostics,0.0,"[0.0,0.0,0.0,0.0]",,0.0,"[0.0,0.0,0.0,0.0]",5512.270693032,,,,,
pose,,,0.0,,,5512.270787277,,,,0.0,0.0
wheel_odom,,,,,,5512.290301023,0.0,0.0,0.0,,
pose,,,0.0,,,5512.290648548,,,,0.0,0.0
pose,,,0.0,,,5512.312776073,,,,0.0,0.0
cmd,,,,,,5512.317271034,1.222758412361145,1.6610491275787354,0.010111087933182716,,
wheel_odom,,,,,,5512.330502299,0.0,0.0,0.0,,
diagnostics,0.0,"[0.0,0.0,0.0,0.0]",,0.0,"[0.0,0.0,0.0,0.0]",5512.330961338,,,,,
pose,,,0.0,,,5512.331159052,,,,0.0,0.0
wheel_odom,,,,,,5512.350299219,0.0,0.0,0.0,,
pose,,,0.0,,,5512.350697545,,,,0.0,0.0
cmd,,,,,,5512.367192509,1.2596355676651,1.6676732301712036,0.013588149100542068,,
wheel_odom,,,,,,5512.370368046,0.0,0.0,0.0,,
diagnostics,0.0,"[0.0,0.0,0.0,0.0]",,0.0,"[0.0,0.0,0.0,0.0]",5512.370777644,,,,,
pose,,,0.0,,,5512.370963874,,,,0.0,0.0
wheel_odom,,,,,,5512.390714107,0.0,0.0,0.0,,
pose,,,0.0,,,5512.39123367,,,,0.0,0.0
pose,,,0.0,,,5512.411266975,,,,0.0,0.0
cmd,,,,,,5512.417290179,1.2984473705291748,1.6855545043945312,0.015810780227184296,,
wheel_odom,,,,,,5512.430489541,0.0,0.0,0.0,,
diagnostics,0.0,"[0.0,0.0,0.0,0.0]",,0.0,"[0.0,0.0,0.0,0.0]",5512.430916998,,,,,
pose,,,0.0,,,5512.431284815,,,,0.0,0.0
wheel_odom,,,,,,5512.450690103,0.0,0.0,0.0,,
pose,,,0.0,,,5512.451562035,,,,0.0,0.0
cmd,,,,,,5512.467435598,1.337213397026062,1.7117650508880615,0.016686154529452324,,
wheel_odom,,,,,,5512.471480293,0.0,0.0,0.0,,
diagnostics,0.0,"[0.0,0.0,0.0,0.0]",,0.0,"[0.0,0.0,0.0,0.0]",5512.472193327,,,,,
pose,,,0.0,,,5512.472861618,,,,0.0,0.0
wheel_odom,,,,,,5512.490824903,0.0,0.0,0.0,,
pose,,,0.0,,,5512.49155779,,,,0.0,0.0
pose,,,0.0,,,5512.510555616,,,,0.0,0.0
cmd,,,,,,5512.517097976,1.3666571378707886,1.746842622756958,0.01685251295566559,,
wheel_odom,,,,,,5512.530303335,0.0,0.0,0.0,,
diagnostics,0.0,"[0.0,0.0,0.0,0.0]",,0.0,"[0.0,0.0,0.0,0.0]",5512.53071598,,,,,
pose,,,0.0,,,5512.530899994,,,,0.0,0.0
wheel_odom,,,,,,5512.550433588,0.0,0.0,0.0,,
pose,,,0.0,,,5512.550943416,,,,0.0,0.0
cmd,,,,,,5512.567151065,1.3851220607757568,1.78725004196167,0.0166035033762455,,
wheel_odom,,,,,,5512.570382583,0.0,0.0,0.0,,
diagnostics,0.0,"[0.0,0.0,0.0,0.0]",,0.0,"[0.0,0.0,0.0,0.0]",5512.5707361,,,,,
pose,,,0.0,,,5512.570820909,,,,0.0,0.0
wheel_odom,,,,,,5512.590822726,0.0,0.0,0.0,,
pose,,,0.0,,,5512.591386708,,,,0.0,0.0
pose,,,0.0,,,5512.613624731,,,,0.0,0.0
cmd,,,,,,5512.617259161,1.400259256362915,1.8277599811553955,0.016249366104602814,,
wheel_odom,,,,,,5512.630261064,0.0,0.0,0.0,,
diagnostics,0.0,"[0.0,0.0,0.0,0.0]",,0.0,"[0.0,0.0,0.0,0.0]",5512.630630953,,,,,
pose,,,0.0,,,5512.630789586,,,,0.0,0.0
wheel_odom,,,,,,5512.650525979,0.0,0.0,0.0,,
pose,,,0.0,,,5512.651150172,,,,0.0,0.0
cmd,,,,,,5512.66724922,1.4133250713348389,1.866644024848938,0.01601610891520977,,
wheel_odom,,,,,,5512.671364894,0.0,0.0,0.0,,
diagnostics,0.0,"[0.0,0.0,0.0,0.0]",,0.0,"[0.0,0.0,0.0,0.0]",5512.671928686,,,,,
pose,,,0.0,,,5512.672502643,,,,0.0,0.0
wheel_odom,,,,,,5512.691258912,0.0,0.0,0.0,,
pose,,,0.0,,,5512.692046851,,,,0.0,0.0
pose,,,0.0,,,5512.710477667,,,,0.0,0.0
cmd,,,,,,5512.717096627,1.427636981010437,1.9013432264328003,0.01602654904127121,,
wheel_odom,,,,,,5512.730402402,0.0,0.0,0.0,,
diagnostics,0.0,"[0.0,0.0,0.0,0.0]",,0.0,"[0.0,0.0,0.0,0.0]",5512.730784457,,,,,
pose,,,0.0,,,5512.730946651,,,,0.0,0.0
wheel_odom,,,,,,5512.750250779,0.0,0.0,0.0,,
pose,,,0.0,,,5512.750685132,,,,0.0,0.0
cmd,,,,,,5512.767126123,1.443838119506836,1.93241286277771,0.016196873039007187,,
wheel_odom,,,,,,5512.770651369,0.0,0.0,0.0,,
diagnostics,0.0,"[0.0,0.0,0.0,0.0]",,0.0,"[0.0,0.0,0.0,0.0]",5512.77102655,,,,,
pose,,,0.0,,,5512.771367624,,,,0.0,0.0
wheel_odom,,,,,,5512.790342825,0.0,0.0,0.0,,
pose,,,0.0,,,5512.790756254,,,,0.0,0.0
pose,,,0.0,,,5512.810442639,,,,0.0,0.0
cmd,,,,,,5512.817053471,1.4598053693771362,1.9579041004180908,0.016343573108315468,,
wheel_odom,,,,,,5512.830343526,0.0,0.0,0.0,,
diagnostics,0.0,"[0.0,0.0,0.0,0.0]",,0.0,"[0.0,0.0,0.0,0.0]",5512.830747656,,,,,
pose,,,0.0,,,5512.831099777,,,,0.0,0.0
wheel_odom,,,,,,5512.850252637,0.0,0.0,0.0,,
pose,,,0.0,,,5512.850678788,,,,0.0,0.0
cmd,,,,,,5512.867287193,1.4621425867080688,1.9667534828186035,0.014800126664340496,,
wheel_odom,,,,,,5512.870864917,0.0,0.0,0.0,,
diagnostics,0.0,"[0.0,0.0,0.0,0.0]",,0.0,"[0.0,0.0,0.0,0.0]",5512.871380755,,,,,
pose,,,0.0,,,5512.871618365,,,,0.0,0.0
wheel_odom,,,,,,5512.890985607,0.0,0.0,0.0,,
pose,,,0.0,,,5512.891817202,,,,0.0,0.0
pose,,,0.0,,,5512.912212437,,,,0.0,0.0
cmd,,,,,,5512.917287349,1.397142586708069,1.8567534828186034,0.012923350557684898,,
diagnostics,0.0,"[0.0,0.0,0.0,0.0]",,0.0,"[0.0,0.0,0.0,0.0]",5512.931409345,,,,,
wheel_odom,,,,,,5512.931967762,0.0,0.0,0.0,,
pose,,,0.0,,,5512.932676036,,,,0.0,0.0
wheel_odom,,,,,,5512.950700237,0.0,0.0,0.0,,
pose,,,0.0,,,5512.951275704,,,,0.0,0.0
cmd,,,,,,5512.967192478,1.332142586708069,1.7467534828186033,0.016780240461230278,,
wheel_odom,,,,,,5512.970557816,0.0,0.0,0.0,,
diagnostics,0.0,"[0.0,0.0,0.0,0.0]",,0.0,"[0.0,0.0,0.0,0.0]",5512.970954209,,,,,
pose,,,0.0,,,5512.971134212,,,,0.0,0.0
wheel_odom,,,,,,5512.990453029,0.0,0.0,0.0,,
pose,,,0.0,,,5512.991040398,,,,0.0,0.0
pose,,,0.0,,,5513.010462815,,,,0.0,0.0
cmd,,,,,,5513.017118346,1.267142586708069,1.6367534828186032,0.02462971769273281,,
wheel_odom,,,,,,5513.03019639,0.0,0.0,0.0,,
diagnostics,0.0,"[0.0,0.0,0.0,0.0]",,0.0,"[0.0,0.0,0.0,0.0]",5513.030683807,,,,,
pose,,,0.0,,,5513.030880978,,,,0.0,0.0
wheel_odom,,,,,,5513.051102203,0.0,0.0,0.0,,
pose,,,0.0,,,5513.051931558,,,,0.0,0.0
cmd,,,,,,5513.067214133,1.202142586708069,1.5267534828186031,0.02823639288544655,,
wheel_odom,,,,,,5513.070516773,0.0,0.0,0.0,,
diagnostics,0.0,"[0.0,0.0,0.0,0.0]",,0.0,"[0.0,0.0,0.0,0.0]",5513.070869314,,,,,
pose,,,0.0,,,5513.071015781,,,,0.0,0.0
wheel_odom,,,,,,5513.090270145,0.0,0.0,0.0,,
pose,,,0.0,,,5513.090697206,,,,0.0,0.0
pose,,,0.0,,,5513.111947035,,,,0.0,0.0
cmd,,,,,,5513.117251995,1.1371425867080691,1.416753482818603,0.025135261937975883,,
wheel_odom,,,,,,5513.130442363,0.0,0.0,0.0,,
diagnostics,0.0,"[0.0,0.0,0.0,0.0]",,0.0,"[0.0,0.0,0.0,0.0]",5513.13073235,,,,,
pose,,,0.0,,,5513.130921288,,,,0.0,0.0
wheel_odom,,,,,,5513.150154026,0.0,0.0,0.0,,
pose,,,0.0,,,5513.15070787,,,,0.0,0.0
cmd,,,,,,5513.167164882,1.172717571258545,1.4938061237335205,0.017251186072826385,,
wheel_odom,,,,,,5513.171158337,0.0,0.0,0.0,,
diagnostics,0.0,"[0.0,0.0,0.0,0.0]",,0.0,"[0.0,0.0,0.0,0.0]",5513.171614906,,,,,
pose,,,0.0,,,5513.172168644,,,,0.0,0.0
wheel_odom,,,,,,5513.193414617,0.0,0.0,0.0,,
pose,,,0.0,,,5513.19424652,,,,0.0,0.0
pose,,,0.0,,,5513.210791993,,,,0.0,0.0
cmd,,,,,,5513.217186644,1.1801046133041382,1.6038061237335206,0.007800501771271229,,
wheel_odom,,,,,,5513.230331413,0.0,0.0,0.0,,
diagnostics,0.0,"[0.0,0.0,0.0,0.0]",,0.0,"[0.0,0.0,0.0,0.0]",5513.230587366,,,,,
pose,,,0.0,,,5513.230917771,,,,0.0,0.0
wheel_odom,,,,,,5513.251075921,0.0,0.0,0.0,,
pose,,,0.0,,,5513.25242691,,,,0.0,0.0
cmd,,,,,,5513.267267264,1.1631262302398682,1.7138061237335207,-0.0006643047090619802,,
wheel_odom,,,,,,5513.270691073,0.0,0.0,0.0,,
diagnostics,0.0,"[0.0,0.0,0.0,0.0]",,0.0,"[0.0,0.0,0.0,0.0]",5513.271118694,,,,,
pose,,,0.0,,,5513.271522228,,,,0.0,0.0
wheel_odom,,,,,,5513.29036234,0.0,0.0,0.0,,
pose,,,0.0,,,5513.290768346,,,,0.0,0.0
wheel_odom,,,,,,5513.310642866,0.0,0.0,0.0,,
pose,,,0.0,,,5513.311228618,,,,0.0,0.0
cmd,,,,,,5513.317249119,1.153124213218689,1.746191143989563,-0.005654964130371809,,
diagnostics,0.0,"[0.0,0.0,0.0,0.0]",,0.0,"[0.0,0.0,0.0,0.0]",5513.330751891,,,,,
pose,,,0.0,,,5513.331770461,,,,0.0,0.0
wheel_odom,,,,,,5513.350292524,0.0,0.0,0.0,,
pose,,,0.0,,,5513.350714579,,,,0.0,0.0
cmd,,,,,,5513.367100116,1.1787430047988892,1.7401809692382812,-0.0065857646986842155,,
wheel_odom,,,,,,5513.370594118,0.0,0.0,0.0,,
diagnostics,0.0,"[0.0,0.0,0.0,0.0]",,0.0,"[0.0,0.0,0.0,0.0]",5513.370799605,,,,,
pose,,,0.0,,,5513.371124861,,,,0.0,0.0
wheel_odom,,,,,,5513.391295119,0.0,0.0,0.0,,
pose,,,0.0,,,5513.392182597,,,,0.0,0.0
wheel_odom,,,,,,5513.410474206,0.0,0.0,0.0,,
pose,,,0.0,,,5513.410889105,,,,0.0,0.0
cmd,,,,,,5513.417143551,1.1998887062072754,1.7007406949996948,-0.003696093335747719,,
diagnostics,0.0,"[0.0,0.0,0.0,0.0]",,0.0,"[0.0,0.0,0.0,0.0]",5513.43016934,,,,,
pose,,,0.0,,,5513.430732334,,,,0.0,0.0
wheel_odom,,,,,,5513.450847699,0.0,0.0,0.0,,
pose,,,0.0,,,5513.451575385,,,,0.0,0.0
cmd,,,,,,5513.467520457,1.2349183559417725,1.6675204038619995,0.0012704747496172786,,
wheel_odom,,,,,,5513.471498416,0.0,0.0,0.0,,
diagnostics,0.0,"[0.0,0.0,0.0,0.0]",,0.0,"[0.0,0.0,0.0,0.0]",5513.472179842,,,,,
pose,,,0.0,,,5513.472951108,,,,0.0,0.0
wheel_odom,,,,,,5513.490264476,0.0,0.0,0.0,,
pose,,,0.0,,,5513.490669377,,,,0.0,0.0
wheel_odom,,,,,,5513.510910719,0.0,0.0,0.0,,
pose,,,0.0,,,5513.511543144,,,,0.0,0.0
cmd,,,,,,5513.51736718,1.2604453563690186,1.6497900485992432,0.006961597129702568,,
diagnostics,0.0,"[0.0,0.0,0.0,0.0]",,0.0,"[0.0,0.0,0.0,0.0]",5513.530137803,,,,,
pose,,,0.0,,,5513.530596082,,,,0.0,0.0
wheel_odom,,,,,,5513.550583009,0.0,0.0,0.0,,
pose,,,0.0,,,5513.551143094,,,,0.0,0.0
cmd,,,,,,5513.567380718,1.3069955110549927,1.6531147956848145,0.011741201393306255,,
wheel_odom,,,,,,5513.571142658,0.0,0.0,0.0,,
diagnostics,0.0,"[0.0,0.0,0.0,0.0]",,0.0,"[0.0,0.0,0.0,0.0]",5513.571729195,,,,,
pose,,,0.0,,,5513.572244797,,,,0.0,0.0
wheel_odom,,,,,,5513.590670997,0.0,0.0,0.0,,
pose,,,0.0,,,5513.591100126,,,,0.0,0.0
pose,,,0.0,,,5513.610291431,,,,0.0,0.0
cmd,,,,,,5513.61724279,1.345990538597107,1.6705036163330078,0.014813782647252083,,
wheel_odom,,,,,,5513.630829077,0.0,0.0,0.0,,
pose,,,0.0,,,5513.631496556,,,,0.0,0.0
diagnostics,0.0,"[0.0,0.0,0.0,0.0]",,0.0,"[0.0,0.0,0.0,0.0]",5513.650815941,,,,,
pose,,,0.0,,,5513.65159244,,,,0.0,0.0
cmd,,,,,,5513.667198246,1.455990538597107,1.6059664487838745,0.013866459019482136,,
wheel_odom,,,,,,5513.670195638,0.0,0.0,0.0,,
pose,,,0.0,,,5513.670674862,,,,0.0,0.0
wheel_odom,,,,,,5513.690279137,0.0,0.0,0.0,,
diagnostics,0.0,"[0.0,0.0,0.0,0.0]",,0.0,"[0.0,0.0,0.0,0.0]",5513.69055941,,,,,
pose,,,0.0,,,5513.690663231,,,,0.0,0.0
wheel_odom,,,,,,5513.710369998,0.0,0.0,0.0,,
pose,,,0.0,,,5513.711043328,,,,0.0,0.0
cmd,,,,,,5513.717140158,1.5659905385971071,1.637772798538208,0.014228005893528461,,
wheel_odom,,,,,,5513.730364796,0.0,0.0,0.0,,
pose,,,0.0,,,5513.730759264,,,,0.0,0.0
diagnostics,0.0,"[0.0,0.0,0.0,0.0]",,0.0,"[0.0,0.0,0.0,0.0]",5513.750641194,,,,,
pose,,,0.0,,,5513.751438504,,,,0.0,0.0
cmd,,,,,,5513.767466918,1.5009905385971072,1.527772798538208,0.0,,
wheel_odom,,,,,,5513.770790474,0.0,0.0,0.0,,
pose,,,0.0,,,5513.771693253,,,,0.0,0.0
wheel_odom,,,,,,5513.790538834,0.0,0.0,0.0,,
diagnostics,0.0,"[0.0,0.0,0.0,0.0]",,0.0,"[0.0,0.0,0.0,0.0]",5513.790834015,,,,,
pose,,,0.0,,,5513.790928222,,,,0.0,0.0
wheel_odom,,,,,,5513.810692041,0.0,0.0,0.0,,
pose,,,0.0,,,5513.811639034,,,,0.0,0.0
cmd,,,,,,5513.817237142,1.4359905385971072,1.4177727985382078,-0.012103951536118984,,
wheel_odom,,,,,,5513.831340452,0.0,0.0,0.0,,
pose,,,0.0,,,5513.831956461,,,,0.0,0.0
diagnostics,0.0,"[0.0,0.0,0.0,0.0]",,0.0,"[0.0,0.0,0.0,0.0]",5513.850627396,,,,,
pose,,,0.0,,,5513.851681681,,,,0.0,0.0
cmd,,,,,,5513.867261821,1.3709905385971073,1.3077727985382077,-0.00994014646857977,,
wheel_odom,,,,,,5513.870432727,0.0,0.0,0.0,,
pose,,,0.0,,,5513.870984997,,,,0.0,0.0
wheel_odom,,,,,,5513.890665266,0.0,0.0,0.0,,
diagnostics,0.0,"[0.0,0.0,0.0,0.0]",,0.0,"[0.0,0.0,0.0,0.0]",5513.891106284,,,,,
pose,,,0.0,,,5513.891285868,,,,0.0,0.0
wheel_odom,,,,,,5513.910449214,0.0,0.0,0.0,,
pose,,,0.0,,,5513.910869856,,,,0.0,0.0
cmd,,,,,,5513.917116929,1.3059905385971073,1.1977727985382076,-0.00397633109241724,,
wheel_odom,,,,,,5513.930275538,0.0,0.0,0.0,,
pose,,,0.0,,,5513.930656964,,,,0.0,0.0
diagnostics,0.0,"[0.0,0.0,0.0,0.0]",,0.0,"[0.0,0.0,0.0,0.0]",5513.950094508,,,,,
pose,,,0.0,,,5513.950539389,,,,0.0,0.0
cmd,,,,,,5513.967190461,1.2409905385971074,1.0877727985382075,0.0025880616158246994,,
wheel_odom,,,,,,5513.970112247,0.0,0.0,0.0,,
pose,,,0.0,,,5513.970512274,,,,0.0,0.0
wheel_odom,,,,,,5513.99063325,0.0,0.0,0.0,,
diagnostics,0.0,"[0.0,0.0,0.0,0.0]",,0.0,"[0.0,0.0,0.0,0.0]",5513.991077507,,,,,
pose,,,0.0,,,5513.991245452,,,,0.0,0.0
wheel_odom,,,,,,5514.01024162,0.0,0.0,0.0,,
pose,,,0.0,,,5514.01062473,,,,0.0,0.0
cmd,,,,,,5514.016990056,1.1759905385971074,0.9777727985382075,0.0038138674572110176,,
wheel_odom,,,,,,5514.030483792,0.0,0.0,0.0,,
pose,,,0.0,,,5514.030890255,,,,0.0,0.0
diagnostics,0.0,"[0.0,0.0,0.0,0.0]",,0.0,"[0.0,0.0,0.0,0.0]",5514.050079707,,,,,
pose,,,0.0,,,5514.050714549,,,,0.0,0.0
cmd,,,,,,5514.067235002,1.1109905385971075,0.8677727985382075,-0.0011244919151067734,,
wheel_odom,,,,,,5514.070176073,0.0,0.0,0.0,,
pose,,,0.0,,,5514.070563011,,,,0.0,0.0
wheel_odom,,,,,,5514.09094023,0.0,0.0,0.0,,
diagnostics,0.0,"[0.0,0.0,0.0,0.0]",,0.0,"[0.0,0.0,0.0,0.0]",5514.091383133,,,,,
pose,,,0.0,,,5514.091560109,,,,0.0,0.0
wheel_odom,,,,,,5514.110485121,0.0,0.0,0.0,,
pose,,,0.0,,,5514.110926647,,,,0.0,0.0
cmd,,,,,,5514.117120688,1.0459905385971076,0.7577727985382076,-0.0004258514381945133,,
wheel_odom,,,,,,5514.13045891,0.0,0.0,0.0,,
pose,,,0.0,,,5514.130854729,,,,0.0,0.0
diagnostics,0.0,"[0.0,0.0,0.0,0.0]",,0.0,"[0.0,0.0,0.0,0.0]",5514.150251956,,,,,
pose,,,0.0,,,5514.150705989,,,,0.0,0.0
cmd,,,,,,5514.167321191,0.9809905385971076,0.6477727985382076,-0.0026825075037777424,,
wheel_odom,,,,,,5514.170296512,0.0,0.0,0.0,,
pose,,,0.0,,,5514.170822635,,,,0.0,0.0
wheel_odom,,,,,,5514.190622912,0.0,0.0,0.0,,
diagnostics,0.0,"[0.0,0.0,0.0,0.0]",,0.0,"[0.0,0.0,0.0,0.0]",5514.190946522,,,,,
pose,,,0.0,,,5514.191266623,,,,0.0,0.0
wheel_odom,,,,,,5514.21052548,0.0,0.0,0.0,,
pose,,,0.0,,,5514.211010331,,,,0.0,0.0
cmd,,,,,,5514.217119923,0.9159905385971077,0.5377727985382076,-0.003775245975703001,,
wheel_odom,,,,,,5514.230501805,0.0,0.0,0.0,,
pose,,,0.0,,,5514.230895543,,,,0.0,0.0
diagnostics,0.0,"[0.0,0.0,0.0,0.0]",,0.0,"[0.0,0.0,0.0,0.0]",5514.250496349,,,,,
pose,,,0.0,,,5514.251150312,,,,0.0,0.0
cmd,,,,,,5514.267214489,0.8509905385971077,0.4277727985382076,0.00040867814095690846,,
wheel_odom,,,,,,5514.270431096,0.0,0.0,0.0,,
pose,,,0.0,,,5514.271234238,,,,0.0,0.0
wheel_odom,,,,,,5514.291423596,0.0,0.0,0.0,,
diagnostics,0.0,"[0.0,0.0,0.0,0.0]",,0.0,"[0.0,0.0,0.0,0.0]",5514.292020074,,,,,
pose,,,0.0,,,5514.292331649,,,,0.0,0.0
wheel_odom,,,,,,5514.310358768,0.0,0.0,0.0,,
pose,,,0.0,,,5514.31098244,,,,0.0,0.0
cmd,,,,,,5514.317078139,0.7859905385971078,0.3177727985382076,-0.004549871198832989,,
wheel_odom,,,,,,5514.330363931,0.0,0.0,0.0,,
pose,,,0.0,,,5514.330677695,,,,0.0,0.0
diagnostics,0.0,"[0.0,0.0,0.0,0.0]",,0.0,"[0.0,0.0,0.0,0.0]",5514.350761573,,,,,
pose,,,0.0,,,5514.351590705,,,,0.0,0.0
cmd,,,,,,5514.367275011,0.7209905385971078,0.2077727985382076,-0.0034694664645940065,,
wheel_odom,,,,,,5514.370260121,0.0,0.0,0.0,,
pose,,,0.0,,,5514.370794342,,,,0.0,0.0
wheel_odom,,,,,,5514.390603937,0.0,0.0,0.0,,
diagnostics,0.0,"[0.0,0.0,0.0,0.0]",,0.0,"[0.0,0.0,0.0,0.0]",5514.390938875,,,,,
pose,,,0.0,,,5514.391419724,,,,0.0,0.0
wheel_odom,,,,,,5514.410893003,0.0,0.0,0.0,,
pose,,,0.0,,,5514.411546296,,,,0.0,0.0
cmd,,,,,,5514.417269126,0.6559905385971079,0.09777279853820758,-0.0017107983585447073,,
wheel_odom,,,,,,5514.431244449,0.0,0.0,0.0,,
pose,,,0.0,,,5514.432086068,,,,0.0,0.0
diagnostics,0.0,"[0.0,0.0,0.0,0.0]",,0.0,"[0.0,0.0,0.0,0.0]",5514.451356706,,,,,
pose,,,0.0,,,5514.452153634,,,,0.0,0.0
cmd,,,,,,5514.467188538,0.5909905385971079,-0.01222720146179243,-0.0041269869543612,,
wheel_odom,,,,,,5514.470150347,0.0,0.0,0.0,,
pose,,,0.0,,,5514.470503688,,,,0.0,0.0
wheel_odom,,,,,,5514.490502262,0.0,0.0,0.0,,
diagnostics,0.0,"[0.0,0.0,0.0,0.0]",,0.0,"[0.0,0.0,0.0,0.0]",5514.49090873,,,,,
pose,,,0.0,,,5514.491094681,,,,0.0,0.0
wheel_odom,,,,,,5514.512989878,0.0,0.0,0.0,,
pose,,,0.0,,,5514.513759594,,,,0.0,0.0
cmd,,,,,,5514.517185479,0.525990538597108,-0.12222720146179245,-0.006721350364387035,,
wheel_odom,,,,,,5514.530465596,0.0,0.0,0.0,,
pose,,,0.0,,,5514.530872529,,,,0.0,0.0
diagnostics,0.0,"[0.0,0.0,0.0,0.0]",,0.0,"[0.0,0.0,0.0,0.0]",5514.550017054,,,,,
pose,,,0.0,,,5514.550403891,,,,0.0,0.0
cmd,,,,,,5514.567428764,0.4903143644332886,-0.23222720146179246,0.002419769763946533,,
wheel_odom,,,,,,5514.57072523,0.0,0.0,0.0,,
pose,,,0.0,,,5514.571537333,,,,0.0,0.0
wheel_odom,,,,,,5514.59167025,0.0,0.0,0.0,,
diagnostics,0.0,"[0.0,0.0,0.0,0.0]",,0.0,"[0.0,0.0,0.0,0.0]",5514.592276663,,,,,
pose,,,0.0,,,5514.592934294,,,,0.0,0.0
wheel_odom,,,,,,5514.610320093,0.0,0.0,0.0,,
pose,,,0.0,,,5514.610911922,,,,0.0,0.0
cmd,,,,,,5514.617304574,0.6003143644332886,-0.3422272014617925,0.00649598054587841,,
wheel_odom,,,,,,5514.630395084,0.0,0.0,0.0,,
pose,,,0.0,,,5514.631338719,,,,0.0,0.0
diagnostics,0.0,"[0.0,0.0,0.0,0.0]",,0.0,"[0.0,0.0,0.0,0.0]",5514.650339471,,,,,
pose,,,0.0,,,5514.651335476,,,,0.0,0.0
cmd,,,,,,5514.667168369,0.7103143644332885,-0.4522272014617925,0.010280805639922619,,
wheel_odom,,,,,,5514.670169148,0.0,0.0,0.0,,
pose,,,0.0,,,5514.670831727,,,,0.0,0.0
wheel_odom,,,,,,5514.691407218,0.0,0.0,0.0,,
diagnostics,0.0,"[0.0,0.0,0.0,0.0]",,0.0,"[0.0,0.0,0.0,0.0]",5514.692090537,,,,,
pose,,,0.0,,,5514.692387122,,,,0.0,0.0
wheel_odom,,,,,,5514.711036592,0.0,0.0,0.0,,
pose,,,0.0,,,5514.712060515,,,,0.0,0.0
cmd,,,,,,5514.717210389,0.6453143644332886,-0.34222720146179253,0.0,,
wheel_odom,,,,,,5514.730912035,0.0,0.0,0.0,,
diagnostics,0.0,"[0.0,0.0,0.0,0.0]",,0.0,"[0.0,0.0,0.0,0.0]",5514.731423006,,,,,
pose,,,0.0,,,5514.731841876,,,,0.0,0.0
wheel_odom,,,,,,5514.750513731,0.0,0.0,0.0,,
pose,,,0.0,,,5514.750932765,,,,0.0,0.0
cmd,,,,,,5514.767174523,0.5803143644332887,-0.23222720146179252,0.0,,
pose,,,0.0,,,5514.770569462,,,,0.0,0.0
wheel_odom,,,,,,5514.791510308,0.0,0.0,0.0,,
diagnostics,0.0,"[0.0,0.0,0.0,0.0]",,0.0,"[0.0,0.0,0.0,0.0]",5514.792172776,,,,,
pose,,,0.0,,,5514.792766041,,,,0.0,0.0
wheel_odom,,,,,,5514.810489362,0.0,0.0,0.0,,
pose,,,0.0,,,5514.810898122,,,,0.0,0.0
cmd,,,,,,5514.817051668,0.5153143644332887,-0.1222272014617925,0.0,,
wheel_odom,,,,,,5514.830210593,0.0,0.0,0.0,,
diagnostics,0.0,"[0.0,0.0,0.0,0.0]",,0.0,"[0.0,0.0,0.0,0.0]",5514.830450213,,,,,
pose,,,0.0,,,5514.830902796,,,,0.0,0.0
wheel_odom,,,,,,5514.850960832,0.0,0.0,0.0,,
pose,,,0.0,,,5514.851590407,,,,0.0,0.0
cmd,,,,,,5514.867252507,0.4503143644332887,-0.012227201461792486,0.0,,
pose,,,0.0,,,5514.870752269,,,,0.0,0.0
wheel_odom,,,,,,5514.890830818,0.0,0.0,0.0,,
diagnostics,0.0,"[0.0,0.0,0.0,0.0]",,0.0,"[0.0,0.0,0.0,0.0]",5514.891278561,,,,,
pose,,,0.0,,,5514.891452989,,,,0.0,0.0
wheel_odom,,,,,,5514.910453439,0.0,0.0,0.0,,
pose,,,0.0,,,5514.910843054,,,,0.0,0.0
cmd,,,,,,5514.917154338,0.3853143644332887,0.0,0.0,,
wheel_odom,,,,,,5514.930380235,0.0,0.0,0.0,,
diagnostics,0.0,"[0.0,0.0,0.0,0.0]",,0.0,"[0.0,0.0,0.0,0.0]",5514.930811433,,,,,
pose,,,0.0,,,5514.931185439,,,,0.0,0.0
pose,,,0.0,,,5514.950171271,,,,0.0,0.0
cmd,,,,,,5514.967173312,0.3203143644332887,0.0,0.0,,
wheel_odom,,,,,,5514.971286444,0.0,0.0,0.0,,
pose,,,0.0,,,5514.972205413,,,,0.0,0.0
pose,,,0.0,,,5514.990521177,,,,0.0,0.0
wheel_odom,,,,,,5515.010795674,0.0,0.0,0.0,,
diagnostics,0.0,"[0.0,0.0,0.0,0.0]",,0.0,"[0.0,0.0,0.0,0.0]",5515.011237226,,,,,
pose,,,0.0,,,5515.011476291,,,,0.0,0.0
cmd,,,,,,5515.017150231,0.2553143644332887,0.05377219244837761,0.01631305180490017,,
wheel_odom,,,,,,5515.031904787,0.0,0.0,0.0,,
pose,,,0.0,,,5515.032856036,,,,0.0,0.0
wheel_odom,,,,,,5515.050689334,0.0,0.0,0.0,,
diagnostics,0.0,"[0.0,0.0,0.0,0.0]",,0.0,"[0.0,0.0,0.0,0.0]",5515.051244346,,,,,
pose,,,0.0,,,5515.051459637,,,,0.0,0.0
cmd,,,,,,5515.067150539,0.1903143644332887,0.0,0.0,,
wheel_odom,,,,,,5515.07052794,0.0,0.0,0.0,,
pose,,,0.0,,,5515.071143864,,,,0.0,0.0
wheel_odom,,,,,,5515.091815905,0.0,0.0,0.0,,
pose,,,0.0,,,5515.092506111,,,,0.0,0.0
diagnostics,0.0,"[0.0,0.0,0.0,0.0]",,0.0,"[0.0,0.0,0.0,0.0]",5515.110290257,,,,,
pose,,,0.0,,,5515.110792363,,,,0.0,0.0
cmd,,,,,,5515.117159052,0.1253143644332887,0.0,0.0,,
wheel_odom,,,,,,5515.130285898,0.0,0.0,0.0,,
pose,,,0.0,,,5515.130690784,,,,0.0,0.0
wheel_odom,,,,,,5515.151064218,0.0,0.0,0.0,,
diagnostics,0.0,"[0.0,0.0,0.0,0.0]",,0.0,"[0.0,0.0,0.0,0.0]",5515.151793828,,,,,
pose,,,0.0,,,5515.152471681,,,,0.0,0.0
cmd,,,,,,5515.167337687,0.06031436443328869,0.0,0.0,,
wheel_odom,,,,,,5515.170851777,0.0,0.0,0.0,,
pose,,,0.0,,,5515.171499274,,,,0.0,0.0
wheel_odom,,,,,,5515.191273138,0.0,0.0,0.0,,
pose,,,0.0,,,5515.191746964,,,,0.0,0.0
diagnostics,0.0,"[0.0,0.0,0.0,0.0]",,0.0,"[0.0,0.0,0.0,0.0]",5515.210324689,,,,,
pose,,,0.0,,,5515.210710768,,,,0.0,0.0
cmd,,,,,,5515.217318938,0.0,0.0,0.0,,
wheel_odom,,,,,,5515.230752447,0.0,0.0,0.0,,
pose,,,0.0,,,5515.231416274,,,,0.0,0.0
wheel_odom,,,,,,5515.250266647,0.0,0.0,0.0,,
diagnostics,0.0,"[0.0,0.0,0.0,0.0]",,0.0,"[0.0,0.0,0.0,0.0]",5515.250642722,,,,,
pose,,,0.0,,,5515.25079673,,,,0.0,0.0
cmd,,,,,,5515.267318455,0.0,0.0,0.0,,
wheel_odom,,,,,,5515.270991309,0.0,0.0,0.0,,
pose,,,0.0,,,5515.271640914,,,,0.0,0.0
wheel_odom,,,,,,5515.290750335,0.0,0.0,0.0,,
pose,,,0.0,,,5515.291174174,,,,0.0,0.0
diagnostics,0.0,"[0.0,0.0,0.0,0.0]",,0.0,"[0.0,0.0,0.0,0.0]",5515.310097707,,,,,
pose,,,0.0,,,5515.310390382,,,,0.0,0.0
cmd,,,,,,5515.317084136,0.0,0.0,0.0,,
wheel_odom,,,,,,5515.330232524,0.0,0.0,0.0,,
pose,,,0.0,,,5515.330574201,,,,0.0,0.0
wheel_odom,,,,,,5515.351042873,0.0,0.0,0.0,,
diagnostics,0.0,"[0.0,0.0,0.0,0.0]",,0.0,"[0.0,0.0,0.0,0.0]",5515.351842025,,,,,
pose,,,0.0,,,5515.352623586,,,,0.0,0.0
cmd,,,,,,5515.367268955,0.0,0.0,0.0,,
wheel_odom,,,,,,5515.370155863,0.0,0.0,0.0,,
pose,,,0.0,,,5515.37049579,,,,0.0,0.0
wheel_odom,,,,,,5515.390550538,0.0,0.0,0.0,,
pose,,,0.0,,,5515.390895856,,,,0.0,0.0
diagnostics,0.0,"[0.0,0.0,0.0,0.0]",,0.0,"[0.0,0.0,0.0,0.0]",5515.410115291,,,,,
pose,,,0.0,,,5515.410493917,,,,0.0,0.0
cmd,,,,,,5515.417131607,0.0,0.0,0.0,,
wheel_odom,,,,,,5515.430197629,0.0,0.0,0.0,,
pose,,,0.0,,,5515.430495063,,,,0.0,0.0
wheel_odom,,,,,,5515.450079957,0.0,0.0,0.0,,
diagnostics,0.0,"[0.0,0.0,0.0,0.0]",,0.0,"[0.0,0.0,0.0,0.0]",5515.450406706,,,,,
pose,,,0.0,,,5515.450523783,,,,0.0,0.0
cmd,,,,,,5515.467293895,0.0,0.0,0.0,,
wheel_odom,,,,,,5515.470088531,0.0,0.0,0.0,,
pose,,,0.0,,,5515.470425801,,,,0.0,0.0
wheel_odom,,,,,,5515.490344988,0.0,0.0,0.0,,
pose,,,0.0,,,5515.490728459,,,,0.0,0.0
diagnostics,0.0,"[0.0,0.0,0.0,0.0]",,0.0,"[0.0,0.0,0.0,0.0]",5515.510009697,,,,,
pose,,,0.0,,,5515.510297759,,,,0.0,0.0
cmd,,,,,,5515.51710307,0.0,0.0,0.0,,
wheel_odom,,,,,,5515.53021469,0.0,0.0,0.0,,
pose,,,0.0,,,5515.530588049,,,,0.0,0.0
wheel_odom,,,,,,5515.550988366,0.0,0.0,0.0,,
diagnostics,0.0,"[0.0,0.0,0.0,0.0]",,0.0,"[0.0,0.0,0.0,0.0]",5515.551641312,,,,,
pose,,,0.0,,,5515.552121392,,,,0.0,0.0
cmd,,,,,,5515.567279882,0.0,0.0,0.0,,
wheel_odom,,,,,,5515.570875824,0.0,0.0,0.0,,
pose,,,0.0,,,5515.571501085,,,,0.0,0.0
wheel_odom,,,,,,5515.591118968,0.0,0.0,0.0,,
pose,,,0.0,,,5515.591581225,,,,0.0,0.0
diagnostics,0.0,"[0.0,0.0,0.0,0.0]",,0.0,"[0.0,0.0,0.0,0.0]",5515.61015954,,,,,
pose,,,0.0,,,5515.610613246,,,,0.0,0.0
cmd,,,,,,5515.617274014,0.0,0.0,0.0,,
wheel_odom,,,,,,5515.63062261,0.0,0.0,0.0,,
pose,,,0.0,,,5515.631238233,,,,0.0,0.0
wheel_odom,,,,,,5515.650819908,0.0,0.0,0.0,,
diagnostics,0.0,"[0.0,0.0,0.0,0.0]",,0.0,"[0.0,0.0,0.0,0.0]",5515.65151182,,,,,
pose,,,0.0,,,5515.651779982,,,,0.0,0.0
cmd,,,,,,5515.667165679,0.0,0.0,0.0,,
wheel_odom,,,,,,5515.672068109,0.0,0.0,0.0,,
pose,,,0.0,,,5515.672759788,,,,0.0,0.0
wheel_odom,,,,,,5515.690462077,0.0,0.0,0.0,,
pose,,,0.0,,,5515.690844419,,,,0.0,0.0
diagnostics,0.0,"[0.0,0.0,0.0,0.0]",,0.0,"[0.0,0.0,0.0,0.0]",5515.709933845,,,,,
pose,,,0.0,,,5515.710309494,,,,0.0,0.0
cmd,,,,,,5515.717152264,0.0,0.0,0.0,,
wheel_odom,,,,,,5515.731140909,0.0,0.0,0.0,,
pose,,,0.0,,,5515.731981763,,,,0.0,0.0
wheel_odom,,,,,,5515.750114256,0.0,0.0,0.0,,
diagnostics,0.0,"[0.0,0.0,0.0,0.0]",,0.0,"[0.0,0.0,0.0,0.0]",5515.750386267,,,,,
pose,,,0.0,,,5515.750479398,,,,0.0,0.0
cmd,,,,,,5515.767277875,0.0,0.0,0.0,,
wheel_odom,,,,,,5515.770206425,0.0,0.0,0.0,,
pose,,,0.0,,,5515.770579035,,,,0.0,0.0
wheel_odom,,,,,,5515.791214824,0.0,0.0,0.0,,
pose,,,0.0,,,5515.791990025,,,,0.0,0.0
diagnostics,0.0,"[0.0,0.0,0.0,0.0]",,0.0,"[0.0,0.0,0.0,0.0]",5515.810110083,,,,,
pose,,,0.0,,,5515.810606443,,,,0.0,0.0
cmd,,,,,,5515.817105509,0.0,0.0,0.0,,
wheel_odom,,,,,,5515.830233319,0.0,0.0,0.0,,
pose,,,0.0,,,5515.830610253,,,,0.0,0.0
wheel_odom,,,,,,5515.85035786,0.0,0.0,0.0,,
diagnostics,0.0,"[0.0,0.0,0.0,0.0]",,0.0,"[0.0,0.0,0.0,0.0]",5515.850718662,,,,,
pose,,,0.0,,,5515.850834715,,,,0.0,0.0
cmd,,,,,,5515.867100991,0.0,0.0,0.0,,
wheel_odom,,,,,,5515.870195906,0.0,0.0,0.0,,
pose,,,0.0,,,5515.870569419,,,,0.0,0.0
wheel_odom,,,,,,5515.891174099,0.0,0.0,0.0,,
pose,,,0.0,,,5515.891607922,,,,0.0,0.0
diagnostics,0.0,"[0.0,0.0,0.0,0.0]",,0.0,"[0.0,0.0,0.0,0.0]",5515.909965172,,,,,
pose,,,0.0,,,5515.910292818,,,,0.0,0.0
cmd,,,,,,5515.917080938,0.0,0.0,0.0,,
wheel_odom,,,,,,5515.930281778,0.0,0.0,0.0,,
pose,,,0.0,,,5515.93068485,,,,0.0,0.0
wheel_odom,,,,,,5515.949985358,0.0,0.0,0.0,,
diagnostics,0.0,"[0.0,0.0,0.0,0.0]",,0.0,"[0.0,0.0,0.0,0.0]",5515.950252844,,,,,
pose,,,0.0,,,5515.950442925,,,,0.0,0.0
cmd,,,,,,5515.967137553,0.0,0.0,0.0,,
wheel_odom,,,,,,5515.970072523,0.0,0.0,0.0,,
pose,,,0.0,,,5515.970341492,,,,0.0,0.0
wheel_odom,,,,,,5515.99040101,0.0,0.0,0.0,,
pose,,,0.0,,,5515.990727193,,,,0.0,0.0
diagnostics,0.0,"[0.0,0.0,0.0,0.0]",,0.0,"[0.0,0.0,0.0,0.0]",5516.012444998,,,,,
pose,,,0.0,,,5516.01323445,,,,0.0,0.0
cmd,,,,,,5516.017391957,0.11000000000000001,0.09505192190408707,-0.006210839841514826,,
wheel_odom,,,,,,5516.030359544,0.0,0.0,0.0,,
pose,,,0.0,,,5516.030943922,,,,0.0,0.0
wheel_odom,,,,,,5516.050090439,0.0,0.0,0.0,,
diagnostics,0.0,"[0.0,0.0,0.0,0.0]",,0.0,"[0.0,0.0,0.0,0.0]",5516.0504665,,,,,
pose,,,0.0,,,5516.050619867,,,,0.0,0.0
cmd,,,,,,5516.067317776,0.22000000000000003,0.1927952766418457,-0.007955136708915234,,
wheel_odom,,,,,,5516.07043265,0.0,0.0,0.0,,
pose,,,0.0,,,5516.070854954,,,,0.0,0.0
wheel_odom,,,,,,5516.090422184,0.0,0.0,0.0,,
pose,,,0.0,,,5516.090817237,,,,0.0,0.0
diagnostics,0.0,"[0.0,0.0,0.0,0.0]",,0.0,"[0.0,0.0,0.0,0.0]",5516.110363639,,,,,
pose,,,0.0,,,5516.111045848,,,,0.0,0.0
cmd,,,,,,5516.117315975,0.33000000000000007,0.2617414593696594,-0.012723730877041817,,
wheel_odom,,,,,,5516.130960896,0.0,0.0,0.0,,
pose,,,0.0,,,5516.131657794,,,,0.0,0.0
wheel_odom,,,,,,5516.150211263,0.0,0.0,0.0,,
diagnostics,0.0,"[0.0,0.0,0.0,0.0]",,0.0,"[0.0,0.0,0.0,0.0]",5516.15059357,,,,,
pose,,,0.0,,,5516.150750417,,,,0.0,0.0
cmd,,,,,,5516.167191245,0.44000000000000006,0.3528292179107666,-0.014856483787298203,,
wheel_odom,,,,,,5516.170418335,0.0,0.0,0.0,,
pose,,,0.0,,,5516.170930932,,,,0.0,0.0
wheel_odom,,,,,,5516.19088436,0.0,0.0,0.0,,
pose,,,0.0,,,5516.191542807,,,,0.0,0.0
diagnostics,0.0,"[0.0,0.0,0.0,0.0]",,0.0,"[0.0,0.0,0.0,0.0]",5516.210562038,,,,,
pose,,,0.0,,,5516.211222595,,,,0.0,0.0
cmd,,,,,,5516.217242659,0.55,0.4260619282722473,-0.015856292098760605,,
wheel_odom,,,,,,5516.231022854,0.0,0.0,0.0,,
pose,,,0.0,,,5516.231714102,,,,0.0,0.0
wheel_odom,,,,,,5516.250038509,0.0,0.0,0.0,,
diagnostics,0.0,"[0.0,0.0,0.0,0.0]",,0.0,"[0.0,0.0,0.0,0.0]",5516.250365714,,,,,
pose,,,0.0,,,5516.250465256,,,,0.0,0.0
cmd,,,,,,5516.267171086,0.66,0.4849693477153778,-0.015890976414084435,,
wheel_odom,,,,,,5516.270249412,0.0,0.0,0.0,,
pose,,,0.0,,,5516.270585418,,,,0.0,0.0
wheel_odom,,,,,,5516.290623363,0.0,0.0,0.0,,
pose,,,0.0,,,5516.29119687,,,,0.0,0.0
diagnostics,0.0,"[0.0,0.0,0.0,0.0]",,0.0,"[0.0,0.0,0.0,0.0]",5516.310448526,,,,,
pose,,,0.0,,,5516.310981431,,,,0.0,0.0
cmd,,,,,,5516.317172791,0.740144670009613,0.4636922776699066,-0.012918548658490181,,
wheel_odom,,,,,,5516.330841872,0.0,0.0,0.0,,
pose,,,0.0,,,5516.331585906,,,,0.0,0.0
wheel_odom,,,,,,5516.350240333,0.0,0.0,0.0,,
diagnostics,0.0,"[0.0,0.0,0.0,0.0]",,0.0,"[0.0,0.0,0.0,0.0]",5516.350703214,,,,,
pose,,,0.0,,,5516.351099915,,,,0.0,0.0
cmd,,,,,,5516.367196468,0.7487112879753113,0.4654584228992462,-0.012248548679053783,,
wheel_odom,,,,,,5516.370412471,0.0,0.0,0.0,,
pose,,,0.0,,,5516.370922159,,,,0.0,0.0
wheel_odom,,,,,,5516.390442256,0.0,0.0,0.0,,
pose,,,0.0,,,5516.390854364,,,,0.0,0.0
diagnostics,0.0,"[0.0,0.0,0.0,0.0]",,0.0,"[0.0,0.0,0.0,0.0]",5516.410159545,,,,,
pose,,,0.0,,,5516.410597314,,,,0.0,0.0
cmd,,,,,,5516.417240641,0.7987406849861145,0.49527955055236816,-0.011679619550704956,,
wheel_odom,,,,,,5516.430417695,0.0,0.0,0.0,,
pose,,,0.0,,,5516.430788027,,,,0.0,0.0
diagnostics,0.0,"[0.0,0.0,0.0,0.0]",,0.0,"[0.0,0.0,0.0,0.0]",5516.452342765,,,,,
wheel_odom,,,,,,5516.452880814,0.0,0.0,0.0,,
pose,,,0.0,,,5516.45353611,,,,0.0,0.0
cmd,,,,,,5516.467401302,0.9010462760925293,0.5594223141670227,-0.01266554370522499,,
pose,,,0.0,,,5516.470455386,,,,0.0,0.0
wheel_odom,,,,,,5516.490149916,0.0,0.0,0.0,,
pose,,,0.0,,,5516.490416103,,,,0.0,0.0
wheel_odom,,,,,,5516.511035342,0.0,0.0,0.0,,
pose,,,0.0,,,5516.511608393,,,,0.0,0.0
cmd,,,,,,5516.517329365,1.0110462760925294,0.6401791572570801,-0.013110673986375332,,
diagnostics,0.0,"[0.0,0.0,0.0,0.0]",,0.0,"[0.0,0.0,0.0,0.0]",5516.529933012,,,,,
pose,,,0.0,,,5516.53034732,,,,0.0,0.0
wheel_odom,,,,,,5516.550186784,0.0,0.0,0.0,,
pose,,,0.0,,,5516.550690433,,,,0.0,0.0
cmd,,,,,,5516.567287148,1.1210462760925295,0.7501791572570801,-0.01281329058110714,,
wheel_odom,,,,,,5516.570312171,0.0,0.0,0.0,,
diagnostics,0.0,"[0.0,0.0,0.0,0.0]",,0.0,"[0.0,0.0,0.0,0.0]",5516.570712141,,,,,
pose,,,0.0,,,5516.570883348,,,,0.0,0.0
wheel_odom,,,,,,5516.590874335,0.0,0.0,0.0,,
pose,,,0.0,,,5516.591497696,,,,0.0,0.0
wheel_odom,,,,,,5516.610662989,0.0,0.0,0.0,,
pose,,,0.0,,,5516.611276477,,,,0.0,0.0
cmd,,,,,,5516.617177198,1.1700212955474854,0.8447291254997253,-0.012897397391498089,,
diagnostics,0.0,"[0.0,0.0,0.0,0.0]",,0.0,"[0.0,0.0,0.0,0.0]",5516.629807868,,,,,
pose,,,0.0,,,5516.630373222,,,,0.0,0.0
wheel_odom,,,,,,5516.651148168,0.0,0.0,0.0,,
pose,,,0.0,,,5516.651883795,,,,0.0,0.0
cmd,,,,,,5516.66738757,1.1731183528900146,0.8808351755142212,-0.014451844617724419,,
wheel_odom,,,,,,5516.671183148,0.0,0.0,0.0,,
diagnostics,0.0,"[0.0,0.0,0.0,0.0]",,0.0,"[0.0,0.0,0.0,0.0]",5516.671839567,,,,,
pose,,,0.0,,,5516.672470309,,,,0.0,0.0
wheel_odom,,,,,,5516.690407131,0.0,0.0,0.0,,
pose,,,0.0,,,5516.690826816,,,,0.0,0.0
wheel_odom,,,,,,5516.710801525,0.0,0.0,0.0,,
pose,,,0.0,,,5516.711211296,,,,0.0,0.0
cmd,,,,,,5516.717190871,1.1659018993377686,0.880542516708374,-0.01532232016324997,,
diagnostics,0.0,"[0.0,0.0,0.0,0.0]",,0.0,"[0.0,0.0,0.0,0.0]",5516.730044616,,,,,
pose,,,0.0,,,5516.730316401,,,,0.0,0.0
wheel_odom,,,,,,5516.750372674,0.0,0.0,0.0,,
pose,,,0.0,,,5516.750890676,,,,0.0,0.0
cmd,,,,,,5516.767144628,1.1603641510009766,0.8630250692367554,-0.014195829629898071,,
wheel_odom,,,,,,5516.770324891,0.0,0.0,0.0,,
diagnostics,0.0,"[0.0,0.0,0.0,0.0]",,0.0,"[0.0,0.0,0.0,0.0]",5516.770561077,,,,,
pose,,,0.0,,,5516.770917519,,,,0.0,0.0
wheel_odom,,,,,,5516.790253383,0.001,0.001,0.0020943951023931952,,
pose,,,0.0005106655705355892,,,5516.790674862,,,,1.2105479004285332e-05,1.009126233913013e-05
wheel_odom,,,,,,5516.810911227,0.001,0.001,0.0029670597283903604,,
pose,,,0.0004477223894437722,,,5516.812063759,,,,2.533960712603831e-05,1.9666394840338042e-05
cmd,,,,,,5516.81741186,1.157581090927124,0.8396632075309753,-0.011643048375844955,,
diagnostics,5.0,"[0.0,0.0,0.0,-5.0]",,0.0,"[0.0,0.0,0.0,0.0]",5516.830595116,,,,,
pose,,,0.0,,,5516.831855427,,,,2.533960712603831e-05,1.9666394840338042e-05
wheel_odom,,,,,,5516.850927508,0.001,-0.001,-0.0033161255787892262,,
pose,,,-0.0004110614824694081,,,5516.851614237,,,,4.4111100545188954e-05,1.1542243937181248e-05
cmd,,,,,,5516.86735156,1.1568928956985474,0.8576037883758545,-0.007749487645924091,,
wheel_odom,,,,,,5516.870250001,0.0,-0.001,-0.0017453292519943296,,
diagnostics,2.0,"[0.0,0.0,0.0,2.0]",,0.0,"[0.0,0.0,0.0,0.0]",5516.870526587,,,,,
pose,,,-0.00057001781350938,,,5516.871014128,,,,4.482052764554859e-05,4.830142571538046e-07
wheel_odom,,,,,,5516.890957574,0.0,0.001,0.0033161255787892262,,
pose,,,0.0003699543493492026,,,5516.891988318,,,,4.7800775084119814e-05,8.240577759783611e-06
wheel_odom,,,,,,5516.911363011,0.007,0.001,0.0041887902047863905,,
pose,,,0.00045210437057624183,,,5516.911922879,,,,0.00012807017713631369,1.725440322262999e-05
cmd,,,,,,5516.917418691,1.157038927078247,0.8719136714935303,-0.004168207291513681,,
diagnostics,17.0,"[2.0,6.0,-17.0,-5.0]",,313.0,"[47.0,313.0,-47.0,-313.0]",5516.929759939,,,,,
pose,,,0.0,,,5516.930109946,,,,0.00012807017713631369,1.725440322262999e-05
wheel_odom,,,,,,5516.951415074,0.049,0.03,-0.010471975511965976,,
pose,,,0.013689452252326276,,,5516.952313176,,,,0.0007485303576253999,0.0003210828019885383
cmd,,,,,,5516.967466553,1.1573339700698853,0.8719618320465088,-0.002349802292883396,,
wheel_odom,,,,,,5516.970704232,0.039,0.025,-0.0008726646259971648,,
diagnostics,105.0,"[-3.0,92.0,-30.0,-105.0]",,705.0,"[108.0,705.0,-108.0,-705.0]",5516.971274894,,,,,
pose,,,0.012250611707411695,,,5516.971694666,,,,0.0012742855029307994,0.0005585972330069543
wheel_odom,,,,,,5516.990195318,0.066,0.047,0.02844886680750757,,
pose,,,0.036315905665891775,,,5516.990599195,,,,0.002453913223255833,0.0012452110577014022
wheel_odom,,,,,,5517.011456098,0.083,0.067,0.0033161255787892262,,
pose,,,0.04848691647497814,,,5517.01205025,,,,0.003753940826091755,0.002285186516191421
cmd,,,,,,5517.017213289,1.1575264930725098,0.8808571100234985,-0.0005179067375138402,,
diagnostics,300.0,"[31.0,280.0,-36.0,-300.0]",,1004.0,"[150.0,1004.0,-150.0,-1004.0]",5517.029758788,,,,,
pose,,,0.0,,,5517.030030608,,,,0.003753940826091755,0.002285186516191421
wheel_odom,,,,,,5517.050524301,0.134,0.105,0.04014257279586958,,
pose,,,0.09049864348277693,,,5517.05106399,,,,0.006342012652721085,0.00418849914379769
cmd,,,,,,5517.067423048,1.1576025485992432,0.8677282333374023,-0.0008382715750485659,,
diagnostics,517.0,"[56.0,514.0,-65.0,-517.0]",,1384.0,"[202.0,1384.0,-202.0,-1384.0]",5517.07029345,,,,,
wheel_odom,,,,,,5517.07054097,0.191,0.157,0.015533430342749533,,
pose,,,0.11493507970271148,,,5517.070798699,,,,0.009397024731289979,0.006456789605281047
wheel_odom,,,,,,5517.090191062,0.218,0.177,0.009599310885968814,,
pose,,,0.17015820201748158,,,5517.090488378,,,,0.014231420685592812,0.009807328478273135
wheel_odom,,,,,,5517.11050163,0.256,0.217,0.03892084231947355,,
pose,,,0.2104243114063729,,,5517.110793818,,,,0.020056300569815652,0.014080219906671746
cmd,,,,,,5517.117211012,1.1576130390167236,0.8623022437095642,-0.0008750734850764275,,
diagnostics,844.0,"[75.0,742.0,-55.0,-844.0]",,1667.0,"[239.0,1667.0,-239.0,-1667.0]",5517.129888941,,,,,
pose,,,0.0,,,5517.130254184,,,,0.020056300569815652,0.014080219906671746
wheel_odom,,,,,,5517.151109622,0.322,0.227,-0.04782202150464463,,
pose,,,0.18461103289323869,,,5517.151926144,,,,0.025535557204686095,0.018080484564700735
cmd,,,,,,5517.167576522,1.0926130390167237,0.9723022437095642,0.014159318059682846,,
wheel_odom,,,,,,5517.170839286,0.36,0.284,0.0024434609527920616,,
diagnostics,1126.0,"[196.0,1094.0,-88.0,-1126.0]",,2032.0,"[290.0,2032.0,-290.0,-2032.0]",5517.171388759,,,,,
pose,,,0.2956286036715924,,,5517.172122515,,,,0.03399284749195569,0.024051336565348948
wheel_odom,,,,,,5517.190768935,0.423,0.34,0.032637657012293965,,
pose,,,0.2995294369446163,,,5517.191419347,,,,0.0413959657552259,0.029831009554717666
wheel_odom,,,,,,5517.211585796,0.437,0.356,0.005061454830783556,,
pose,,,0.3716177103009338,,,5517.212534347,,,,0.05217647617133112,0.03767725075591636
cmd,,,,,,5517.21740515,1.0276130390167237,1.0823022437095642,0.017591437324881554,,
diagnostics,1364.0,"[146.0,1364.0,-76.0,-1354.0]",,2332.0,"[334.0,2332.0,-334.0,-2332.0]",5517.229995754,,,,,
pose,,,0.0,,,5517.230473496,,,,0.05217647617133112,0.03767725075591636
wheel_odom,,,,,,5517.250498864,0.537,0.438,0.006283185307179586,,
pose,,,0.3612093059353032,,,5517.250913494,,,,0.06144795700925447,0.04506026674701655
cmd,,,,,,5517.267343524,0.9626130390167238,1.1923022437095643,0.019814010709524155,,
wheel_odom,,,,,,5517.27071397,0.527,0.443,-0.06405358354819189,,
diagnostics,1697.0,"[236.0,1697.0,-132.0,-1620.0]",,2724.0,"[320.0,2724.0,-320.0,-2724.0]",5517.271257572,,,,,
pose,,,0.49689164761271004,,,5517.27177992,,,,0.07504522854146026,0.05542763519932341
wheel_odom,,,,,,5517.29035395,0.637,0.537,-0.023911010752322315,,
pose,,,0.47187646093517205,,,5517.290928334,,,,0.08621285492451038,0.06446401704789341
wheel_odom,,,,,,5517.310313308,0.626,0.553,-0.03892084231947355,,
diagnostics,2019.0,"[94.0,2019.0,-118.0,-1936.0]",,3097.0,"[136.0,3097.0,-136.0,-3097.0]",5517.310656995,,,,,
pose,,,0.6492864370656306,,,5517.310757556,,,,0.10260088315530168,0.07734074293290201
cmd,,,,,,5517.317155297,0.8976130390167238,1.3023022437095644,0.018400752916932106,,
wheel_odom,,,,,,5517.330581154,0.673,0.624,-0.10506882097005864,,
pose,,,0.5170337599851103,,,5517.330961651,,,,0.11536193501992496,0.08778617589383556
pose,,,0.007244029776709702,,,5517.352934672,,,,0.1147061368973576,0.08794530645215319
cmd,,,,,,5517.367249311,0.8326130390167239,1.4123022437095645,0.016355788335204124,,
wheel_odom,,,,,,5517.370362,0.676,0.708,-0.04642575810304917,,
diagnostics,2412.0,"[-61.0,2412.0,-13.0,-2319.0]",,3386.0,"[-145.0,3386.0,145.0,-3386.0]",5517.370761223,,,,,
pose,,,0.8833927976167157,,,5517.370921164,,,,0.13284848505057859,0.10383923811245509
wheel_odom,,,,,,5517.390476401,0.695,0.757,0.023387411976724018,,
pose,,,0.6330914783937227,,,5517.390892652,,,,0.14583222010053945,0.1164829460694567
wheel_odom,,,,,,5517.411183222,0.695,0.845,0.03892084231947355,,
diagnostics,2668.0,"[-356.0,2668.0,121.0,-2568.0]",,3651.0,"[-541.0,3651.0,541.0,-3651.0]",5517.411830235,,,,,
pose,,,0.896739119747418,,,5517.412116304,,,,0.1653006411318315,0.13551168562563137
cmd,,,,,,5517.417316617,0.767613039016724,1.5223022437095646,0.020455041900277138,,
wheel_odom,,,,,,5517.430896521,0.727,0.934,0.0158824961931484,,
pose,,,1.131512215681904,,,5517.431582076,,,,0.18640004852759,0.15753791966590544
pose,,,-0.06501117790727301,,,5517.451275563,,,,0.18531389776130502,0.15625777923078663
cmd,,,,,,5517.467377867,0.7113197445869446,1.4325493574142456,0.019316544756293297,,
wheel_odom,,,,,,5517.470895087,0.69,0.988,0.04363323129985824,,
diagnostics,2961.0,"[-794.0,2961.0,320.0,-2710.0]",,3747.0,"[-844.0,3747.0,844.0,-3747.0]",5517.471594932,,,,,
pose,,,0.7698397533864786,,,5517.472216562,,,,0.198761038170818,0.1723808896214879
wheel_odom,,,,,,5517.490426836,0.687,1.066,0.14364059743913332,,
pose,,,1.3175126057373845,,,5517.490845005,,,,0.21942647373320393,0.19692757106306022
wheel_odom,,,,,,5517.51108589,0.665,1.125,0.10140362954087054,,
diagnostics,3189.0,"[-1074.0,3189.0,537.0,-2869.0]",,3864.0,"[-1237.0,3840.0,1213.0,-3864.0]",5517.511729029,,,,,
pose,,,0.8511505695204835,,,5517.511989407,,,,0.2330412286825688,0.21492238531809024
cmd,,,,,,5517.517409119,0.6681336760520935,1.4798243045806885,0.017867933958768845,,
wheel_odom,,,,,,5517.530857938,0.646,1.151,0.14032447186034408,,
pose,,,1.4972595096016035,,,5517.531325456,,,,0.2533589450924349,0.24388051616200387
pose,,,-0.0989473822426328,,,5517.550577694,,,,0.253801736202374,0.2419756702116658
cmd,,,,,,5517.567155929,0.7337953448295593,1.5898243045806886,0.01868443191051483,,
wheel_odom,,,,,,5517.570269813,0.652,1.159,-0.008726646259971648,,
diagnostics,3241.0,"[-984.0,3241.0,644.0,-2980.0]",,3642.0,"[-1242.0,3595.0,1195.0,-3642.0]",5517.570535292,,,,,
pose,,,0.9347585403023996,,,5517.570741685,,,,0.26794711510167046,0.26082550990440273
wheel_odom,,,,,,5517.590861456,0.681,1.197,-0.054105206811824215,,
pose,,,1.3818440437385693,,,5517.591594484,,,,0.28967441395478505,0.28963399830613007
wheel_odom,,,,,,5517.610506316,0.702,1.207,-0.009599310885968814,,
diagnostics,3302.0,"[-957.0,3302.0,891.0,-3196.0]",,3661.0,"[-1406.0,3590.0,1335.0,-3661.0]",5517.610961224,,,,,
pose,,,1.0131283368721398,,,5517.611179444,,,,0.30507278124994586,0.309479365886547
cmd,,,,,,5517.617199782,0.8437953448295593,1.6998243045806887,0.013918559066951275,,
wheel_odom,,,,,,5517.630267083,0.718,1.251,0.013788101090755204,,
pose,,,1.6882259286209633,,,5517.630664224,,,,0.32697166955094825,0.34237347568833204
pose,,,-0.11279218765781673,,,5517.651439409,,,,0.3282719401532379,0.3400307879286437
cmd,,,,,,5517.667404977,0.9537953448295593,1.8098243045806888,0.009159832261502743,,
wheel_odom,,,,,,5517.670261183,0.742,1.286,0.05235987755982989,,
diagnostics,3454.0,"[-1078.0,3454.0,916.0,-3405.0]",,3894.0,"[-1470.0,3806.0,1382.0,-3894.0]",5517.670690378,,,,,
pose,,,1.1164349230085358,,,5517.671175062,,,,0.3452278434385361,0.3620697201697011
wheel_odom,,,,,,5517.69027545,0.706,1.334,0.0736528944341607,,
pose,,,1.6624790443475332,,,5517.690800061,,,,0.369259023701456,0.3946987541532813
wheel_odom,,,,,,5517.710961639,0.751,1.356,0.045727626402251434,,
diagnostics,3585.0,"[-1099.0,3536.0,918.0,-3585.0]",,4210.0,"[-1496.0,4108.0,1393.0,-4210.0]",5517.711410618,,,,,
pose,,,1.1231589869898781,,,5517.711500018,,,,0.3865991737028175,0.4179494750044877
cmd,,,,,,5517.717261798,0.956501305103302,1.8060981035232544,0.007001922000199556,,
wheel_odom,,,,,,5517.730599369,0.807,1.44,0.026354471705114377,,
pose,,,1.9318185063177402,,,5517.730886332,,,,0.41120934352037425,0.45539898413566315
pose,,,-0.12653773096653714,,,5517.751326284,,,,0.41227684192126945,0.45281349815154387
cmd,,,,,,5517.767335304,0.891501305103302,1.7464141845703125,0.006035661790519953,,
wheel_odom,,,,,,5517.770605216,0.809,1.464,0.0804596785169386,,
diagnostics,3810.0,"[-1210.0,3810.0,985.0,-3784.0]",,4503.0,"[-1498.0,4396.0,1391.0,-4503.0]",5517.771092728,,,,,
pose,,,1.2457632066222188,,,5517.771452301,,,,0.43074554133366255,0.47775194220067857
wheel_odom,,,,,,5517.790301771,0.828,1.487,0.1349139511791617,,
pose,,,1.8929896569668025,,,5517.790658171,,,,0.4575860937402285,0.5143230580217207
wheel_odom,,,,,,5517.81073946,0.855,1.522,0.1361356816555577,,
diagnostics,4060.0,"[-1231.0,4051.0,1014.0,-4060.0]",,4719.0,"[-1488.0,4608.0,1377.0,-4719.0]",5517.811033244,,,,,
pose,,,1.270877792799232,,,5517.811307645,,,,0.47687656344704443,0.5405678244198219
cmd,,,,,,5517.817107024,0.8265013051033021,1.756293773651123,0.004061395768076181,,
wheel_odom,,,,,,5517.83108546,0.855,1.545,0.08674286382411818,,
pose,,,2.021532780856385,,,5517.831751335,,,,0.5040689970650303,0.5818837375440907
pose,,,-0.07773335730625944,,,5517.850663171,,,,0.5051370267640176,0.5804132849293866
cmd,,,,,,5517.867312997,0.7615013051033022,1.698913335800171,0.0026936244685202837,,
wheel_odom,,,,,,5517.870251797,0.851,1.554,0.05619960191421741,,
diagnostics,4064.0,"[-1267.0,4026.0,1086.0,-4064.0]",,4505.0,"[-1494.0,4400.0,1389.0,-4505.0]",5517.87046676,,,,,
pose,,,1.3429065993381184,,,5517.870949687,,,,0.524379272022224,0.6076561690566447
wheel_odom,,,,,,5517.890709049,0.849,1.539,0.10140362954087054,,
pose,,,2.0282079571024942,,,5517.891152548,,,,0.5527100471384618,0.6486286652784374
wheel_odom,,,,,,5517.91051376,0.855,1.562,0.07871434926494426,,
diagnostics,4165.0,"[-1239.0,4015.0,1153.0,-4165.0]",,4409.0,"[-1617.0,4311.0,1519.0,-4409.0]",5517.910804782,,,,,
pose,,,1.4031229947833102,,,5517.91089922,,,,0.5718363345926224,0.6763394183643567
cmd,,,,,,5517.91729708,0.6965013051033022,1.6663622856140137,7.859538891352713e-05,,
wheel_odom,,,,,,5517.930532061,0.81,1.593,0.11397000015522972,,
pose,,,2.2070402947569656,,,5517.930807384,,,,0.5989189681480073,0.7202786640983365
pose,,,0.0,,,5517.951164211,,,,0.5989189681480073,0.7202786640983365
cmd,,,,,,5517.967417643,0.6315013051033023,1.6266511678695679,-0.002917697886005044,,
pose,,,-0.0799651427698134,,,5517.971562362,,,,0.5994815121839647,0.7186477500624303
wheel_odom,,,,,,5517.990469039,0.823,1.583,0.11641346110802178,,
diagnostics,4179.0,"[-1342.0,4003.0,1226.0,-4179.0]",,4198.0,"[-1625.0,4110.0,1538.0,-4198.0]",5517.990929132,,,,,
pose,,,1.4574564976401003,,,5517.991100979,,,,0.6178751645143932,0.7471305440217451
wheel_odom,,,,,,5518.010460818,0.794,1.594,0.09459684545809266,,
pose,,,2.195176570726111,,,5518.010872353,,,,0.6447677613650117,0.7905349164310431
cmd,,,,,,5518.017226359,0.6486572027206421,1.607617735862732,-0.003922334872186184,,
wheel_odom,,,,,,5518.030438662,0.768,1.547,0.08621926504851989,,
diagnostics,3970.0,"[-1484.0,3921.0,1230.0,-3970.0]",,4028.0,"[-1675.0,3949.0,1595.0,-4028.0]",5518.03086939,,,,,
pose,,,1.4083616182402126,,,5518.031333968,,,,0.6622982187218734,0.8193505500348713
wheel_odom,,,,,,5518.050878588,0.723,1.546,0.06946410422937431,,
pose,,,2.143690673034451,,,5518.051565005,,,,0.687604765120784,0.8627158260206174
cmd,,,,,,5518.06737199,0.6520038843154907,1.5836646556854248,-0.004029311239719391,,
wheel_odom,,,,,,5518.070570007,0.729,1.553,0.04817108735504349,,
pose,,,1.5533081118056533,,,5518.070969879,,,,0.7035534049817901,0.8928618691100603
diagnostics,3914.0,"[-1344.0,3812.0,1523.0,-3914.0]",,3846.0,"[-1713.0,3779.0,1646.0,-3846.0]",5518.090376717,,,,,
pose,,,-0.019274600511048352,,,5518.090788777,,,,0.7046389727443242,0.8924798552978873
wheel_odom,,,,,,5518.110996283,0.736,1.562,-0.007155849933176751,,
pose,,,2.1113947270509144,,,5518.111437634,,,,0.7293341496012435,0.9360744577577137
cmd,,,,,,5518.117289464,0.6857498288154602,1.5589219331741333,-0.0035556619986891747,,
wheel_odom,,,,,,5518.130458942,0.729,1.595,0.0645771823237902,,
diagnostics,3953.0,"[-1444.0,3852.0,1397.0,-3953.0]",,3837.0,"[-1646.0,3782.0,1590.0,-3837.0]",5518.130889198,,,,,
pose,,,2.18744871598264,,,5518.131057411,,,,0.7534335031387513,0.9789944021393725
wheel_odom,,,,,,5518.150292335,0.762,1.524,0.07871434926494426,,
pose,,,1.4708960250311005,,,5518.150673721,,,,0.7702572023883248,1.00784764565516
cmd,,,,,,5518.167245297,0.7225725054740906,1.5640569925308228,-0.0032916695345193148,,
wheel_odom,,,,,,5518.172380528,0.734,1.548,0.03316125578789226,,
pose,,,2.0600776145789754,,,5518.172682249,,,,0.7937538697816743,1.0531788748549775
diagnostics,3868.0,"[-1373.0,3793.0,1353.0,-3868.0]",,3794.0,"[-1593.0,3754.0,1553.0,-3794.0]",5518.190007173,,,,,
pose,,,-0.14580413690639893,,,5518.190319785,,,,0.7942892799151939,1.0506064116423939
wheel_odom,,,,,,5518.210462368,0.757,1.527,0.022689280275926284,,
pose,,,1.4152314398946613,,,5518.210777822,,,,0.8108414128287622,1.0795585894930158
cmd,,,,,,5518.217161025,0.7062641978263855,1.545271396636963,-0.0027504246681928635,,
wheel_odom,,,,,,5518.232014242,0.751,1.537,0.028099800957108706,,
diagnostics,3884.0,"[-1313.0,3829.0,1291.0,-3884.0]",,3806.0,"[-1490.0,3772.0,1456.0,-3806.0]",5518.232763903,,,,,
pose,,,1.8964993525463991,,,5518.233383165,,,,0.8347178096119923,1.1224202922513555
wheel_odom,,,,,,5518.250531267,0.749,1.567,0.0033161255787892262,,
pose,,,1.7616440841940078,,,5518.250944947,,,,0.8513350742836208,1.1533640427108351
cmd,,,,,,5518.267260774,0.6412641978263856,1.5787365436553955,-0.006498785689473152,,
wheel_odom,,,,,,5518.270563494,0.788,1.516,0.04485496177625427,,
pose,,,2.254441891182868,,,5518.270984059,,,,0.8751402050259823,1.1985410968466892
diagnostics,3951.0,"[-1237.0,3867.0,1207.0,-3951.0]",,3860.0,"[-1419.0,3860.0,1419.0,-3860.0]",5518.290146319,,,,,
pose,,,-0.10849657297257409,,,5518.290426433,,,,0.875326364357509,1.1964315036949063
wheel_odom,,,,,,5518.310300603,0.764,1.514,0.04852015320544236,,
pose,,,1.5007486974082367,,,5518.310649867,,,,0.8919162479433346,1.2267809855228469
cmd,,,,,,5518.317296759,0.5762641978263856,1.5450553894042969,-0.0055578118190169334,,
wheel_odom,,,,,,5518.330868356,0.751,1.522,0.018500490071139894,,
diagnostics,3857.0,"[-1271.0,3804.0,1228.0,-3857.0]",,3799.0,"[-1416.0,3799.0,1416.0,-3799.0]",5518.331126813,,,,,
pose,,,2.092516949486278,,,5518.331213313,,,,0.9153682933502709,1.2698121820488055
wheel_odom,,,,,,5518.351125859,0.716,1.542,0.017627825445142728,,
pose,,,1.4787921483292474,,,5518.351994918,,,,0.9311649315354141,1.3005362169118722
cmd,,,,,,5518.367374618,0.5112641978263857,1.5874099731445312,0.001388724660500884,,
wheel_odom,,,,,,5518.371342691,0.707,1.553,-0.026354471705114377,,
pose,,,2.275215647743047,,,5518.372083584,,,,0.9534100912325079,1.3462417226365677
diagnostics,3830.0,"[-1409.0,3796.0,1479.0,-3830.0]",,3747.0,"[-1583.0,3747.0,1583.0,-3747.0]",5518.390048,,,,,
pose,,,-0.12125255906486673,,,5518.390498904,,,,0.9534308080310292,1.3440084430476753
wheel_odom,,,,,,5518.410347398,0.708,1.503,0.05113814708343386,,
pose,,,1.5077857605177838,,,5518.4107663,,,,0.9687535543166279,1.3745677502881888
cmd,,,,,,5518.417141815,0.44626419782638566,1.580219030380249,-0.0005355412140488625,,
wheel_odom,,,,,,5518.431122494,0.66,1.507,0.058643062867009474,,
diagnostics,3709.0,"[-1388.0,3641.0,1339.0,-3709.0]",,3580.0,"[-1635.0,3580.0,1635.0,-3580.0]",5518.431674065,,,,,
pose,,,2.0457038617219205,,,5518.431893998,,,,0.9899198929379777,1.417787706046018
wheel_odom,,,,,,5518.450482241,0.662,1.506,0.02426007660272118,,
pose,,,2.2582154288948364,,,5518.450928084,,,,1.0106392030234919,1.460771730209433
cmd,,,,,,5518.467248602,0.38126419782638565,1.5980314016342163,0.0011701334733515978,,
wheel_odom,,,,,,5518.470418176,0.624,1.542,0.005061454830783556,,
pose,,,1.5306661216868296,,,5518.470821709,,,,1.023527068738996,1.491222483656334
diagnostics,3677.0,"[-1570.0,3641.0,1582.0,-3677.0]",,3541.0,"[-1816.0,3541.0,1816.0,-3541.0]",5518.49046685,,,,,
pose,,,-0.03177696515507302,,,5518.491043506,,,,1.0241784517571944,1.490579937881957
wheel_odom,,,,,,5518.510890414,0.606,1.533,-0.0020943951023931952,,
pose,,,2.1185777511675217,,,5518.511576853,,,,1.0435897138390542,1.5340790169332639
cmd,,,,,,5518.517337032,0.31626419782638565,1.6146867275238037,-0.0005146662588231266,,
wheel_odom,,,,,,5518.53059687,0.578,1.524,0.03944444109507184,,
diagnostics,3585.0,"[-1568.0,3513.0,1594.0,-3585.0]",,3420.0,"[-1914.0,3420.0,1914.0,-3420.0]",5518.531015375,,,,,
pose,,,1.527456925326559,,,5518.531183178,,,,1.056276408390112,1.564030321018181
wheel_odom,,,,,,5518.550315899,0.54,1.518,0.017627825445142728,,
pose,,,2.226671257692908,,,5518.550718345,,,,1.0741678769033287,1.6075295330800414
cmd,,,,,,5518.567316709,0.25126419782638565,1.632550835609436,-0.0005188951618038118,,
wheel_odom,,,,,,5518.570330795,0.522,1.51,-0.04991641660703782,,
pose,,,1.485372636818188,,,5518.570737113,,,,1.0857963778246769,1.6372646508823234
diagnostics,3453.0,"[-1658.0,3431.0,1812.0,-3453.0]",,3259.0,"[-2192.0,3259.0,2192.0,-3259.0]",5518.590195577,,,,,
pose,,,0.0,,,5518.590892025,,,,1.0857963778246769,1.6372646508823234
wheel_odom,,,,,,5518.61140821,0.495,1.545,-0.010821041362364843,,
pose,,,2.005688982275393,,,5518.612677876,,,,1.102274676924745,1.6809517238976859
cmd,,,,,,5518.617232546,0.18626419782638565,1.6351122856140137,0.000463509582914412,,
wheel_odom,,,,,,5518.630973857,0.467,1.558,0.014660765716752368,,
diagnostics,3501.0,"[-1842.0,3385.0,1929.0,-3501.0]",,3259.0,"[-2192.0,3259.0,2192.0,-3259.0]",5518.631446074,,,,,
pose,,,1.6026264754572082,,,5518.631582799,,,,1.1129137585884448,1.7112591021541492
wheel_odom,,,,,,5518.650428055,0.449,1.562,0.017627825445142728,,
pose,,,2.3695575122135493,,,5518.650707684,,,,1.1282968732456802,1.7565791833080437
cmd,,,,,,5518.667349085,0.12181805074214935,1.6426012516021729,0.0015115431742742658,,
wheel_odom,,,,,,5518.670436247,0.385,1.561,-0.015009831567151233,,
pose,,,1.5050555818047824,,,5518.670678703,,,,1.1376300006226527,1.7866361065120817
diagnostics,3307.0,"[-1974.0,3256.0,2094.0,-3307.0]",,3074.0,"[-2446.0,3074.0,2446.0,-3074.0]",5518.690105185,,,,,
pose,,,0.0,,,5518.690412982,,,,1.1376300006226527,1.7866361065120817
wheel_odom,,,,,,5518.710359488,0.359,1.576,0.009250245035569947,,
pose,,,2.248935150525119,,,5518.710613692,,,,1.1508222366971708,1.8320676236199618
cmd,,,,,,5518.717132396,0.1476394236087799,1.6679575443267822,0.0016616052016615868,,
wheel_odom,,,,,,5518.730555273,0.36,1.549,0.026354471705114377,,
diagnostics,3252.0,"[-2012.0,3231.0,2002.0,-3252.0]",,3074.0,"[-2446.0,3074.0,2446.0,-3074.0]",5518.730821799,,,,,
pose,,,1.4595572944583355,,,5518.731138165,,,,1.1593205993223392,1.8620242576852657
wheel_odom,,,,,,5518.750853759,0.292,1.567,0.007504915783575617,,
pose,,,2.175928909387053,,,5518.752074218,,,,1.1706583860606787,1.9075693306891137
cmd,,,,,,5518.767229262,0.25294506549835205,1.6303198337554932,0.002043122425675392,,
wheel_odom,,,,,,5518.77071805,0.307,1.559,0.005934119456780721,,
pose,,,1.5949894144647878,,,5518.770884216,,,,1.1779418841515272,1.9375754598213062
diagnostics,3236.0,"[-2081.0,3182.0,2161.0,-3236.0]",,3065.0,"[-2565.0,3065.0,2565.0,-3065.0]",5518.789970746,,,,,
pose,,,0.0,,,5518.790464259,,,,1.1779418841515272,1.9375754598213062
wheel_odom,,,,,,5518.810320053,0.298,1.578,0.023911010752322315,,
pose,,,2.26822494165048,,,5518.81058733,,,,1.1882683743180076,1.98322050859221
cmd,,,,,,5518.817230571,0.36294506549835204,1.628405213356018,0.00010376749560236931,,
wheel_odom,,,,,,5518.830774008,0.281,1.592,-0.0012217304763960308,,
diagnostics,3219.0,"[-2229.0,3164.0,2197.0,-3219.0]",,3065.0,"[-2565.0,3065.0,2565.0,-3065.0]",5518.831126768,,,,,
pose,,,1.5319515979713756,,,5518.831244382,,,,1.1951214343196026,2.0148653556291363
wheel_odom,,,,,,5518.850298039,0.314,1.587,0.009250245035569947,,
pose,,,2.358383407119911,,,5518.850723124,,,,1.2051006250083043,2.060800379308935
cmd,,,,,,5518.867449155,0.472945065498352,1.5522104501724243,-0.00023824209347367287,,
wheel_odom,,,,,,5518.870942928,0.3,1.584,-0.0017453292519943296,,
pose,,,1.4996606490251223,,,5518.871690379,,,,1.2118728724101715,2.0922374790587908
diagnostics,3233.0,"[-2179.0,3233.0,2121.0,-3121.0]",,3178.0,"[-2324.0,3178.0,2324.0,-3178.0]",5518.890024965,,,,,
pose,,,0.0,,,5518.890659056,,,,1.2118728724101715,2.0922374790587908
wheel_odom,,,,,,5518.910327868,0.332,1.564,0.017976891295541596,,
pose,,,2.2428227520092654,,,5518.910860653,,,,1.2216067250279823,2.1375501623740947
cmd,,,,,,5518.917296612,0.582945065498352,1.4506886005401611,-0.004257353954017162,,
wheel_odom,,,,,,5518.93066408,0.341,1.566,0.033510321638291124,,
diagnostics,3296.0,"[-2087.0,3201.0,2080.0,-3296.0]",,3376.0,"[-2056.0,3376.0,2056.0,-3376.0]",5518.930984602,,,,,
pose,,,1.508725125128482,,,5518.931314626,,,,1.2284041405793307,2.1684128788953916
wheel_odom,,,,,,5518.951254562,0.377,1.565,0.08342673824532895,,
pose,,,2.1848774331732765,,,5518.952033631,,,,1.2384740183026481,2.213666532224786
cmd,,,,,,5518.96735127,0.692945065498352,1.3699026107788086,-0.007930063642561436,,
wheel_odom,,,,,,5518.970898613,0.401,1.51,0.07243116395776468,,
pose,,,1.5856645257398916,,,5518.971236909,,,,1.2457972938093684,2.244127523565541
diagnostics,3309.0,"[-1840.0,3214.0,1906.0,-3309.0]",,3413.0,"[-1742.0,3413.0,1742.0,-3413.0]",5518.989999775,,,,,
pose,,,0.0,,,5518.990287748,,,,1.2457972938093684,2.244127523565541
wheel_odom,,,,,,5519.010622651,0.427,1.49,0.0301941960595019,,
pose,,,2.1349891532280165,,,5519.011085254,,,,1.256506485310194,2.288524262193485
cmd,,,,,,5519.019352899,0.802945065498352,1.2890783548355103,-0.01222978439182043,,
wheel_odom,,,,,,5519.030582705,0.437,1.494,0.0054105206811824215,,
diagnostics,3317.0,"[-1704.0,3216.0,1732.0,-3317.0]",,3443.0,"[-1502.0,3443.0,1532.0,-3413.0]",5519.030838156,,,,,
pose,,,1.5075697209515746,,,5519.031103554,,,,1.2639795048338112,2.318706025097318
wheel_odom,,,,,,5519.050573322,0.514,1.453,-0.0024434609527920616,,
pose,,,2.2734151906260456,,,5519.050935159,,,,1.2760006392359002,2.363791199341553
cmd,,,,,,5519.067430632,0.912945065498352,1.2088040113449097,-0.014024552889168262,,
wheel_odom,,,,,,5519.07094023,0.542,1.432,-0.009599310885968814,,
pose,,,1.4373623769329993,,,5519.071532078,,,,1.2847021764307172,2.393395376457091
diagnostics,3372.0,"[-1449.0,3337.0,1494.0,-3372.0]",,3503.0,"[-1118.0,3503.0,1156.0,-3465.0]",5519.090093674,,,,,
pose,,,0.0,,,5519.090623446,,,,1.2847021764307172,2.393395376457091
wheel_odom,,,,,,5519.110184587,0.585,1.401,-0.06667157742618339,,
pose,,,2.2297022303617062,,,5519.110546157,,,,1.2984695415738212,2.4378231655461935
cmd,,,,,,5519.117081972,1.022945065498352,1.1196950674057007,-0.01487056165933609,,
wheel_odom,,,,,,5519.130544654,0.638,1.365,-0.044331363000655974,,
diagnostics,3420.0,"[-1072.0,3385.0,1224.0,-3420.0]",,3564.0,"[-726.0,3564.0,769.0,-3521.0]",5519.130817486,,,,,
pose,,,2.0259521482128093,,,5519.130915902,,,,1.312949797865141,2.4790937131739583
wheel_odom,,,,,,5519.150468656,0.682,1.329,0.016406094968746697,,
pose,,,1.4394868529960847,,,5519.150809004,,,,1.3237581292924776,2.50772921785493
cmd,,,,,,5519.167470722,1.1329450654983522,1.0096950674057006,-0.01371080707758665,,
wheel_odom,,,,,,5519.170777686,0.724,1.31,-0.015009831567151233,,
pose,,,2.017496824780194,,,5519.171414085,,,,1.3405483713593218,2.5492920915995336
diagnostics,3470.0,"[-886.0,3421.0,1014.0,-3470.0]",,3604.0,"[-477.0,3604.0,521.0,-3560.0]",5519.189819916,,,,,
pose,,,0.0,,,5519.190392981,,,,1.3405483713593218,2.5492920915995336
wheel_odom,,,,,,5519.210481535,0.78,1.265,0.061959188445798695,,
pose,,,1.3763931105572196,,,5519.210775876,,,,1.3527526392435287,2.577347925821188
cmd,,,,,,5519.217260671,1.2429450654983523,0.8996950674057006,-0.014847692102193832,,
wheel_odom,,,,,,5519.230646583,0.789,1.174,0.007155849933176751,,
diagnostics,3341.0,"[-605.0,3341.0,588.0,-3294.0]",,3279.0,"[210.0,3279.0,-163.0,-3232.0]",5519.230923667,,,,,
pose,,,1.9580330876110514,,,5519.231115863,,,,1.3713314801482726,2.617174681058223
pose,,,0.0,,,5519.250599532,,,,1.3713314801482726,2.617174681058223
cmd,,,,,,5519.267199653,1.3529450654983524,0.7896950674057006,-0.01995786279439926,,
wheel_odom,,,,,,5519.27015694,0.881,1.086,-0.01884955592153876,,
pose,,,1.3116302321908826,,,5519.27050542,,,,1.3849716437772368,2.643290558481494
wheel_odom,,,,,,5519.290390103,0.817,0.973,-0.012566370614359171,,
diagnostics,2963.0,"[-208.0,2963.0,131.0,-2930.0]",,2556.0,"[429.0,2556.0,-381.0,-2508.0]",5519.290734454,,,,,
pose,,,1.8015926386042094,,,5519.290857557,,,,1.4049805382488731,2.6799567736394323
pose,,,0.0,,,5519.310445077,,,,1.4049805382488731,2.6799567736394323
cmd,,,,,,5519.317134576,1.4629450654983525,0.6796950674057006,-0.020277421921491623,,
wheel_odom,,,,,,5519.33017424,0.84,0.886,0.054105206811824215,,
pose,,,1.1695277807136077,,,5519.330532477,,,,1.4184231337070745,2.7034534065922293
wheel_odom,,,,,,5519.350438909,0.883,0.868,-0.04991641660703782,,
diagnostics,3099.0,"[-21.0,3099.0,-229.0,-2838.0]",,2556.0,"[578.0,2556.0,-528.0,-2507.0]",5519.350841605,,,,,
pose,,,1.652604237713441,,,5519.350997844,,,,1.4397532706534775,2.7372746711998874
cmd,,,,,,5519.367242771,1.5729450654983526,0.5696950674057006,-0.015165992081165314,,
wheel_odom,,,,,,5519.370196378,0.875,0.765,0.03316125578789226,,
pose,,,1.0936060455563286,,,5519.370604359,,,,1.4539489663683363,2.7587153196888052
wheel_odom,,,,,,5519.390255324,0.872,0.747,0.03735004599267865,,
diagnostics,2896.0,"[0.0,2896.0,-471.0,-2564.0]",,2196.0,"[595.0,2196.0,-545.0,-2145.0]",5519.39063551,,,,,
pose,,,1.527714491665276,,,5519.390750076,,,,1.4758505211235322,2.7894958457051215
wheel_odom,,,,,,5519.410203959,0.887,0.704,0.022689280275926284,,
pose,,,0.8673073637962483,,,5519.410510844,,,,1.4928462942510068,2.8066332806682937
cmd,,,,,,5519.417085427,1.6829450654983527,0.45969506740570065,-0.010319300927221775,,
pose,,,0.13830941994061452,,,5519.430263747,,,,1.490323443300997,2.8093651336152443
wheel_odom,,,,,,5519.450720688,0.889,0.656,-0.05689773361501514,,
diagnostics,2858.0,"[209.0,2858.0,-519.0,-2357.0]",,2170.0,"[1016.0,2170.0,-1016.0,-2170.0]",5519.451136947,,,,,
pose,,,1.3219774422792725,,,5519.451313729,,,,1.5127866865691244,2.8371939578090863
cmd,,,,,,5519.467448525,1.7929450654983528,0.34969506740570067,-0.004925860557705164,,
wheel_odom,,,,,,5519.470487401,0.788,0.632,-0.14625859131712482,,
pose,,,1.329272695046082,,,5519.471030086,,,,1.5341231426059931,2.8633998099766496
wheel_odom,,,,,,5519.490353992,0.743,0.605,-0.10925761117484503,,
diagnostics,2368.0,"[309.0,2368.0,-291.0,-2127.0]",,1807.0,"[1031.0,1807.0,-1031.0,-1807.0]",5519.49070462,,,,,
pose,,,0.8085066342698932,,,5519.490803225,,,,1.5466438134959226,2.879389412024434
wheel_odom,,,,,,5519.510244433,0.732,0.533,0.0020943951023931952,,
pose,,,1.0697398971833434,,,5519.5104908,,,,1.5695046480353936,2.9004497204876234
cmd,,,,,,5519.517235733,1.900179386138916,0.23969506740570065,-0.0005421785172075033,,
pose,,,0.07317873039884688,,,5519.530259538,,,,1.5665590331732493,2.9018962912858255
wheel_odom,,,,,,5519.550701252,0.783,0.5,0.1322959573011702,,
diagnostics,2268.0,"[280.0,2268.0,-733.0,-2062.0]",,1837.0,"[1140.0,1782.0,-1195.0,-1837.0]",5519.55118815,,,,,
pose,,,0.6360218085993861,,,5519.551385721,,,,1.5792318232975682,2.9153323276787058
cmd,,,,,,5519.5673486,1.9376347064971924,0.12969506740570064,0.0010990824084728956,,
wheel_odom,,,,,,5519.570525023,0.795,0.46,0.14695672301792254,,
pose,,,1.0030112544082788,,,5519.570919958,,,,1.599668236916664,2.9349270743011058
wheel_odom,,,,,,5519.590405134,0.78,0.514,-0.058643062867009474,,
diagnostics,2274.0,"[458.0,2274.0,-425.0,-2095.0]",,1987.0,"[1317.0,1925.0,-1380.0,-1987.0]",5519.590808881,,,,,
pose,,,0.6492865047314484,,,5519.59096184,,,,1.6128133549367942,2.947939577075483
wheel_odom,,,,,,5519.61025922,0.853,0.423,-0.0582939970166106,,
pose,,,0.8205118618466564,,,5519.610623424,,,,1.637420607830242,2.964073044174765
cmd,,,,,,5519.617318574,1.9941915273666382,0.019695067405700623,0.0018010479398071766,,
pose,,,0.04076374514785911,,,5519.630888836,,,,1.6343944593821031,2.9648989048516414
wheel_odom,,,,,,5519.65040861,0.91,0.435,-0.04363323129985824,,
diagnostics,2300.0,"[874.0,2218.0,-858.0,-2300.0]",,2350.0,"[1660.0,2278.0,-1732.0,-2350.0]",5519.650709209,,,,,
pose,,,0.5109150031201554,,,5519.650802879,,,,1.6495661199520832,2.975076354193679
cmd,,,,,,5519.667444587,2.0561680793762207,-0.09030493259429939,0.0028860350139439106,,
wheel_odom,,,,,,5519.670338002,1.013,0.388,0.045727626402251434,,
pose,,,0.6712112607006124,,,5519.670719638,,,,1.6741737408436173,2.9884433767709906
wheel_odom,,,,,,5519.690288802,1.066,0.311,0.2558652683423687,,
diagnostics,2560.0,"[1226.0,2142.0,-1407.0,-2560.0]",,2543.0,"[1896.0,2463.0,-1975.0,-2543.0]",5519.69073909,,,,,
pose,,,0.3267561866849726,,,5519.690896524,,,,1.691792776668241,2.9950363562816094
wheel_odom,,,,,,5519.710485891,1.29,0.193,0.20734511513692636,,
pose,,,0.47815942969527003,,,5519.710947893,,,,1.7253350784523147,3.0046241887346645
cmd,,,,,,5519.71720671,2.072850227355957,-0.2003049325942994,0.0037625236436724663,,
pose,,,-0.03908868064130092,,,5519.730730076,,,,1.721440104918587,3.003851109617079
wheel_odom,,,,,,5519.752397873,1.386,0.156,0.10716321607245183,,
diagnostics,2811.0,"[2147.0,2421.0,-1811.0,-2811.0]",,2800.0,"[2321.0,2705.0,-2415.0,-2800.0]",5519.753219842,,,,,
pose,,,0.19858248726343264,,,5519.753526312,,,,1.7433152156065599,3.0083782215864434
cmd,,,,,,5519.767683058,2.0678398609161377,-0.3103049325942994,0.004177463240921497,,
wheel_odom,,,,,,5519.771243876,1.167,0.273,-0.33300882128051806,,
pose,,,0.5082047037414721,,,5519.771930258,,,,1.7739858005263012,3.0177311157554123
wheel_odom,,,,,,5519.790910759,1.257,0.224,-0.266860842629933,,
diagnostics,2932.0,"[2460.0,2113.0,-1026.0,-2932.0]",,2913.0,"[2556.0,2809.0,-2660.0,-2913.0]",5519.791267034,,,,,
pose,,,0.2965887686617382,,,5519.791487778,,,,1.7933494051121952,3.023533165574046
wheel_odom,,,,,,5519.810502789,1.311,0.116,-0.09721483933608416,,
pose,,,0.36833971325881865,,,5519.810916444,,,,1.824194081658003,3.0306888717163902
cmd,,,,,,5519.817221091,2.0915536880493164,-0.42030493259429946,0.004198941867798567,,
wheel_odom,,,,,,5519.831583871,1.106,0.148,0.14032447186034408,,
pose,,,0.12070869225116475,,,5519.832020037,,,,1.8473952195122,3.0332339931270567
diagnostics,2265.0,"[1538.0,2017.0,-1806.0,-2265.0]",,3069.0,"[2947.0,2869.0,-3069.0,-2991.0]",5519.85041797,,,,,
pose,,,0.128540379583607,,,5519.851143578,,,,1.84060408049883,3.0356940117656195
cmd,,,,,,5519.867432353,2.0452723503112793,-0.5303049325942994,0.0039826855063438416,,
wheel_odom,,,,,,5519.870883877,1.479,0.068,0.4356341812977847,,
pose,,,0.28400108389272305,,,5519.871744397,,,,1.8727425975726868,3.041544188148841
wheel_odom,,,,,,5519.89012726,1.552,-0.035,0.4042182547618867,,
diagnostics,2918.0,"[2197.0,2483.0,-2918.0,-2631.0]",,3378.0,"[3245.0,2853.0,-3378.0,-2986.0]",5519.89046309,,,,,
pose,,,0.14598481706822714,,,5519.890722852,,,,1.8946971609418948,3.0443158712140144
wheel_odom,,,,,,5519.910277933,1.5,0.028,-0.0762708883121522,,
pose,,,0.252066842970866,,,5519.910513165,,,,1.9299199906147377,3.0493043310036714
cmd,,,,,,5519.917182305,1.9836876392364502,-0.6126078963279724,0.0023122266866266727,,
wheel_odom,,,,,,5519.930975374,1.666,-0.088,-0.14905111812031574,,
pose,,,-0.07621419123525594,,,5519.931518157,,,,1.9613138770966825,3.047703803035579
diagnostics,3390.0,"[3390.0,2435.0,-2547.0,-2857.0]",,3698.0,"[3567.0,2793.0,-3698.0,-2925.0]",5519.950889042,,,,,
pose,,,0.19318248582397632,,,5519.953508149,,,,1.9539268156948384,3.051951925694407
cmd,,,,,,5519.967425174,1.9516955614089966,-0.6402429342269897,0.001588256098330021,,
wheel_odom,,,,,,5519.970471381,1.637,-0.17,-0.21485003092050198,,
pose,,,0.14663541907414174,,,5519.971365665,,,,1.9922849933367033,3.0545704700366643
wheel_odom,,,,,,5519.990582621,1.651,-0.248,-0.12740903539558607,,
diagnostics,3772.0,"[3772.0,2004.0,-2765.0,-2700.0]",,4001.0,"[3878.0,2669.0,-4001.0,-2792.0]",5519.991030779,,,,,
pose,,,0.07414088736807953,,,5519.991198668,,,,2.0168346458308912,3.056041114072758
wheel_odom,,,,,,5520.010764931,1.671,-0.275,0.3728023282259888,,
pose,,,0.05694124124524619,,,5520.01181512,,,,2.056070373066185,3.057214720771572
cmd,,,,,,5520.017341539,1.9139037132263184,-0.671439528465271,0.0020013179164379835,,
wheel_odom,,,,,,5520.030370506,1.649,-0.249,0.5717698629533423,,
pose,,,-0.2294425671837037,,,5520.030718122,,,,2.088381286896444,3.0528760698934243
diagnostics,3734.0,"[2747.0,2255.0,-3734.0,-2543.0]",,4319.0,"[4222.0,2321.0,-4319.0,-2418.0]",5520.050229414,,,,,
pose,,,0.3186770391647963,,,5520.050687837,,,,2.080753759893413,3.059239345133126
cmd,,,,,,5520.067427303,1.8961230516433716,-0.7143177390098572,0.0012107358779758215,,
wheel_odom,,,,,,5520.070798431,1.738,-0.373,0.29653143991383657,,
pose,,,0.002940598773852439,,,5520.071467901,,,,2.121633049523605,3.0593004434241493
wheel_odom,,,,,,5520.091361337,1.738,-0.402,-0.14364059743913332,,
diagnostics,3825.0,"[3825.0,2239.0,-3437.0,-2181.0]",,4363.0,"[4363.0,2098.0,-4363.0,-2098.0]",5520.092052234,,,,,
pose,,,0.02226210439155261,,,5520.092617253,,,,2.148161196922819,3.0597712839711826
wheel_odom,,,,,,5520.110411673,1.72,-0.415,-0.23369958684204073,,
pose,,,-0.04305750666406829,,,5520.110824798,,,,2.1901032907228957,3.0589871904560626
cmd,,,,,,5520.117137093,1.8767346143722534,-0.7707037925720215,0.0005186190828680992,,
wheel_odom,,,,,,5520.130405971,1.656,-0.411,0.11606439525762292,,
pose,,,-0.4175006774827034,,,5520.130883734,,,,2.239737827307725,3.050612577348664
diagnostics,3547.0,"[3480.0,2031.0,-3547.0,-2240.0]",,4405.0,"[4405.0,1995.0,-4405.0,-1995.0]",5520.150338157,,,,,
pose,,,0.37802786301978564,,,5520.151044554,,,,2.2304816300042702,3.0582327325917364
cmd,,,,,,5520.167664278,1.8117346143722535,-0.8160694241523743,0.00030870860791765153,,
wheel_odom,,,,,,5520.170890845,1.682,-0.447,0.19442967867216832,,
pose,,,-0.011561229848404327,,,5520.17163472,,,,2.2566942514445576,3.0579946918404857
wheel_odom,,,,,,5520.192688666,1.728,-0.491,0.14486232791552936,,
diagnostics,3903.0,"[3651.0,2090.0,-3903.0,-2106.0]",,4405.0,"[4405.0,1995.0,-4405.0,-1995.0]",5520.193516863,,,,,
pose,,,-0.1291853000570528,,,5520.193813344,,,,2.2985074044749347,3.0551294210521753
wheel_odom,,,,,,5520.210336492,1.731,-0.523,-0.10803588069844901,,
pose,,,-0.11836519931195051,,,5520.210743144,,,,2.326261920424912,3.053125141948493
cmd,,,,,,5520.217166002,1.7467346143722535,-0.9140041470527649,0.0003460059524513781,,
wheel_odom,,,,,,5520.230914422,1.708,-0.605,-0.2525491427635795,,
pose,,,-0.5578751373778916,,,5520.231364447,,,,2.377023456708927,3.0416213984600273
diagnostics,4162.0,"[4162.0,1864.0,-3671.0,-1836.0]",,4469.0,"[4469.0,1714.0,-4402.0,-1647.0]",5520.250589268,,,,,
pose,,,0.31322919085763457,,,5520.251329908,,,,2.369042689202272,3.0478742011008033
cmd,,,,,,5520.267382331,1.6817346143722536,-0.9561962485313416,-0.00023105699801817536,,
wheel_odom,,,,,,5520.27026183,1.654,-0.563,-0.02007128639793479,,
pose,,,-0.16724955048673618,,,5520.270644339,,,,2.3964889369482005,3.044643310410383
wheel_odom,,,,,,5520.290320991,1.607,-0.609,0.11065387457644049,,
diagnostics,3935.0,"[3737.0,1690.0,-3935.0,-1685.0]",,4520.0,"[4520.0,1475.0,-4446.0,-1401.0]",5520.290740571,,,,,
pose,,,-0.3269894956891885,,,5520.290903733,,,,2.438499339060581,3.038018621598076
wheel_odom,,,,,,5520.31031445,1.696,-0.703,0.034732052114687155,,
pose,,,-0.3029820142980902,,,5520.310726036,,,,2.4671530375820843,3.0320128390917396
cmd,,,,,,5520.317288334,1.6167346143722536,-1.0482417345046997,-0.002136316616088152,,
wheel_odom,,,,,,5520.330718735,1.643,-0.723,-0.031415926535897934,,
pose,,,-0.7164972562822438,,,5520.331133606,,,,2.5168489723225504,3.017390884793407
diagnostics,4016.0,"[3965.0,1648.0,-4016.0,-1438.0]",,4497.0,"[4497.0,1270.0,-4408.0,-1180.0]",5520.350132195,,,,,
pose,,,0.2454285242070233,,,5520.350552667,,,,2.5104296105414607,3.0221568993466086
cmd,,,,,,5520.367246489,1.5517346143722537,-1.1125788688659668,-0.004134960938245058,,
wheel_odom,,,,,,5520.370334152,1.628,-0.742,-0.11484266478122689,,
pose,,,-0.3854962431068172,,,5520.370700613,,,,2.5392540600010274,3.014389983105408
wheel_odom,,,,,,5520.3906296,1.533,-0.658,-0.04310963252425994,,
diagnostics,3845.0,"[3457.0,1686.0,-3845.0,-1300.0]",,4539.0,"[4539.0,1045.0,-4444.0,-950.0]",5520.391153899,,,,,
pose,,,-0.5454300120897939,,,5520.391338162,,,,2.582532376085706,3.0031337083203624
wheel_odom,,,,,,5520.410325241,1.566,-0.727,0.25132741228718347,,
pose,,,-0.38992100725702494,,,5520.410745745,,,,2.6107802947031264,2.9955662758203334
cmd,,,,,,5520.417229998,1.4867346143722537,-1.1592838764190674,-0.003957113716751337,,
wheel_odom,,,,,,5520.430731086,1.617,-0.904,0.20280725908174108,,
pose,,,-0.9036955360265292,,,5520.4311447,,,,2.659314723491032,2.9771316975000417
diagnostics,4253.0,"[4158.0,1010.0,-4253.0,-1340.0]",,4542.0,"[4542.0,784.0,-4455.0,-697.0]",5520.450369153,,,,,
pose,,,0.27191662231099584,,,5520.450958551,,,,2.6547119193539244,2.9825188633955597
cmd,,,,,,5520.467466631,1.4217346143722538,-1.2002581357955933,-0.0033943485468626022,,
wheel_odom,,,,,,5520.47097559,1.496,-0.855,-0.12182398178920421,,
pose,,,-0.6041050370420546,,,5520.471613745,,,,2.696448096969464,2.9700414628992235
wheel_odom,,,,,,5520.490292853,1.45,-0.939,-0.17627825445142728,,
diagnostics,4312.0,"[4312.0,878.0,-3803.0,-892.0]",,4502.0,"[4502.0,589.0,-4430.0,-517.0]",5520.490682545,,,,,
pose,,,-0.513930531746162,,,5520.490836967,,,,2.7227907682374903,2.9601605049856357
wheel_odom,,,,,,5520.510837789,1.458,-0.906,-0.21153390534171274,,
pose,,,-0.782730723948804,,,5520.511552743,,,,2.7637186521596284,2.943948597188964
cmd,,,,,,5520.518777362,1.3567346143722538,-1.2057304382324219,-0.002098298165947199,,
wheel_odom,,,,,,5520.530581305,1.474,-0.989,-0.07452555906015787,,
pose,,,-0.8409127267687893,,,5520.530988189,,,,2.7937467592029885,2.927601852510965
diagnostics,4374.0,"[3946.0,1071.0,-4374.0,-469.0]",,4426.0,"[4426.0,374.0,-4426.0,-374.0]",5520.550180521,,,,,
pose,,,0.20074417271133776,,,5520.550644014,,,,2.790537230353078,2.931547503716513
cmd,,,,,,5520.567469441,1.291734614372254,-1.2077068090438843,-0.0018224777886644006,,
pose,,,0.0,,,5520.570598522,,,,2.790537230353078,2.931547503716513
wheel_odom,,,,,,5520.590728306,1.425,-1.007,0.0736528944341607,,
pose,,,-0.965209669514741,,,5520.591025396,,,,2.8314023887045363,2.911828068438974
wheel_odom,,,,,,5520.610487207,1.397,-0.976,0.05235987755982989,,
diagnostics,4393.0,"[3565.0,1050.0,-4393.0,-348.0]",,4326.0,"[4326.0,254.0,-4326.0,-254.0]",5520.610951995,,,,,
pose,,,-0.6410789729480076,,,5520.611137257,,,,2.857201097674662,2.898936619706162
cmd,,,,,,5520.617299697,1.226734614372254,-1.195677399635315,-0.0014220664743334055,,
wheel_odom,,,,,,5520.633187285,1.435,-0.973,0.16126842288427606,,
pose,,,-0.8997234321309308,,,5520.633547653,,,,2.89761571252948,2.87877778717202
wheel_odom,,,,,,5520.650437127,1.343,-0.887,-0.012915436464758038,,
pose,,,-0.6937437459997903,,,5520.650843061,,,,2.922844846331371,2.8667750158255076
cmd,,,,,,5520.667300503,1.161734614372254,-1.1952134370803833,-0.001732909819111228,,
diagnostics,3921.0,"[3921.0,650.0,-3698.0,-896.0]",,4236.0,"[4203.0,125.0,-4236.0,-158.0]",5520.669805451,,,,,
pose,,,0.0,,,5520.670345701,,,,2.922844846331371,2.8667750158255076
wheel_odom,,,,,,5520.690207099,1.353,-1.004,-0.050265482457436686,,
pose,,,-1.0806370833939563,,,5520.690632763,,,,2.9619771683067593,2.8448522653129555
wheel_odom,,,,,,5520.710256049,1.306,-1.014,-0.050265482457436686,,
diagnostics,3987.0,"[3862.0,585.0,-3987.0,-365.0]",,4123.0,"[4056.0,18.0,-4123.0,-86.0]",5520.710673294,,,,,
pose,,,-0.7526455500677758,,,5520.710832304,,,,2.986683893076154,2.8296486995101335
cmd,,,,,,5520.717201381,1.096734614372254,-1.1883450746536255,-0.00018475885735824704,,
wheel_odom,,,,,,5520.730411731,1.298,-1.046,0.0041887902047863905,,
pose,,,-1.2055286972394548,,,5520.731415373,,,,3.024368939673439,2.8048344729305765
wheel_odom,,,,,,5520.750373711,1.261,-1.054,0.07243116395776468,,
pose,,,-0.9085257733751652,,,5520.750679466,,,,3.0489298596530414,2.787332034622424
cmd,,,,,,5520.767121942,1.0856629610061646,-1.1794148683547974,0.0016389068914577365,,
diagnostics,4096.0,"[3720.0,479.0,-4096.0,-350.0]",,4019.0,"[3938.0,-96.0,-4019.0,14.0]",5520.769764487,,,,,
pose,,,0.0,,,5520.769986736,,,,3.0489298596530414,2.787332034622424
wheel_odom,,,,,,5520.790210828,1.218,-0.972,0.07086036763096977,,
pose,,,-1.2296016606895535,,,5520.790477047,,,,3.084977329443917,2.7621370773013947
wheel_odom,,,,,,5520.810213353,1.206,-1.061,0.07086036763096977,,
diagnostics,3835.0,"[3835.0,192.0,-3832.0,-352.0]",,3909.0,"[3805.0,-205.0,-3909.0,101.0]",5520.810596551,,,,,
pose,,,-0.8901161258863046,,,5520.810734048,,,,3.1087059904219285,2.74410716188084
cmd,,,,,,5520.817093024,1.1108028888702393,-1.161733627319336,0.0028338516131043434,,
wheel_odom,,,,,,5520.830147507,1.198,-1.074,0.12897983172238095,,
pose,,,-1.4005546139275935,,,5520.83043722,,,,3.1438793913755743,2.7165115763417407
wheel_odom,,,,,,5520.85107847,1.154,-1.074,0.0783652834145454,,
pose,,,-0.9176996217020994,,,5520.851634508,,,,3.1668351677430215,2.69706126965548
cmd,,,,,,5520.867309362,1.145460605621338,-1.1382908821105957,0.003950977232307196,,
diagnostics,3822.0,"[3739.0,121.0,-3822.0,-212.0]",,3877.0,"[3769.0,-210.0,-3877.0,103.0]",5520.869786607,,,,,
pose,,,0.0,,,5520.870164009,,,,3.1668351677430215,2.69706126965548
wheel_odom,,,,,,5520.890269744,1.161,-1.066,0.06667157742618339,,
pose,,,-1.416838605369346,,,5520.890598057,,,,3.2007624310379184,2.668107155464576
wheel_odom,,,,,,5520.91094508,1.16,-1.061,0.07295476273336297,,
diagnostics,3801.0,"[3743.0,96.0,-3801.0,-183.0]",,3891.0,"[3782.0,-140.0,-3891.0,32.0]",5520.911607396,,,,,
pose,,,-0.9351379171762334,,,5520.912106987,,,,3.223596280670463,2.6479977065583706
cmd,,,,,,5520.917400877,1.176403284072876,-1.1180143356323242,0.005346020683646202,,
wheel_odom,,,,,,5520.930243178,1.151,-1.089,0.06998770300497262,,
pose,,,-1.6430184253067133,,,5520.930485064,,,,3.2570973539917465,2.6177944110197524
wheel_odom,,,,,,5520.950436917,1.171,-1.111,0.08133234314293576,,
pose,,,-1.0473505546248234,,,5520.950855817,,,,3.2799846784249285,2.596460879394192
cmd,,,,,,5520.967452391,1.2013394832611084,-1.1001094579696655,0.006394858006387949,,
diagnostics,3876.0,"[3779.0,56.0,-3876.0,-191.0]",,3906.0,"[3801.0,-40.0,-3906.0,-64.0]",5520.969868757,,,,,
pose,,,0.0,,,5520.970314921,,,,3.2799846784249285,2.596460879394192
wheel_odom,,,,,,5520.990366352,1.159,-1.113,0.05619960191421741,,
pose,,,-1.592555625089909,,,5520.990687913,,,,3.3137575290650205,2.564016168856697
wheel_odom,,,,,,5521.010789812,1.167,-1.113,0.0841248699461267,,
diagnostics,3820.0,"[3741.0,77.0,-3820.0,-151.0]",,3922.0,"[3822.0,48.0,-3922.0,-147.0]",5521.011344281,,,,,
pose,,,-1.0593729447329678,,,5521.011548912,,,,3.336346943538052,2.541918477659513
cmd,,,,,,5521.017384564,1.215319037437439,-1.0916013717651367,0.006269044242799282,,
wheel_odom,,,,,,5521.030893661,1.172,-1.079,0.07871434926494426,,
pose,,,-1.6358470252513144,,,5521.03170673,,,,3.370118598822908,2.508948890397055
wheel_odom,,,,,,5521.051418628,1.202,-1.078,0.052708943410228755,,
pose,,,-1.081297474787438,,,5521.052241627,,,,3.3930436397299313,2.4867423641731374
cmd,,,,,,5521.067339071,1.2177064418792725,-1.0616391897201538,0.006615994032472372,,
diagnostics,3878.0,"[3833.0,117.0,-3878.0,-291.0]",,3931.0,"[3836.0,122.0,-3931.0,-217.0]",5521.069890746,,,,,
pose,,,0.0,,,5521.070415172,,,,3.3930436397299313,2.4867423641731374
wheel_odom,,,,,,5521.090495353,1.175,-1.099,0.06527531402458793,,
pose,,,-1.6285248043585858,,,5521.090954351,,,,3.4269262412189856,2.4532935883744615
wheel_odom,,,,,,5521.110816215,1.179,-1.109,0.08168140899333462,,
diagnostics,3848.0,"[3848.0,56.0,-3843.0,-218.0]",,3940.0,"[3848.0,162.0,-3940.0,-253.0]",5521.111520809,,,,,
pose,,,-1.1205209198630632,,,5521.111802899,,,,3.4499442301599905,2.4299350098259547
cmd,,,,,,5521.120135252,1.2167540788650513,-1.0386207103729248,0.0066874949261546135,,
wheel_odom,,,,,,5521.130322005,1.171,-1.079,0.07714355293814937,,
pose,,,-1.773865164615478,,,5521.130697571,,,,3.483630189954817,2.3964105067995196
wheel_odom,,,,,,5521.150439663,1.179,-1.075,0.11222467090323539,,
pose,,,-1.6277653863601316,,,5521.150698969,,,,3.5167513391121066,2.3638519695851827
cmd,,,,,,5521.167249251,1.2141798734664917,-1.0147044658660889,0.006973684299737215,,
diagnostics,3853.0,"[3791.0,87.0,-3853.0,-291.0]",,3891.0,"[3805.0,220.0,-3891.0,-306.0]",5521.169842586,,,,,
pose,,,0.0,,,5521.170208884,,,,3.5167513391121066,2.3638519695851827
wheel_odom,,,,,,5521.19032958,1.187,-1.077,0.06492624817418906,,
pose,,,-1.0987823724417316,,,5521.190587109,,,,3.539302206125951,2.3414608043975234
wheel_odom,,,,,,5521.210263227,1.183,-1.071,0.034732052114687155,,
diagnostics,3830.0,"[3777.0,146.0,-3830.0,-266.0]",,3849.0,"[3767.0,259.0,-3849.0,-341.0]",5521.210562063,,,,,
pose,,,-1.6080907605457841,,,5521.210767268,,,,3.5725259595275674,2.3090091887182984
cmd,,,,,,5521.217180006,1.2004029750823975,-0.9817355275154114,0.006582579109817743,,
wheel_odom,,,,,,5521.230400725,1.188,-1.05,0.06492624817418906,,
pose,,,-1.1003547404731118,,,5521.230846977,,,,3.595089440636052,2.286914833576833
wheel_odom,,,,,,5521.251445639,1.189,-1.039,0.08342673824532895,,
diagnostics,3740.0,"[3676.0,221.0,-3740.0,-241.0]",,3801.0,"[3724.0,297.0,-3801.0,-374.0]",5521.25193143,,,,,
pose,,,-1.497118877490637,,,5521.252361875,,,,3.62842717261888,2.254708358656881
cmd,,,,,,5521.267405306,1.1843085289001465,-0.9327983856201172,0.006065113469958305,,
wheel_odom,,,,,,5521.270566047,1.171,-1.031,0.04852015320544236,,
pose,,,-1.1710458735765745,,,5521.270891559,,,,3.651115532922159,2.233007033051226
pose,,,-0.009742722482374552,,,5521.29093167,,,,3.650690810739705,2.232811784527947
wheel_odom,,,,,,5521.310943523,1.167,-1.027,0.059864793343405505,,
diagnostics,3755.0,"[3670.0,261.0,-3755.0,-306.0]",,3719.0,"[3646.0,331.0,-3719.0,-404.0]",5521.311650673,,,,,
pose,,,-1.5068791518440467,,,5521.312049167,,,,3.683736709086809,2.200992453533143
cmd,,,,,,5521.317271252,1.1749355792999268,-0.8616032004356384,0.005296082701534033,,
wheel_odom,,,,,,5521.330516748,1.146,-1.007,0.034732052114687155,,
pose,,,-1.1464881960564346,,,5521.330986216,,,,3.7056765440988526,2.179279835875723
diagnostics,3654.0,"[3613.0,286.0,-3654.0,-281.0]",,3607.0,"[3539.0,389.0,-3607.0,-457.0]",5521.351081331,,,,,
wheel_odom,,,,,,5521.351422715,1.159,-1.003,0.0033161255787892262,,
pose,,,-1.5025146695888705,,,5521.351875937,,,,3.7384825572832656,2.1478972837625916
cmd,,,,,,5521.367327702,1.1693880558013916,-0.7681839466094971,0.004879272077232599,,
wheel_odom,,,,,,5521.370552741,1.159,-0.98,0.017627825445142728,,
pose,,,-1.091566662894208,,,5521.370937331,,,,3.7609522305560454,2.1270879876457744
pose,,,-0.05524286871870379,,,5521.390344656,,,,3.7611382934372277,2.1260159839787933
wheel_odom,,,,,,5521.410742387,1.176,-0.942,0.06789330790257943,,
diagnostics,3577.0,"[3523.0,426.0,-3577.0,-390.0]",,3469.0,"[3407.0,497.0,-3469.0,-559.0]",5521.411365874,,,,,
pose,,,-1.4298136267396158,,,5521.411521898,,,,3.7942673833494225,2.0957334064106212
cmd,,,,,,5521.417216643,1.1622645854949951,-0.6581839466094971,0.004750266671180725,,
wheel_odom,,,,,,5521.43101706,1.178,-0.933,0.01710422666954443,,
pose,,,-1.0368864470316752,,,5521.431816031,,,,3.8173574587347403,2.0746948300515884
wheel_odom,,,,,,5521.451717567,1.149,-0.914,0.05899212871740834,,
diagnostics,3506.0,"[3438.0,355.0,-3506.0,-450.0]",,3299.0,"[3240.0,647.0,-3299.0,-706.0]",5521.452533839,,,,,
pose,,,-1.4021822671583666,,,5521.452825203,,,,3.850365612173711,2.0452363154967523
cmd,,,,,,5521.467255362,1.1443595886230469,-0.5663853287696838,0.005177909508347511,,
wheel_odom,,,,,,5521.470614946,1.123,-0.833,0.05689773361501514,,
pose,,,-1.5594439947333234,,,5521.471101556,,,,3.883794596228425,2.0167324644399707
pose,,,0.008332372639661224,,,5521.490598369,,,,3.8829049670206004,2.0168949390155504
diagnostics,3295.0,"[3295.0,581.0,-3286.0,-599.0]",,3099.0,"[3045.0,823.0,-3099.0,-877.0]",5521.510298114,,,,,
wheel_odom,,,,,,5521.510624051,1.124,-0.814,-0.0020943951023931952,,
pose,,,-0.9147390875402284,,,5521.511008008,,,,3.904650369886291,1.9982311871918323
cmd,,,,,,5521.517189862,1.1309922933578491,-0.47023332118988037,0.005328132305294275,,
wheel_odom,,,,,,5521.530844001,1.164,-0.769,0.0066322511575784525,,
pose,,,-1.31166814603777,,,5521.531260105,,,,3.9374746253051955,1.9716597496758594
diagnostics,3246.0,"[3076.0,713.0,-3246.0,-706.0]",,2914.0,"[2858.0,947.0,-2914.0,-1003.0]",5521.550420553,,,,,
wheel_odom,,,,,,5521.550772591,1.149,-0.732,0.05445427266222309,,
pose,,,-0.866680739914724,,,5521.551184278,,,,3.9598225081322016,1.954391760810308
cmd,,,,,,5521.567386037,1.1026277542114258,-0.40893974900245667,0.0061438316479325294,,
wheel_odom,,,,,,5521.570517903,1.126,-0.69,0.06370451769779303,,
pose,,,-1.2602417493628075,,,5521.570914176,,,,3.9925979573559585,1.9295250688478174
wheel_odom,,,,,,5521.590216137,1.099,-0.666,0.05445427266222309,,
pose,,,-0.7572095388081855,,,5521.591108125,,,,4.0144207075221,1.914234299720684
diagnostics,2985.0,"[2971.0,799.0,-2985.0,-775.0]",,2730.0,"[2675.0,1088.0,-2730.0,-1143.0]",5521.610210533,,,,,
pose,,,-0.04356532503705737,,,5521.610747258,,,,4.014228081386991,1.9133787909652398
cmd,,,,,,5521.617134709,1.0772027969360352,-0.2989397490024567,0.006779825314879417,,
wheel_odom,,,,,,5521.630230376,1.099,-0.631,-0.028099800957108706,,
pose,,,-1.157086365359874,,,5521.630644829,,,,4.046233472767162,1.8903553884667998
wheel_odom,,,,,,5521.651162191,1.111,-0.589,-0.032637657012293965,,
diagnostics,2922.0,"[2839.0,952.0,-2922.0,-879.0]",,2580.0,"[2524.0,1143.0,-2580.0,-1199.0]",5521.651619342,,,,,
pose,,,-0.6924722816481461,,,5521.651808338,,,,4.06790033540226,1.875699962573693
cmd,,,,,,5521.667319164,1.0460021495819092,-0.18893974900245666,0.007726431358605623,,
wheel_odom,,,,,,5521.670348836,1.114,-0.54,0.013788101090755204,,
pose,,,-1.1038783360285394,,,5521.670718294,,,,4.099990298035362,1.8548257038224067
wheel_odom,,,,,,5521.690436281,1.121,-0.512,0.003839724354387525,,
pose,,,-0.6183511403093093,,,5521.690879251,,,,4.12197146223249,1.8423592408775584
diagnostics,2741.0,"[2741.0,985.0,-2729.0,-1015.0]",,2352.0,"[2292.0,1283.0,-2352.0,-1343.0]",5521.710075405,,,,,
pose,,,-0.03601699745601218,,,5521.710541939,,,,4.121835242658811,1.841651065057038
cmd,,,,,,5521.71714317,1.053645133972168,-0.07893974900245665,0.008577222935855389,,
wheel_odom,,,,,,5521.730446807,1.084,-0.435,0.022689280275926284,,
pose,,,-0.9125673291702427,,,5521.73087483,,,,4.154162654083761,1.8230949136845624
pose,,,0.0,,,5521.75021428,,,,4.154162654083761,1.8230949136845624
cmd,,,,,,5521.76715012,1.0634164810180664,0.031060250997543365,0.0078063346445560455,,
wheel_odom,,,,,,5521.770513943,1.089,-0.381,0.05201081170943102,,
diagnostics,2526.0,"[2393.0,1234.0,-2526.0,-1212.0]",,2114.0,"[2055.0,1416.0,-2114.0,-1476.0]",5521.770965269,,,,,
pose,,,-0.5126630990146128,,,5521.771179401,,,,4.175451643759217,1.8123470594667994
wheel_odom,,,,,,5521.790406291,1.058,-0.347,0.0,,
pose,,,-0.7938987865553755,,,5521.790832203,,,,4.207060158995395,1.7967443181241773
wheel_odom,,,,,,5521.810362837,1.07,-0.277,-0.07714355293814937,,
pose,,,-0.41890863809170314,,,5521.810773887,,,,4.228282545002036,1.7883906288965759
cmd,,,,,,5521.817180936,1.0380208492279053,0.14106025099754338,0.008274303749203682,,
diagnostics,2315.0,"[2251.0,1483.0,-2315.0,-1202.0]",,1940.0,"[1884.0,1617.0,-1940.0,-1674.0]",5521.830287232,,,,,
pose,,,-0.009742195572516198,,,5521.830748341,,,,4.2278172738625095,1.7881960391297786
wheel_odom,,,,,,5521.850322052,1.111,-0.2,-0.06161012259539983,,
pose,,,-0.6159764777141754,,,5521.850780188,,,,4.259567016638761,1.7758556365968732
cmd,,,,,,5521.867152033,1.0244535207748413,0.20245371758937836,0.00773005373775959,,
wheel_odom,,,,,,5521.870598415,1.096,-0.198,-0.06876597252857658,,
diagnostics,2281.0,"[2021.0,1768.0,-2281.0,-1361.0]",,1873.0,"[1715.0,1820.0,-1768.0,-1873.0]",5521.870845274,,,,,
pose,,,-0.34514826783374847,,,5521.871063525,,,,4.28045175315546,1.7688548848682015
wheel_odom,,,,,,5521.890306814,1.104,-0.112,-0.041015237421866746,,
pose,,,-0.49377734306416804,,,5521.890619449,,,,4.312024287328916,1.759198501080876
wheel_odom,,,,,,5521.910317672,1.079,-0.057,-0.0301941960595019,,
pose,,,-0.20356977263773024,,,5521.910753062,,,,4.333592718757854,1.7551003463815065
cmd,,,,,,5521.917356571,0.9852718114852905,0.2527405023574829,0.0081817377358675,,
diagnostics,2062.0,"[1816.0,1866.0,-2062.0,-1522.0]",,2009.0,"[1495.0,1971.0,-1533.0,-2009.0]",5521.930186843,,,,,
pose,,,-0.04447120035277853,,,5521.931125631,,,,4.332821747328226,1.7541943867369683
wheel_odom,,,,,,5521.950425002,1.039,-0.043,-0.06911503837897545,,
pose,,,-0.3684660902306974,,,5521.950831492,,,,4.363098964954985,1.7469331002953148
cmd,,,,,,5521.967286549,0.9627555012702942,0.3086702525615692,0.005697204265743494,,
wheel_odom,,,,,,5521.970543119,1.042,0.003,-0.09005898940290741,,
diagnostics,2065.0,"[1582.0,2065.0,-1896.0,-1476.0]",,2069.0,"[1387.0,2069.0,-1387.0,-2069.0]",5521.970921797,,,,,
pose,,,-0.17317177565604366,,,5521.971091145,,,,4.382807870868084,1.7434246643645899
wheel_odom,,,,,,5521.99032615,1.035,-0.009,-0.03560471674068432,,
pose,,,-0.26549991566695014,,,5521.990728774,,,,4.412067266598166,1.738210867025151
wheel_odom,,,,,,5522.01032046,1.0,0.046,-0.011344640137963142,,
pose,,,-0.05808889249072215,,,5522.010731592,,,,4.432358722530433,1.737048929024264
cmd,,,,,,5522.017216817,0.9050540924072266,0.3390275835990906,0.005110686644911766,,
diagnostics,1864.0,"[1473.0,1864.0,-1802.0,-1557.0]",,2089.0,"[1235.0,2089.0,-1235.0,-2089.0]",5522.030068543,,,,,
pose,,,-0.05970364939082451,,,5522.030535456,,,,4.43071795896891,1.7358666312678204
wheel_odom,,,,,,5522.050310503,0.96,0.039,-0.003839724354387525,,
pose,,,-0.16164384634501966,,,5522.05073025,,,,4.458286792667361,1.7326020671359925
cmd,,,,,,5522.067205342,0.8792940378189087,0.38327696919441223,0.003133982652798295,,
wheel_odom,,,,,,5522.070556456,0.899,0.058,0.1064650843716541,,
pose,,,-0.06166381705311153,,,5522.071071291,,,,4.475126621209046,1.731347785632312
diagnostics,1640.0,"[1345.0,1640.0,-1520.0,-1564.0]",,2171.0,"[1127.0,2171.0,-1080.0,-2123.0]",5522.090042599,,,,,
wheel_odom,,,,,,5522.090587748,0.902,0.069,0.008028514559173916,,
pose,,,-0.06371066409190072,,,5522.090942873,,,,4.50073334594817,1.7300817399301813
wheel_odom,,,,,,5522.111039549,0.857,0.102,-0.02600540585471551,,
pose,,,0.011202899724089785,,,5522.111726831,,,,4.516496166442608,1.7303145433338918
cmd,,,,,,5522.117365775,0.8304454684257507,0.36721867322921753,0.001557733747176826,,
wheel_odom,,,,,,5522.130295713,0.858,0.13,-0.023911010752322315,,
pose,,,0.08533063342309968,,,5522.130698015,,,,4.542930624935818,1.7319336415020563
diagnostics,1749.0,"[1230.0,1749.0,-1218.0,-1603.0]",,2164.0,"[925.0,2164.0,-836.0,-2075.0]",5522.150117356,,,,,
pose,,,-0.04012592986007174,,,5522.150597689,,,,4.540240839288238,1.7311351550391534
cmd,,,,,,5522.167389216,0.7743841409683228,0.3850558400154114,0.0013599245576187968,,
wheel_odom,,,,,,5522.170482646,0.857,0.175,-0.05619960191421741,,
pose,,,0.09286979384431229,,,5522.170860052,,,,4.555822969037239,1.7330169588623863
diagnostics,1787.0,"[1106.0,1787.0,-1068.0,-1696.0]",,2180.0,"[887.0,2180.0,-787.0,-2080.0]",5522.190254951,,,,,
wheel_odom,,,,,,5522.190576231,0.847,0.193,-0.058643062867009474,,
pose,,,0.15833135137990148,,,5522.190950473,,,,4.579365824919035,1.7361979148773081
wheel_odom,,,,,,5522.210324668,0.822,0.221,-0.0783652834145454,,
pose,,,0.17013248387372223,,,5522.211051051,,,,4.59437839078218,1.7396175475195526
cmd,,,,,,5522.217239649,0.7093841409683228,0.3748396635055542,0.0017577159451320767,,
wheel_odom,,,,,,5522.230142913,0.787,0.226,-0.08918632477691024,,
pose,,,0.2728190570931217,,,5522.230506718,,,,4.61868358451013,1.7449257319855678
diagnostics,1793.0,"[1025.0,1793.0,-861.0,-1624.0]",,2010.0,"[711.0,2010.0,-602.0,-1902.0]",5522.250121553,,,,,
pose,,,-0.014470267875634895,,,5522.250651688,,,,4.61682033880743,1.744634250839195
cmd,,,,,,5522.267440203,0.6443841409683229,0.3473150432109833,0.0018341087270528078,,
wheel_odom,,,,,,5522.270275973,0.792,0.262,-0.1466076571675237,,
pose,,,0.22817175081134747,,,5522.270779517,,,,4.631388451454598,1.749227316467151
diagnostics,1816.0,"[939.0,1816.0,-827.0,-1716.0]",,2010.0,"[710.0,2010.0,-602.0,-1902.0]",5522.290106777,,,,,
wheel_odom,,,,,,5522.290309243,0.778,0.278,-0.10088003076527226,,
pose,,,0.34863008582227617,,,5522.290524716,,,,4.653280286370955,1.7561113811328708
wheel_odom,,,,,,5522.310291774,0.779,0.281,-0.09756390518648302,,
pose,,,0.27483995292818497,,,5522.310636195,,,,4.667633037079034,1.7616386214647677
cmd,,,,,,5522.31730338,0.5866111516952515,0.3248295187950134,0.0005801647203043103,,
wheel_odom,,,,,,5522.33035787,0.741,0.284,-0.10175269539126941,,
pose,,,0.39960630605256664,,,5522.330752401,,,,4.688893720282614,1.769676607604154
diagnostics,1736.0,"[770.0,1736.0,-668.0,-1687.0]",,1721.0,"[550.0,1721.0,-452.0,-1624.0]",5522.349953565,,,,,
pose,,,0.0,,,5522.350442346,,,,4.688893720282614,1.769676607604154
cmd,,,,,,5522.367407788,0.5376207828521729,0.29264259338378906,-0.001004252815619111,,
wheel_odom,,,,,,5522.37034981,0.719,0.298,-0.10506882097005864,,
pose,,,0.4095259301571816,,,5522.37072256,,,,4.709194897264309,1.7779821812884962
wheel_odom,,,,,,5522.390439033,0.695,0.308,-0.06283185307179587,,
diagnostics,1793.0,"[711.0,1793.0,-545.0,-1689.0]",,1717.0,"[545.0,1717.0,-457.0,-1628.0]",5522.390838849,,,,,
pose,,,0.3113942502470865,,,5522.39099506,,,,4.722094636374277,1.78429496575622
wheel_odom,,,,,,5522.411674546,0.67,0.3,-0.12060225131280818,,
pose,,,0.44637548263040133,,,5522.412079424,,,,4.741661143301811,1.7937069410039321
cmd,,,,,,5522.417085918,0.48870718479156494,0.24968281388282776,-0.0029151930939406157,,
wheel_odom,,,,,,5522.43013282,0.662,0.295,-0.08621926504851989,,
pose,,,0.35932178753092975,,,5522.430607488,,,,4.754078387068581,1.8003639962293547
diagnostics,1621.0,"[617.0,1621.0,-526.0,-1562.0]",,1442.0,"[453.0,1442.0,-374.0,-1363.0]",5522.450072497,,,,,
pose,,,0.0,,,5522.450681701,,,,4.754078387068581,1.8003639962293547
cmd,,,,,,5522.467265891,0.45733773708343506,0.22704848647117615,-0.004406702239066362,,
wheel_odom,,,,,,5522.470382343,0.621,0.321,-0.05777039824101231,,
pose,,,0.4968757111686919,,,5522.47078367,,,,4.772594719685155,1.8103523572349134
diagnostics,1472.0,"[550.0,1454.0,-492.0,-1472.0]",,1282.0,"[438.0,1282.0,-368.0,-1212.0]",5522.49042056,,,,,
wheel_odom,,,,,,5522.490764632,0.59,0.27,-0.020594885173533087,,
pose,,,0.3198608083155161,,,5522.491196294,,,,4.784029788016137,1.816881593710742
wheel_odom,,,,,,5522.510416661,0.56,0.292,-0.04485496177625427,,
pose,,,0.49284379816819396,,,5522.510842288,,,,4.80117701233074,1.826563957135213
cmd,,,,,,5522.517309477,0.4347952902317047,0.2020709216594696,-0.0049193184822797775,,
wheel_odom,,,,,,5522.530527494,0.566,0.313,-0.11274826967883368,,
pose,,,0.3416331207294832,,,5522.530937155,,,,4.81212984980621,1.833429090752965
diagnostics,1525.0,"[525.0,1525.0,-400.0,-1400.0]",,1185.0,"[418.0,1185.0,-357.0,-1124.0]",5522.549801898,,,,,
pose,,,0.0,,,5522.550245082,,,,4.81212984980621,1.833429090752965
cmd,,,,,,5522.567393171,0.408862829208374,0.18231049180030823,-0.0053736865520477295,,
wheel_odom,,,,,,5522.570391709,0.541,0.284,-0.05201081170943102,,
pose,,,0.46736415143021653,,,5522.570756693,,,,4.828420023736498,1.843015713300481
wheel_odom,,,,,,5522.59039651,0.529,0.262,-0.1181587903600161,,
diagnostics,1402.0,"[485.0,1402.0,-467.0,-1310.0]",,1180.0,"[413.0,1180.0,-362.0,-1128.0]",5522.590821523,,,,,
pose,,,0.3180983725003044,,,5522.590982894,,,,4.839019814992122,1.849449633011807
wheel_odom,,,,,,5522.610324307,0.513,0.273,-0.08970992355250854,,
pose,,,0.46353262671573026,,,5522.610749573,,,,4.85451804686794,1.8586120163761273
cmd,,,,,,5522.618621876,0.39372026920318604,0.16051967442035675,-0.005111884791404009,,
wheel_odom,,,,,,5522.630222738,0.517,0.246,-0.028099800957108706,,
pose,,,0.2992381843493579,,,5522.630623144,,,,4.864800425764842,1.8645588746648347
diagnostics,1349.0,"[437.0,1349.0,-367.0,-1239.0]",,1018.0,"[404.0,1018.0,-362.0,-976.0]",5522.649858233,,,,,
pose,,,0.0,,,5522.650540465,,,,4.864800425764842,1.8645588746648347
cmd,,,,,,5522.667232114,0.3967583179473877,0.13296452164649963,-0.005648117512464523,,
wheel_odom,,,,,,5522.670318336,0.498,0.245,-0.06736970912698112,,
pose,,,0.4219598632602975,,,5522.670694634,,,,4.8797207425254445,1.8730631963713675
wheel_odom,,,,,,5522.691230557,0.467,0.212,-0.026354471705114377,,
diagnostics,1139.0,"[428.0,1117.0,-377.0,-1139.0]",,953.0,"[409.0,953.0,-376.0,-920.0]",5522.691921739,,,,,
pose,,,0.24098310395003694,,,5522.692502466,,,,4.88920021323787,1.8783179874232534
wheel_odom,,,,,,5522.710323325,0.445,0.205,-0.026354471705114377,,
pose,,,0.4134643318182937,,,5522.710631002,,,,4.902916026564719,1.8858149503898503
cmd,,,,,,5522.717152588,0.39807990193367004,0.11970015615224838,-0.005260522477328777,,
wheel_odom,,,,,,5522.73035467,0.438,0.201,-0.005061454830783556,,
pose,,,0.24201496887681045,,,5522.73063465,,,,4.911704554536771,1.8906562045164625
diagnostics,1104.0,"[397.0,1104.0,-432.0,-1074.0]",,894.0,"[445.0,894.0,-445.0,-894.0]",5522.749918731,,,,,
pose,,,0.0,,,5522.750212751,,,,4.911704554536771,1.8906562045164625
cmd,,,,,,5522.767424265,0.3824692368507385,0.10389432311058044,-0.004836471751332283,,
wheel_odom,,,,,,5522.77059154,0.44,0.184,-0.03316125578789226,,
pose,,,0.31394950135678046,,,5522.77160516,,,,4.924795392129122,1.897371840533101
wheel_odom,,,,,,5522.790432628,0.439,0.176,-0.03560471674068432,,
diagnostics,1033.0,"[401.0,1033.0,-404.0,-1007.0]",,874.0,"[469.0,874.0,-469.0,-874.0]",5522.79084615,,,,,
pose,,,0.21517475352596566,,,5522.791044302,,,,4.933385237072749,1.9015545797472095
wheel_odom,,,,,,5522.81020302,0.428,0.165,-0.018500490071139894,,
pose,,,0.31348593110178463,,,5522.810696346,,,,4.9462492425390705,1.9077153519764962
cmd,,,,,,5522.817212514,0.34883078932762146,0.08822387456893921,-0.004128868691623211,,
wheel_odom,,,,,,5522.8300956,0.415,0.152,-0.024783675378319478,,
pose,,,0.17979510861689868,,,5522.830539297,,,,4.954441309988503,1.91128299431327
diagnostics,906.0,"[405.0,906.0,-417.0,-902.0]",,820.0,"[469.0,820.0,-469.0,-820.0]",5522.850089012,,,,,
pose,,,0.0,,,5522.850516388,,,,4.954441309988503,1.91128299431327
cmd,,,,,,5522.86735314,0.34890663623809814,0.07829930633306503,-0.003818639786913991,,
wheel_odom,,,,,,5522.870535995,0.398,0.138,0.028099800957108706,,
pose,,,0.24923358339423496,,,5522.870923212,,,,4.966508495431755,1.9163690551996448
diagnostics,880.0,"[397.0,880.0,-469.0,-827.0]",,737.0,"[440.0,737.0,-440.0,-737.0]",5522.89020531,,,,,
wheel_odom,,,,,,5522.890525255,0.372,0.134,-0.028099800957108706,,
pose,,,0.14720008726949207,,,5522.890904844,,,,4.973943195880479,1.9193103921819188
wheel_odom,,,,,,5522.910445443,0.387,0.148,0.0017453292519943296,,
pose,,,0.23989761683290328,,,5522.910905646,,,,4.985386796567324,1.9241084886970428
cmd,,,,,,5522.917241755,0.33540815114974976,0.0764501765370369,-0.003305802121758461,,
wheel_odom,,,,,,5522.930485415,0.38,0.128,0.026354471705114377,,
pose,,,0.13916695181848798,,,5522.931025717,,,,4.992786509141195,1.926908473075046
diagnostics,839.0,"[437.0,839.0,-415.0,-823.0]",,720.0,"[457.0,720.0,-457.0,-720.0]",5522.949911199,,,,,
pose,,,0.0,,,5522.950492321,,,,4.992786509141195,1.926908473075046
cmd,,,,,,5522.967265939,0.32454392313957214,0.07727579772472382,-0.0025156638585031033,,
wheel_odom,,,,,,5522.970782546,0.378,0.108,0.04729842272904633,,
pose,,,0.18936492787926812,,,5522.971173869,,,,5.003966019239037,1.9308247770577618
wheel_odom,,,,,,5522.990455764,0.362,0.086,-0.02600540585471551,,
diagnostics,833.0,"[416.0,751.0,-429.0,-833.0]",,693.0,"[437.0,693.0,-437.0,-693.0]",5522.990884965,,,,,
pose,,,0.10627593783921954,,,5522.991253129,,,,5.011126481561486,1.9329587221148343
wheel_odom,,,,,,5523.010356497,0.347,0.123,-0.04642575810304917,,
pose,,,0.18880133396434914,,,5523.010756443,,,,5.021607911269472,1.9366410621738515
cmd,,,,,,5523.017261742,0.31868085265159607,0.08074131608009338,-0.002182184951379895,,
wheel_odom,,,,,,5523.030451145,0.35,0.103,0.04066617157146788,,
pose,,,0.10937479315077722,,,5523.030945173,,,,5.028439332308612,1.93884900554499
diagnostics,720.0,"[410.0,703.0,-398.0,-720.0]",,678.0,"[418.0,678.0,-418.0,-678.0]",5523.050420623,,,,,
pose,,,0.0,,,5523.051163204,,,,5.028439332308612,1.93884900554499
cmd,,,,,,5523.067255309,0.3490856885910034,0.09343300759792328,-0.002451386535540223,,
wheel_odom,,,,,,5523.070267684,0.326,0.098,-0.0054105206811824215,,
pose,,,0.16081699217121415,,,5523.070643623,,,,5.038379703609498,1.941982408366862
wheel_odom,,,,,,5523.090307559,0.334,0.107,0.031066860685499065,,
diagnostics,756.0,"[370.0,734.0,-453.0,-756.0]",,678.0,"[418.0,678.0,-418.0,-678.0]",5523.090737634,,,,,
pose,,,0.15188363369309793,,,5523.090901433,,,,5.048008317512078,1.9450592364895167
wheel_odom,,,,,,5523.110267388,0.321,0.1,-0.008377580409572781,,
pose,,,0.09184585245121848,,,5523.110686862,,,,5.054199874999019,1.9468764335911444
cmd,,,,,,5523.117147247,0.3742431700229645,0.11126019805669785,-0.002702358178794384,,
wheel_odom,,,,,,5523.130196507,0.339,0.094,-0.017627825445142728,,
pose,,,0.13460247537893272,,,5523.130627992,,,,5.063726289019979,1.9495605044023592
diagnostics,738.0,"[403.0,738.0,-423.0,-693.0]",,746.0,"[432.0,746.0,-432.0,-746.0]",5523.149878852,,,,,
pose,,,0.0,,,5523.15034328,,,,5.063726289019979,1.9495605044023592
cmd,,,,,,5523.167376961,0.40245699882507324,0.13541188836097717,-0.0020851281005889177,,
wheel_odom,,,,,,5523.170422221,0.321,0.097,-0.005061454830783556,,
pose,,,0.08828408630268617,,,5523.170812712,,,,5.0699162705708405,1.9513676312692796
wheel_odom,,,,,,5523.190328173,0.331,0.094,-0.059864793343405505,,
diagnostics,732.0,"[441.0,732.0,-415.0,-718.0]",,818.0,"[443.0,818.0,-443.0,-818.0]",5523.190747324,,,,,
pose,,,0.132144431710503,,,5523.190910682,,,,5.079324360417535,1.9540235182905406
wheel_odom,,,,,,5523.210413923,0.331,0.101,-0.04014257279586958,,
pose,,,0.09501210130903248,,,5523.210805898,,,,5.085733330631008,1.9559138351626064
cmd,,,,,,5523.217222963,0.3679405748844147,0.14253729581832886,-0.0014673593686893582,,
wheel_odom,,,,,,5523.230289567,0.345,0.113,0.02181661564992912,,
pose,,,0.1447371006522386,,,5523.230666187,,,,5.095241132595278,1.9587883763632314
diagnostics,788.0,"[428.0,788.0,-365.0,-710.0]",,896.0,"[450.0,896.0,-450.0,-896.0]",5523.250015195,,,,,
pose,,,0.0,,,5523.250484435,,,,5.095241132595278,1.9587883763632314
cmd,,,,,,5523.267424937,0.3352510631084442,0.1397283524274826,-0.001010590116493404,,
wheel_odom,,,,,,5523.27075982,0.362,0.11,-0.009599310885968814,,
pose,,,0.09852439258676927,,,5523.271040447,,,,5.10206149996519,1.9608137972781878
wheel_odom,,,,,,5523.29029202,0.33,0.111,-0.06579891280018622,,
diagnostics,782.0,"[332.0,782.0,-425.0,-760.0]",,862.0,"[379.0,862.0,-379.0,-862.0]",5523.290668178,,,,,
pose,,,0.14652981624195505,,,5523.290890667,,,,5.1116718279713975,1.9637225155293034
wheel_odom,,,,,,5523.310545663,0.334,0.124,0.027227136331111543,,
pose,,,0.10920185892005835,,,5523.310890428,,,,5.1181386546901955,1.965906513831805
cmd,,,,,,5523.317347413,0.32621240615844727,0.15528185665607452,-0.0012016823748126626,,
pose,,,0.0,,,5523.330228195,,,,5.1181386546901955,1.965906513831805
wheel_odom,,,,,,5523.350591196,0.33,0.137,0.0439822971502571,,
pose,,,0.16301440019020608,,,5523.350993058,,,,5.127713967695274,1.9692917636212726
cmd,,,,,,5523.36727955,0.3261832594871521,0.16194608807563782,-0.0015836064703762531,,
diagnostics,749.0,"[353.0,749.0,-308.0,-729.0]",,801.0,"[329.0,801.0,-329.0,-801.0]",5523.369882512,,,,,
pose,,,0.0,,,5523.370152759,,,,5.127713967695274,1.9692917636212726
wheel_odom,,,,,,5523.391238983,0.331,0.125,-0.051487212933832724,,
pose,,,0.15258759325182644,,,5523.391664202,,,,5.137090310438606,1.9725741546852422
wheel_odom,,,,,,5523.410292558,0.341,0.108,-0.009250245035569947,,
diagnostics,791.0,"[349.0,791.0,-260.0,-779.0]",,811.0,"[288.0,811.0,-288.0,-811.0]",5523.410671164,,,,,
pose,,,0.10952681565176015,,,5523.411121015,,,,5.143557309645014,1.9747049493777136
cmd,,,,,,5523.417342671,0.3326418995857239,0.16940510272979736,-0.001758115948177874,,
wheel_odom,,,,,,5523.430828319,0.34,0.133,0.008377580409572781,,
pose,,,0.17145492131488502,,,5523.431356257,,,,5.1531787182716,1.9781742438672119
wheel_odom,,,,,,5523.451271912,0.315,0.14,-0.026878070480712675,,
pose,,,0.12985553896285143,,,5523.451973262,,,,5.159258402717914,1.9808511460705234
cmd,,,,,,5523.467253624,0.3368821442127228,0.17297838628292084,-0.0017634716350585222,,
diagnostics,822.0,"[278.0,822.0,-331.0,-792.0]",,823.0,"[276.0,823.0,-276.0,-823.0]",5523.469906526,,,,,
pose,,,0.0,,,5523.47034979,,,,5.159258402717914,1.9808511460705234
wheel_odom,,,,,,5523.490887873,0.32,0.137,-0.01972222054753592,,
pose,,,0.17350551997947722,,,5523.49208895,,,,5.168475533533687,1.9846229981848116
wheel_odom,,,,,,5523.510590547,0.308,0.142,0.015009831567151233,,
diagnostics,818.0,"[339.0,818.0,-340.0,-796.0]",,847.0,"[276.0,847.0,-276.0,-847.0]",5523.511023106,,,,,
pose,,,0.14829256171597208,,,5523.511197623,,,,5.1744675734671,1.9874566391857633
cmd,,,,,,5523.517310677,0.33692556619644165,0.17676931619644165,-0.0017110133776441216,,
wheel_odom,,,,,,5523.53028654,0.328,0.155,0.0,,
pose,,,0.21180632868554042,,,5523.530659932,,,,5.183708580703099,1.9915790556257502
wheel_odom,,,,,,5523.550499123,0.323,0.156,0.029670597283903602,,
pose,,,0.1503349225864941,,,5523.550924417,,,,5.189838750426608,1.99462548083235
cmd,,,,,,5523.567240629,0.3302604854106903,0.18022297322750092,-0.0017102704150602221,,
diagnostics,785.0,"[251.0,759.0,-287.0,-785.0]",,860.0,"[276.0,860.0,-276.0,-860.0]",5523.569921039,,,,,
pose,,,0.0,,,5523.570375681,,,,5.189838750426608,1.99462548083235
wheel_odom,,,,,,5523.590529983,0.322,0.148,-0.0066322511575784525,,
pose,,,0.2112271186674841,,,5523.590933345,,,,5.199021744962096,1.998967861957002
wheel_odom,,,,,,5523.610192733,0.316,0.158,-0.023387411976724018,,
diagnostics,821.0,"[230.0,774.0,-239.0,-821.0]",,867.0,"[270.0,867.0,-270.0,-867.0]",5523.610598384,,,,,
pose,,,0.16198652738964248,,,5523.610754614,,,,5.205128629501209,2.0021787072291337
cmd,,,,,,5523.617235524,0.3199780583381653,0.1834898293018341,-0.0019852060358971357,,
wheel_odom,,,,,,5523.630224409,0.316,0.165,-0.07086036763096977,,
pose,,,0.2456496686083551,,,5523.630455733,,,,5.214360699850846,2.0070186409509274
wheel_odom,,,,,,5523.65014905,0.339,0.152,-0.012566370614359171,,
pose,,,0.1610813158461743,,,5523.650410208,,,,5.220686603298884,2.010232904401908
cmd,,,,,,5523.667196033,0.3096933364868164,0.18504738807678223,-0.00218360498547554,,
diagnostics,806.0,"[249.0,755.0,-199.0,-806.0]",,860.0,"[253.0,860.0,-253.0,-860.0]",5523.669864072,,,,,
pose,,,0.0,,,5523.670105029,,,,5.220686603298884,2.010232904401908
wheel_odom,,,,,,5523.690451018,0.295,0.158,-0.038571776469074684,,
pose,,,0.23542967380292104,,,5523.690711928,,,,5.229698590305225,2.01508436013549
wheel_odom,,,,,,5523.710153265,0.292,0.187,-0.050265482457436686,,
diagnostics,814.0,"[249.0,814.0,-233.0,-762.0]",,849.0,"[231.0,849.0,-231.0,-849.0]",5523.710427773,,,,,
pose,,,0.18720770138189355,,,5523.710522444,,,,5.23549762795289,2.018793073311602
cmd,,,,,,5523.717145858,0.2909447252750397,0.18375179171562195,-0.0024047871120274067,,
wheel_odom,,,,,,5523.730178489,0.316,0.168,-0.061086523819801536,,
pose,,,0.25774526646676826,,,5523.73055094,,,,5.244491559550522,2.0239549302886055
wheel_odom,,,,,,5523.750187561,0.307,0.17,-0.0029670597283903604,,
pose,,,0.18273582105114208,,,5523.750435026,,,,5.250469917207413,2.027588769873001
cmd,,,,,,5523.767253292,0.2753662168979645,0.17541097104549408,-0.002412639558315277,,
diagnostics,884.0,"[230.0,791.0,-166.0,-884.0]",,835.0,"[211.0,835.0,-211.0,-835.0]",5523.769735434,,,,,
pose,,,0.0,,,5523.770151274,,,,5.250469917207413,2.027588769873001
wheel_odom,,,,,,5523.790842918,0.313,0.155,-0.0008726646259971648,,
pose,,,0.24415958140049582,,,5523.791167961,,,,5.259482143881224,2.0327200676778303
wheel_odom,,,,,,5523.810303431,0.298,0.185,-0.0322885911618951,,
diagnostics,785.0,"[188.0,780.0,-137.0,-785.0]",,759.0,"[172.0,759.0,-172.0,-759.0]",5523.810578205,,,,,
pose,,,0.19394123936202465,,,5523.810847849,,,,5.265362519736282,2.0365368316564183
cmd,,,,,,5523.817147489,0.21036621689796448,0.1382160782814026,-0.0025797730777412653,,
wheel_odom,,,,,,5523.830329528,0.268,0.193,-0.009599310885968814,,
pose,,,0.2724828480245807,,,5523.83071604,,,,5.273707464005392,2.041950625514355
wheel_odom,,,,,,5523.851205431,0.255,0.179,0.0029670597283903604,,
pose,,,0.18068717473392457,,,5523.851703784,,,,5.278935757882059,2.045742840959048
cmd,,,,,,5523.867339208,0.14536621689796447,0.10031267255544662,-0.002015467034652829,,
diagnostics,718.0,"[163.0,665.0,-130.0,-718.0]",,602.0,"[133.0,602.0,-133.0,-602.0]",5523.869871231,,,,,
pose,,,0.0,,,5523.870212158,,,,5.278935757882059,2.045742840959048
wheel_odom,,,,,,5523.890583125,0.246,0.162,-0.0460766922526503,,
pose,,,0.24865119416057965,,,5523.890989292,,,,5.286640466539799,2.050908957413555
wheel_odom,,,,,,5523.910630506,0.23,0.136,0.04729842272904633,,
diagnostics,693.0,"[129.0,565.0,-114.0,-693.0]",,391.0,"[81.0,391.0,-81.0,-391.0]",5523.911061646,,,,,
pose,,,0.15718591607283536,,,5523.911491443,,,,5.291512031301076,2.0541316962387346
cmd,,,,,,5523.919465729,0.09744356572628021,0.099755197763443,-0.0017310699913650751,,
wheel_odom,,,,,,5523.930781467,0.207,0.124,0.05235987755982989,,
pose,,,0.24012718930605392,,,5523.931229174,,,,5.298505724378928,2.0588711103466455
wheel_odom,,,,,,5523.950500664,0.208,0.132,-0.007504915783575617,,
diagnostics,557.0,"[136.0,546.0,-101.0,-557.0]",,351.0,"[64.0,351.0,-64.0,-351.0]",5523.950913274,,,,,
pose,,,0.14737915656922723,,,5523.951088437,,,,5.302850602057893,2.0617979317341093
cmd,,,,,,5523.967230512,0.08947648853063583,0.10387171804904938,-0.0017274738056585193,,
wheel_odom,,,,,,5523.970581066,0.181,0.131,-0.01972222054753592,,
pose,,,0.2202769278698779,,,5523.970923675,,,,5.308994302533014,2.0661672761489474
pose,,,-0.001457853566137436,,,5523.991588308,,,,5.3090921025006255,2.0661371585970443
wheel_odom,,,,,,5524.010623706,0.194,0.125,-0.03892084231947355,,
diagnostics,523.0,"[94.0,523.0,-63.0,-503.0]",,332.0,"[-5.0,332.0,5.0,-332.0]",5524.011052935,,,,,
pose,,,0.2021629203788674,,,5524.011216455,,,,5.315009918644229,2.0701063505755832
cmd,,,,,,5524.017166974,0.08074966818094254,0.09655631333589554,-0.0018793762428686023,,
wheel_odom,,,,,,5524.030476763,0.161,0.131,-0.02007128639793479,,
pose,,,0.1313734724922061,,,5524.030958568,,,,5.318539130961259,2.0726998620847725
wheel_odom,,,,,,5524.050274898,0.146,0.117,-0.023911010752322315,,
diagnostics,456.0,"[29.0,456.0,-30.0,-421.0]",,325.0,"[-25.0,325.0,25.0,-325.0]",5524.050694131,,,,,
pose,,,0.18399621896094526,,,5524.05085655,,,,5.323530769118071,2.0763612168295893
cmd,,,,,,5524.067288217,0.0749790370464325,0.08979114145040512,-0.0019500323105603456,,
wheel_odom,,,,,,5524.070456436,0.121,0.106,-0.0033161255787892262,,
pose,,,0.11808968910342492,,,5524.070858389,,,,5.326282685985673,2.078723369604327
pose,,,-0.005903762718862319,,,5524.090582662,,,,5.326260399266745,2.078606934633674
wheel_odom,,,,,,5524.110222573,0.132,0.103,0.0029670597283903604,,
diagnostics,372.0,"[41.0,372.0,-34.0,-348.0]",,300.0,"[-27.0,300.0,27.0,-300.0]",5524.110502183,,,,,
pose,,,0.16616328037426398,,,5524.110794137,,,,5.330417503165066,2.081965712491263
cmd,,,,,,5524.117250227,0.08245224505662918,0.0895368829369545,-0.0015328382141888142,,
wheel_odom,,,,,,5524.130542257,0.127,0.113,-0.020943951023931952,,
pose,,,0.10677493853728134,,,5524.130807195,,,,5.33297857146985,2.0841025566262315
wheel_odom,,,,,,5524.150086032,0.114,0.105,-0.0029670597283903604,,
diagnostics,385.0,"[27.0,385.0,-5.0,-304.0]",,278.0,"[-25.0,278.0,25.0,-278.0]",5524.150461663,,,,,
pose,,,0.1600234357829328,,,5524.15060733,,,,5.33662878064477,2.0872709660868147
cmd,,,,,,5524.167346248,0.09194035828113556,0.0913432389497757,-0.0009811337804421782,,
wheel_odom,,,,,,5524.170346636,0.099,0.101,-0.003839724354387525,,
pose,,,0.10749509635834506,,,5524.170564548,,,,5.338811415041841,2.0894163936380394
pose,,,-0.00343848094172209,,,5524.190281375,,,,5.338740999565149,2.089348609749168
wheel_odom,,,,,,5524.210200013,0.101,0.102,-0.0158824961931484,,
diagnostics,353.0,"[-3.0,353.0,0.0,-316.0]",,290.0,"[-13.0,290.0,13.0,-290.0]",5524.210479518,,,,,
pose,,,0.14721845192506694,,,5524.210577346,,,,5.341861897162321,2.092337078074994
cmd,,,,,,5524.217085983,0.09635598957538605,0.09044042229652405,-0.00039021106204017997,,
wheel_odom,,,,,,5524.230180823,0.097,0.097,-0.03804817769347639,,
pose,,,0.09719048408351397,,,5524.230962296,,,,5.343729783788734,2.0943183136738837
wheel_odom,,,,,,5524.250199218,0.093,0.091,0.020943951023931952,,
diagnostics,335.0,"[2.0,276.0,0.0,-335.0]",,308.0,"[1.0,308.0,-1.0,-308.0]",5524.250616816,,,,,
pose,,,0.14120392904812207,,,5524.250742723,,,,5.3464787737048365,2.0971113406636888
cmd,,,,,,5524.267197058,0.09785985946655273,0.0901130735874176,0.0002606490452308208,,
wheel_odom,,,,,,5524.270421295,0.085,0.087,0.0024434609527920616,,
pose,,,0.1431767647341875,,,5524.270824037,,,,5.34927689000179,2.099986230734789
pose,,,-0.00841570571569408,,,5524.290394564,,,,5.348959179835625,2.0998215443450765
diagnostics,284.0,"[-9.0,284.0,-5.0,-260.0]",,313.0,"[10.0,313.0,-10.0,-313.0]",5524.310395524,,,,,
wheel_odom,,,,,,5524.310730727,0.101,0.102,0.008726646259971648,,
pose,,,0.08283010122907959,,,5524.311136975,,,,5.350657064547486,2.1015396770417323
cmd,,,,,,5524.317246976,0.09504466503858566,0.0898015946149826,0.00068069709232077,,
wheel_odom,,,,,,5524.330249262,0.075,0.073,-0.02303834612632515,,
pose,,,0.12490233048654995,,,5524.330638102,,,,5.352931493321082,2.103975553641331
diagnostics,305.0,"[2.0,305.0,-21.0,-268.0]",,317.0,"[13.0,317.0,-13.0,-317.0]",5524.350299169,,,,,
wheel_odom,,,,,,5524.350635475,0.078,0.068,0.005934119456780721,,
pose,,,0.06454503496485503,,,5524.351079077,,,,5.354312692931122,2.1052950368184824
cmd,,,,,,5524.36744367,0.09092380851507187,0.0900261327624321,0.000982543802820146,,
wheel_odom,,,,,,5524.37101364,0.081,0.081,0.005934119456780721,,
pose,,,0.12298902580832992,,,5524.371567793,,,,5.356783754877412,2.107814678799267
pose,,,-0.006839730410142942,,,5524.390656014,,,,5.356513620512756,2.107684115356466
wheel_odom,,,,,,5524.410379876,0.077,0.075,-0.027227136331111543,,
diagnostics,302.0,"[-3.0,288.0,-9.0,-302.0]",,312.0,"[8.0,312.0,-8.0,-312.0]",5524.41068711,,,,,
pose,,,0.07603124097075994,,,5524.410894631,,,,5.357894167441084,2.109223000599083
cmd,,,,,,5524.418412782,0.08923133462667465,0.09284941852092743,0.0013020876795053482,,
wheel_odom,,,,,,5524.430163383,0.086,0.086,0.0033161255787892262,,
pose,,,0.12089741745977808,,,5524.430720274,,,,5.360146560044357,2.1116195210899407
diagnostics,245.0,"[0.0,228.0,0.0,-245.0]",,305.0,"[1.0,305.0,-1.0,-305.0]",5524.450112473,,,,,
wheel_odom,,,,,,5524.450398015,0.081,0.081,-0.007504915783575617,,
pose,,,0.07965212477715697,,,5524.450731839,,,,5.36161009253034,2.113213691857851
cmd,,,,,,5524.467207104,0.02423133462667465,0.0,0.0,,
wheel_odom,,,,,,5524.470401816,-0.005,0.005,0.015533430342749533,,
pose,,,0.07708733991893721,,,5524.47069104,,,,5.362895855499428,2.114752231822903
pose,,,-0.005980074771638583,,,5524.490814509,,,,5.3628097491879165,2.1146318919138163
wheel_odom,,,,,,5524.510489366,-0.014,0.089,-0.04363323129985824,,
diagnostics,259.0,"[-143.0,142.0,259.0,-122.0]",,276.0,"[-276.0,-2.0,271.0,-2.0]",5524.510830071,,,,,
pose,,,0.07654336998593182,,,5524.511039658,,,,5.363051405188364,2.116180085058384
cmd,,,,,,5524.517169401,0.0,0.0,0.0,,
wheel_odom,,,,,,5524.530344445,-0.022,0.079,0.026354471705114377,,
pose,,,0.10138062515618827,,,5524.530644044,,,,5.363264901335612,2.1181675192031637
wheel_odom,,,,,,5524.550234562,-0.066,0.109,0.04153883619746504,,
diagnostics,355.0,"[-185.0,8.0,355.0,-139.0]",,593.0,"[-593.0,83.0,589.0,-87.0]",5524.550500388,,,,,
pose,,,0.08473294735380049,,,5524.550698854,,,,5.362597445016343,2.119866853883805
cmd,,,,,,5524.567312952,0.0,0.0,0.0,,
wheel_odom,,,,,,5524.570738854,-0.056,0.118,0.011693705988362009,,
pose,,,0.13422922051358369,,,5524.571677292,,,,5.361548453039324,2.1226826355448782
pose,,,-0.022437451348256456,,,5524.590785791,,,,5.361684421938177,2.122253959353569
wheel_odom,,,,,,5524.610475893,-0.059,0.173,-0.022165681500327987,,
diagnostics,442.0,"[-442.0,234.0,307.0,-141.0]",,724.0,"[-723.0,351.0,724.0,-350.0]",5524.610891605,,,,,
pose,,,0.11724474281250721,,,5524.611258394,,,,5.360806763313762,2.1246545782911865
cmd,,,,,,5524.61717956,0.0,0.0,0.0,,
wheel_odom,,,,,,5524.630611664,-0.109,0.234,0.11397000015522972,,
pose,,,0.2148940702149843,,,5524.63102505,,,,5.3586851640896676,2.128902161589427
wheel_odom,,,,,,5524.650342136,-0.174,0.222,0.14835298641951802,,
diagnostics,815.0,"[-815.0,106.0,518.0,-86.0]",,627.0,"[-618.0,456.0,627.0,-448.0]",5524.650656818,,,,,
pose,,,0.15498490328857217,,,5524.650875948,,,,5.355940055907786,2.1319791280194225
cmd,,,,,,5524.667195618,0.0,0.0,0.0,,
wheel_odom,,,,,,5524.670670953,-0.136,0.25,0.03560471674068432,,
pose,,,0.2747266533148998,,,5524.671098808,,,,5.352355345664753,2.137534725128394
pose,,,-0.020816290217229277,,,5524.690545766,,,,5.352322552815388,2.137129921765177
pose,,,0.0,,,5524.710200917,,,,5.352322552815388,2.137129921765177
cmd,,,,,,5524.71725194,0.0,0.0,0.0,,
wheel_odom,,,,,,5524.730429014,-0.134,0.311,-0.06736970912698112,,
diagnostics,801.0,"[-750.0,330.0,801.0,-264.0]",,565.0,"[-554.0,520.0,565.0,-508.0]",5524.730821608,,,,,
pose,,,0.22250869250586847,,,5524.730990553,,,,5.349674459417625,2.141755588221206
wheel_odom,,,,,,5524.750724068,-0.109,0.341,0.010471975511965976,,
pose,,,0.3570723444837826,,,5524.751441279,,,,5.346029875069654,2.1490566721580833
cmd,,,,,,5524.767553906,0.0,0.0,0.0,,
wheel_odom,,,,,,5524.770784299,-0.109,0.362,-0.035255650890285456,,
diagnostics,802.0,"[-802.0,435.0,763.0,-371.0]",,565.0,"[-508.0,565.0,517.0,-557.0]",5524.771309576,,,,,
pose,,,0.29973691389646856,,,5524.771482904,,,,5.343606561657887,2.155064710961696
wheel_odom,,,,,,5524.791547802,-0.066,0.379,-0.09005898940290741,,
pose,,,0.4373621163556105,,,5524.792055506,,,,5.340779533044351,2.164061917109682
wheel_odom,,,,,,5524.811607359,-0.063,0.377,-0.10262536001726658,,
pose,,,0.3396901957307984,,,5524.81213023,,,,5.339017930500537,2.170881238551802
cmd,,,,,,5524.817363005,0.0,0.0,0.0,,
diagnostics,870.0,"[-664.0,590.0,870.0,-584.0]",,580.0,"[-494.0,580.0,494.0,-580.0]",5524.833052824,,,,,
pose,,,0.014979041440359669,,,5524.833933999,,,,5.338745932994704,2.17120779921065
wheel_odom,,,,,,5524.850837793,-0.026,0.378,-0.008726646259971648,,
pose,,,0.5630195493378447,,,5524.85202169,,,,5.336600099692181,2.181384103373956
cmd,,,,,,5524.867402204,0.0,0.0,0.0,,
wheel_odom,,,,,,5524.870633606,-0.023,0.377,-0.018500490071139894,,
diagnostics,719.0,"[-624.0,583.0,719.0,-691.0]",,594.0,"[-488.0,587.0,481.0,-594.0]",5524.871133644,,,,,
pose,,,0.3893957840114814,,,5524.871413168,,,,5.335517665709411,2.188942424680528
wheel_odom,,,,,,5524.890859351,-0.005,0.375,-0.014311699866353502,,
pose,,,0.5422999402678254,,,5524.891106388,,,,5.334300638410696,2.1996223587711143
wheel_odom,,,,,,5524.911268234,0.008,0.387,-0.03804817769347639,,
pose,,,0.34780839073351516,,,5524.912191452,,,,5.334194372088092,2.2069535923722747
cmd,,,,,,5524.917406309,0.0,0.0,0.0,,
diagnostics,654.0,"[-570.0,654.0,636.0,-637.0]",,544.0,"[-544.0,530.0,535.0,-539.0]",5524.93053975,,,,,
pose,,,0.032571875618084126,,,5524.931214165,,,,5.333902943064868,2.2075732888849977
wheel_odom,,,,,,5524.950525451,0.05,0.363,0.02548180707911721,,
pose,,,0.5505842118265111,,,5524.951106443,,,,5.333970819610993,2.2185253899991997
cmd,,,,,,5524.967323143,0.0,0.0,0.0,,
wheel_odom,,,,,,5524.970344559,0.024,0.366,-0.0020943951023931952,,
diagnostics,685.0,"[-549.0,638.0,560.0,-685.0]",,622.0,"[-622.0,451.0,615.0,-459.0]",5524.97072496,,,,,
pose,,,0.39796459925865824,,,5524.97088342,,,,5.3341418289044515,2.226396868707838
wheel_odom,,,,,,5524.991418169,0.007,0.36,0.017627825445142728,,
pose,,,0.5231659886942425,,,5524.992059536,,,,5.334248581415115,2.2374741692847886
wheel_odom,,,,,,5525.011512723,0.006,0.34,0.03944444109507184,,
pose,,,0.5190811842944418,,,5525.012404098,,,,5.334523432540043,2.2480332263391847
cmd,,,,,,5525.017425274,0.0,0.0,0.0,,
diagnostics,608.0,"[-526.0,608.0,550.0,-578.0]",,567.0,"[-567.0,426.0,559.0,-434.0]",5525.03077247,,,,,
pose,,,-0.0002962441938186576,,,5525.031810452,,,,5.334279908204227,2.248027476957182
wheel_odom,,,,,,5525.05080527,-0.004,0.325,-0.004537856055185257,,
pose,,,0.3726913043115912,,,5525.051290057,,,,5.334173708681343,2.255288682760165
cmd,,,,,,5525.067395596,0.0,0.0,0.0,,
wheel_odom,,,,,,5525.070362675,0.002,0.316,0.01884955592153876,,
diagnostics,563.0,"[-545.0,535.0,560.0,-563.0]",,635.0,"[-635.0,438.0,629.0,-444.0]",5525.070868532,,,,,
pose,,,0.4952948624497508,,,5525.071251392,,,,5.334253722057865,2.2651758479575714
wheel_odom,,,,,,5525.090417637,-0.02,0.311,-0.02426007660272118,,
pose,,,0.3502182663948955,,,5525.090829133,,,,5.334116071568321,2.2720322979003784
wheel_odom,,,,,,5525.11121729,0.0,0.284,-0.007155849933176751,,
pose,,,0.4526324594756749,,,5525.111812164,,,,5.334056758652583,2.281528834689984
cmd,,,,,,5525.117286838,0.0,0.0,0.0,,
diagnostics,533.0,"[-496.0,424.0,533.0,-473.0]",,594.0,"[-594.0,399.0,586.0,-407.0]",5525.130192647,,,,,
pose,,,-0.01311267475744987,,,5525.130686499,,,,5.334151115470297,2.2812812994117153
wheel_odom,,,,,,5525.150366533,-0.04,0.281,0.005934119456780721,,
pose,,,0.31317437688925265,,,5525.150712325,,,,5.33376008171127,2.2875528643431933
cmd,,,,,,5525.167460345,0.0,0.0,0.0,,
wheel_odom,,,,,,5525.170917352,-0.015,0.296,0.020943951023931952,,
diagnostics,541.0,"[-482.0,414.0,541.0,-394.0]",,534.0,"[-534.0,436.0,521.0,-449.0]",5525.171395358,,,,,
pose,,,0.4233606119100122,,,5525.171955479,,,,5.333496787471643,2.2965447058981305
wheel_odom,,,,,,5525.191302479,-0.03,0.259,-0.0024434609527920616,,
pose,,,0.2873450590641428,,,5525.192026871,,,,5.333118376819612,2.30231218443399
wheel_odom,,,,,,5525.21095624,-0.019,0.247,-0.02600540585471551,,
pose,,,0.41553217815815086,,,5525.211620306,,,,5.332702934237281,2.310453738812182
cmd,,,,,,5525.217372233,0.0,0.0,0.0,,
diagnostics,483.0,"[-444.0,441.0,483.0,-388.0]",,478.0,"[-478.0,373.0,465.0,-387.0]",5525.229922715,,,,,
pose,,,0.0,,,5525.230426998,,,,5.332702934237281,2.310453738812182
wheel_odom,,,,,,5525.250354062,-0.028,0.243,-0.02303834612632515,,
pose,,,0.257160724463732,,,5525.251077006,,,,5.332391933294363,2.3157645102288282
cmd,,,,,,5525.267471057,0.0,0.0,0.0,,
wheel_odom,,,,,,5525.270841515,-0.017,0.223,0.045727626402251434,,
diagnostics,438.0,"[-438.0,292.0,389.0,-319.0]",,348.0,"[-342.0,334.0,329.0,-348.0]",5525.271480203,,,,,
pose,,,0.3565359810995653,,,5525.272123105,,,,5.331944916638928,2.3232664312264033
wheel_odom,,,,,,5525.290744071,-0.037,0.195,0.04642575810304917,,
pose,,,0.3513719186933304,,,5525.291283329,,,,5.3312281598925395,2.3299996542975707
wheel_odom,,,,,,5525.311061248,-0.026,0.21,0.04817108735504349,,
pose,,,0.2098296932262952,,,5525.311748389,,,,5.330752469216286,2.3342934414858254
cmd,,,,,,5525.317348913,0.0,0.0,0.0,,
diagnostics,429.0,"[-429.0,261.0,359.0,-277.0]",,330.0,"[-265.0,316.0,252.0,-330.0]",5525.330052429,,,,,
pose,,,0.0,,,5525.330496266,,,,5.330752469216286,2.3342934414858254
wheel_odom,,,,,,5525.350335754,-0.018,0.167,0.05445427266222309,,
pose,,,0.2915241711206912,,,5525.350747755,,,,5.33009065561941,2.3401972286612467
cmd,,,,,,5525.367394436,0.0,0.0,0.0,,
diagnostics,335.0,"[-335.0,217.0,299.0,-266.0]",,278.0,"[-224.0,270.0,215.0,-278.0]",5525.370467539,,,,,
wheel_odom,,,,,,5525.370836427,-0.027,0.153,0.032637657012293965,,
pose,,,0.16508819263652924,,,5525.371156599,,,,5.329533097071407,2.343566768150727
wheel_odom,,,,,,5525.390483087,-0.018,0.145,0.020943951023931952,,
pose,,,0.2543823979262095,,,5525.390821064,,,,5.328904754821418,2.3485691517083267
wheel_odom,,,,,,5525.410152766,0.013,0.132,0.007504915783575617,,
pose,,,0.13941163388800057,,,5525.410494359,,,,5.3288357023156845,2.351311691526027
cmd,,,,,,5525.417201683,0.0,0.0,0.0,,
diagnostics,275.0,"[-275.0,265.0,265.0,-183.0]",,250.0,"[-210.0,250.0,210.0,-250.0]",5525.430093823,,,,,
pose,,,0.0,,,5525.430661011,,,,5.3288357023156845,2.351311691526027
wheel_odom,,,,,,5525.450533406,0.006,0.1,-0.0066322511575784525,,
pose,,,0.1936926982762935,,,5525.451299478,,,,5.32867467751539,2.355308776466387
wheel_odom,,,,,,5525.470703453,0.003,0.098,-0.030543261909900768,,
diagnostics,193.0,"[-157.0,179.0,127.0,-193.0]",,213.0,"[-206.0,209.0,213.0,-202.0]",5525.471288877,,,,,
pose,,,0.10254936977335358,,,5525.471508543,,,,5.32861526803231,2.357381397061564
wheel_odom,,,,,,5525.490658244,0.031,0.092,-0.008028514559173916,,
pose,,,0.1584180011053612,,,5525.491068745,,,,5.328900290949048,2.360480258473005
wheel_odom,,,,,,5525.511174296,-0.007,0.105,-0.041887902047863905,,
pose,,,0.0836324172600212,,,5525.512094582,,,,5.328798855557645,2.362238283222242
diagnostics,212.0,"[-212.0,171.0,133.0,-139.0]",,217.0,"[-209.0,185.0,217.0,-177.0]",5525.529990084,,,,,
pose,,,0.0,,,5525.530489392,,,,5.328798855557645,2.362238283222242
wheel_odom,,,,,,5525.550996049,-0.015,0.092,-0.017627825445142728,,
pose,,,0.123556365950882,,,5525.551777164,,,,5.328608568092209,2.3648681524242035
wheel_odom,,,,,,5525.570215706,0.009,0.076,-0.04520402762665313,,
diagnostics,179.0,"[-70.0,152.0,179.0,-82.0]",,208.0,"[-205.0,170.0,208.0,-168.0]",5525.570578241,,,,,
pose,,,0.06809576313836277,,,5525.570715188,,,,5.32863666969904,2.3661581236960885
wheel_odom,,,,,,5525.590716781,0.013,0.058,-0.026878070480712675,,
pose,,,-11.082950230188075,,,5525.59098341,,,,5.425006442643709,2.141519190853603
wheel_odom,,,,,,5525.610475475,0.007,0.081,-0.0439822971502571,,
pose,,,0.07284309033355149,,,5525.610917997,,,,5.425095308297513,2.142971144128666
diagnostics,156.0,"[-84.0,156.0,106.0,-99.0]",,187.0,"[-187.0,138.0,183.0,-141.0]",5525.630358334,,,,,
pose,,,0.0,,,5525.631061885,,,,5.425095308297513,2.142971144128666
wheel_odom,,,,,,5525.652227946,0.001,0.071,0.02548180707911721,,
pose,,,0.09244414874358478,,,5525.653102534,,,,5.425184404540095,2.145008808593925
wheel_odom,,,,,,5525.670224164,0.0,0.062,0.0054105206811824215,,
diagnostics,111.0,"[-86.0,89.0,64.0,-111.0]",,169.0,"[-169.0,108.0,162.0,-114.0]",5525.67058875,,,,,
pose,,,0.07712268091329225,,,5525.670723055,,,,5.425390888431135,2.1463679656619417
wheel_odom,,,,,,5525.690314158,-0.01,0.068,-0.03682644721708035,,
pose,,,0.101053770000954,,,5525.690585895,,,,5.425458102519501,2.148375294919752
wheel_odom,,,,,,5525.710659949,-0.001,0.094,0.012566370614359171,,
pose,,,0.08511819202526265,,,5525.711383855,,,,5.425520069510548,2.1501450978186267
diagnostics,172.0,"[-124.0,138.0,100.0,-172.0]",,142.0,"[-142.0,94.0,135.0,-101.0]",5525.730010239,,,,,
pose,,,0.0,,,5525.730555483,,,,5.425520069510548,2.1501450978186267
wheel_odom,,,,,,5525.75027847,-0.007,0.061,0.035255650890285456,,
pose,,,0.10603594029215953,,,5525.750597586,,,,5.425495342891501,2.1522704760558096
wheel_odom,,,,,,5525.77069723,-0.009,0.077,-0.0012217304763960308,,
diagnostics,149.0,"[-149.0,96.0,102.0,-141.0]",,100.0,"[-100.0,65.0,95.0,-70.0]",5525.771269267,,,,,
pose,,,0.07135567366295821,,,5525.771655345,,,,5.42544501292609,2.153772960315128
wheel_odom,,,,,,5525.791188029,-0.015,0.067,-0.010122909661567111,,
pose,,,0.10453009132334509,,,5525.791600233,,,,5.425146208761379,2.1558579862974376
wheel_odom,,,,,,5525.810102604,-0.011,0.087,0.015009831567151233,,
pose,,,0.08913189722055831,,,5525.810389552,,,,5.424948499592516,2.157532799514039
diagnostics,147.0,"[-130.0,102.0,117.0,-147.0]",,67.0,"[-59.0,66.0,57.0,-67.0]",5525.830078206,,,,,
pose,,,0.0,,,5525.830656731,,,,5.424948499592516,2.157532799514039
wheel_odom,,,,,,5525.850827384,-0.012,0.06,0.06527531402458793,,
pose,,,0.09908387244673295,,,5525.851916416,,,,5.424668752241175,2.159638980109326
wheel_odom,,,,,,5525.87043305,-0.018,0.054,-0.0017453292519943296,,
diagnostics,189.0,"[-189.0,60.0,136.0,-51.0]",,59.0,"[-56.0,45.0,59.0,-41.0]",5525.870743018,,,,,
pose,,,0.07348007463663714,,,5525.871009106,,,,5.424431285127515,2.1610418151079127
wheel_odom,,,,,,5525.890375809,-0.013,0.045,-0.010821041362364843,,
pose,,,0.09161878294859423,,,5525.890629847,,,,5.424140048436837,2.1628400776124743
wheel_odom,,,,,,5525.910476355,-0.017,0.038,0.03892084231947355,,
pose,,,0.05733772069336095,,,5525.910919698,,,,5.423946135722042,2.164003300566466
diagnostics,126.0,"[-126.0,27.0,29.0,-44.0]",,59.0,"[-51.0,9.0,59.0,-1.0]",5525.930142779,,,,,
pose,,,0.0,,,5525.93067486,,,,5.423946135722042,2.164003300566466
pose,,,0.0,,,5525.950994921,,,,5.423946135722042,2.164003300566466
wheel_odom,,,,,,5525.970316033,0.0,0.042,0.027227136331111543,,
pose,,,0.08312447989850731,,,5525.970725466,,,,5.423837034619781,2.1656439349930694
wheel_odom,,,,,,5525.990156679,-0.002,0.037,-0.008726646259971648,,
diagnostics,93.0,"[-93.0,77.0,50.0,-13.0]",,48.0,"[-37.0,27.0,48.0,-16.0]",5525.990562522,,,,,
pose,,,0.04104966822637714,,,5525.990730699,,,,5.423871409568957,2.16646513672573
wheel_odom,,,,,,5526.011084529,-0.008,0.013,0.0,,
pose,,,0.04771379704225961,,,5526.011786814,,,,5.423697124496674,2.1674696239468774
wheel_odom,,,,,,5526.030950596,-0.009,0.024,-0.03316125578789226,,
diagnostics,66.0,"[-55.0,60.0,66.0,0.0]",,86.0,"[-28.0,86.0,41.0,-73.0]",5526.031614889,,,,,
pose,,,0.040253257843670266,,,5526.031875524,,,,5.42351581522592,2.168278310447854
wheel_odom,,,,,,5526.050311702,0.0,0.019,-0.03682644721708035,,
pose,,,0.028507243602206685,,,5526.050726185,,,,5.423464170066778,2.168815760162659
pose,,,-0.006134623605403173,,,5526.071219563,,,,5.4235159176476095,2.1686900561179425
wheel_odom,,,,,,5526.094889084,-0.001,0.014,-0.0008726646259971648,,
diagnostics,37.0,"[-15.0,-9.0,37.0,-9.0]",,70.0,"[-30.0,70.0,40.0,-60.0]",5526.095674274,,,,,
wheel_odom,,,,,,5526.096414389,-0.006,0.007,-0.018500490071139894,,
pose,,,0.023999487426617568,,,5526.097064536,,,,5.423252927531508,2.169310282527349
pose,,,0.0,,,5526.110416229,,,,5.423252927531508,2.169310282527349
wheel_odom,,,,,,5526.130388489,-0.001,0.015,-0.03804817769347639,,
diagnostics,69.0,"[-7.0,69.0,46.0,-3.0]",,78.0,"[-37.0,78.0,43.0,-72.0]",5526.1307257,,,,,
pose,,,0.022419205713512802,,,5526.130867215,,,,5.4231511064646405,2.1697688634120276
wheel_odom,,,,,,5526.150566949,0.003,0.024,-0.03595378259108319,,
pose,,,0.022671703582084972,,,5526.151012271,,,,5.423168173766126,2.1702253273074654
pose,,,-0.009421109140427555,,,5526.170806435,,,,5.423153353222711,2.1700387675460373
wheel_odom,,,,,,5526.190238347,0.003,0.018,-0.0020943951023931952,,
diagnostics,49.0,"[-28.0,20.0,29.0,-49.0]",,51.0,"[-44.0,51.0,46.0,-49.0]",5526.190764425,,,,,
pose,,,0.016546967828467315,,,5526.191008876,,,,5.423160813506007,2.170372929556965
wheel_odom,,,,,,5526.210475646,0.007,0.029,-0.02548180707911721,,
pose,,,0.018589927643735835,,,5526.210704491,,,,5.423232387442015,2.170739276613547
wheel_odom,,,,,,5526.230650764,0.007,0.025,-0.0029670597283903604,,
diagnostics,75.0,"[-53.0,75.0,6.0,-34.0]",,41.0,"[-39.0,37.0,41.0,-36.0]",5526.231176765,,,,,
pose,,,0.02172312553105811,,,5526.231358919,,,,5.423336808207297,2.171187903210259
wheel_odom,,,,,,5526.250270184,-0.001,0.017,0.017976891295541596,,
pose,,,0.019355232513143847,,,5526.250546267,,,,5.423354451840769,2.1715593216639593
pose,,,-0.004217588829754365,,,5526.27019925,,,,5.423322126824765,2.171476437055773
wheel_odom,,,,,,5526.290971626,0.006,0.018,-0.015009831567151233,,
diagnostics,41.0,"[-7.0,31.0,41.0,-13.0]",,41.0,"[-38.0,36.0,41.0,-33.0]",5526.29201553,,,,,
pose,,,0.01827758575160951,,,5526.292361198,,,,5.4234008981350765,2.1718814184764925
wheel_odom,,,,,,5526.311415507,0.001,0.02,0.005061454830783556,,
pose,,,0.02544606915080399,,,5526.312149971,,,,5.423428999406692,2.1723849570743945
wheel_odom,,,,,,5526.330460113,0.001,0.025,0.011693705988362009,,
diagnostics,50.0,"[-36.0,50.0,31.0,-49.0]",,23.0,"[-19.0,20.0,23.0,-17.0]",5526.330936015,,,,,
pose,,,0.01667480028043822,,,5526.331316636,,,,5.423415941408963,2.1727046187985932
wheel_odom,,,,,,5526.35033921,0.0,0.022,-0.020594885173533087,,
pose,,,0.03161653774227839,,,5526.350717358,,,,5.423446624994456,2.1733180730576707
pose,,,-0.0024197604189043166,,,5526.370898788,,,,5.423403678012117,2.1732692473618167
wheel_odom,,,,,,5526.390712838,-0.004,0.012,0.017627825445142728,,
diagnostics,34.0,"[-17.0,-3.0,23.0,-34.0]",,12.0,"[-8.0,10.0,12.0,-6.0]",5526.391281182,,,,,
pose,,,0.010614310164869151,,,5526.391474615,,,,5.4233247889667355,2.1734876500188895
wheel_odom,,,,,,5526.410959611,0.0,0.017,-0.015009831567151233,,
pose,,,0.018221106298439593,,,5526.411494468,,,,5.423281884623311,2.1738524503239303
wheel_odom,,,,,,5526.430220451,-0.004,0.018,-0.010471975511965976,,
diagnostics,30.0,"[-30.0,23.0,14.0,-21.0]",,16.0,"[-1.0,16.0,5.0,-12.0]",5526.430512202,,,,,
pose,,,0.016918326186392975,,,5526.430602349,,,,5.423205139653481,2.1741757451736867
wheel_odom,,,,,,5526.450281719,-0.006,0.012,0.015009831567151233,,
pose,,,0.022647564767406723,,,5526.450550933,,,,5.423094767546785,2.1746275590177517
pose,,,-0.004810716652946847,,,5526.470921649,,,,5.423086344531492,2.1745295797289694
wheel_odom,,,,,,5526.490526926,0.0,0.014,-0.011344640137963142,,
diagnostics,42.0,"[-42.0,37.0,37.0,-11.0]",,16.0,"[-13.0,13.0,16.0,-11.0]",5526.490942126,,,,,
pose,,,0.016059834855773183,,,5526.491112829,,,,5.423056633109341,2.174853882189373
wheel_odom,,,,,,5526.510425461,-0.006,-0.003,0.0041887902047863905,,
pose,,,0.0116530903794065,,,5526.510812642,,,,5.4229447785397795,2.175083449876071
diagnostics,15.0,"[-15.0,-5.0,-5.0,0.0]",,0.0,"[0.0,0.0,0.0,0.0]",5526.530307484,,,,,
wheel_odom,,,,,,5526.530632483,-0.003,0.001,0.009250245035569947,,
pose,,,0.0041551520890421,,,5526.530996267,,,,5.422891176792079,2.17516731588688
wheel_odom,,,,,,5526.550226734,0.0,0.0,0.0012217304763960308,,
pose,,,0.008658431140655998,,,5526.55062281,,,,5.422833396712878,2.1753372477716697
pose,,,-0.002596404127540069,,,5526.57023869,,,,5.422849905358716,2.1752863151790214
wheel_odom,,,,,,5526.590512431,0.0,0.001,0.008726646259971648,,
diagnostics,9.0,"[-7.0,-5.0,-9.0,-3.0]",,0.0,"[0.0,0.0,0.0,0.0]",5526.591243391,,,,,
pose,,,0.0010234944171931785,,,5526.591395878,,,,5.42285133873689,2.1753079687417296
wheel_odom,,,,,,5526.610829811,0.001,-0.003,0.00034906585039886593,,
pose,,,0.0006079346024674552,,,5526.611553804,,,,5.422858507901598,2.175320221963354
wheel_odom,,,,,,5526.630056858,0.002,-0.004,0.008377580409572781,,
diagnostics,19.0,"[2.0,0.0,-19.0,2.0]",,0.0,"[0.0,0.0,0.0,0.0]",5526.630399094,,,,,
pose,,,-0.0029851695123586466,,,5526.630687314,,,,5.422893552429584,2.1752630951594822
wheel_odom,,,,,,5526.65094293,0.001,-0.001,-0.0033161255787892262,,
pose,,,0.001255324152399555,,,5526.651687033,,,,5.4229150802337935,2.175289449830164
pose,,,-0.0022719150614122193,,,5526.670708073,,,,5.422923746252185,2.1752462363040306
wheel_odom,,,,,,5526.690345912,0.0,-0.001,-0.0024434609527920616,,
diagnostics,4.0,"[0.0,0.0,0.0,4.0]",,0.0,"[0.0,0.0,0.0,0.0]",5526.690777717,,,,,
pose,,,-0.001725717691788169,,,5526.690940529,,,,5.422935862281165,2.1752113133278566
wheel_odom,,,,,,5526.710723681,0.001,-0.001,0.0041887902047863905,,
pose,,,-0.0014607370253827006,,,5526.711352226,,,,5.422961887817726,2.175181502060327
wheel_odom,,,,,,5526.730460774,0.0,0.0,0.0012217304763960308,,
diagnostics,3.0,"[0.0,0.0,0.0,-3.0]",,0.0,"[0.0,0.0,0.0,0.0]",5526.73091865,,,,,
pose,,,-0.0011676974155670331,,,5526.73111564,,,,5.422970398767336,2.175158421507347
wheel_odom,,,,,,5526.750935414,0.001,0.0,0.004537856055185257,,
pose,,,8.385868759720531e-05,,,5526.751652085,,,,5.422991428942565,2.175160143496691
pose,,,-0.0011560828255962503,,,5526.771140277,,,,5.422992864301832,2.1751376148066206
wheel_odom,,,,,,5526.790386929,0.0,0.0,0.0,,
diagnostics,0.0,"[0.0,0.0,0.0,0.0]",,0.0,"[0.0,0.0,0.0,0.0]",5526.790808104,,,,,
pose,,,-0.0009041231894068715,,,5526.791311201,,,,5.422998410487812,2.175119373926888
wheel_odom,,,,,,5526.810663955,0.0,0.0,0.0,,
pose,,,-0.0008679976919617452,,,5526.811256782,,,,5.423005850354632,2.175102063961036
wheel_odom,,,,,,5526.831835077,0.0,0.0,0.0,,
diagnostics,0.0,"[0.0,0.0,0.0,0.0]",,0.0,"[0.0,0.0,0.0,0.0]",5526.832416092,,,,,
pose,,,-0.0006383659065518864,,,5526.8326289,,,,5.423007598471036,2.175088420243119
wheel_odom,,,,,,5526.850924935,0.0,0.0,0.0,,
pose,,,-0.00014888815522836582,,,5526.851639502,,,,5.42301048007969,2.17508559001567
pose,,,-0.0005633930930855099,,,5526.870471866,,,,5.423010104584258,2.17507497855803
wheel_odom,,,,,,5526.89078883,0.0,0.0,0.0,,
diagnostics,0.0,"[0.0,0.0,0.0,0.0]",,0.0,"[0.0,0.0,0.0,0.0]",5526.891352834,,,,,
pose,,,-0.00046227010671499164,,,5526.891579598,,,,5.423010428427818,2.1750652214654167
wheel_odom,,,,,,5526.911779282,0.001,-0.001,0.0029670597283903604,,
pose,,,-0.0009470269340523963,,,5526.912698307,,,,5.4230231834250375,2.17504522664616
wheel_odom,,,,,,5526.930389937,0.003,-0.003,0.008028514559173916,,
diagnostics,15.0,"[0.0,0.0,-15.0,0.0]",,0.0,"[0.0,0.0,0.0,0.0]",5526.930790703,,,,,
pose,,,-0.001949314757099788,,,5526.930938174,,,,5.423059974613336,2.1750096558019334
wheel_odom,,,,,,5526.951208909,0.0,0.001,0.0017453292519943296,,
pose,,,-0.00016156008615294713,,,5526.951876584,,,,5.423081919362482,2.1750062736328113
pose,,,0.00010565219962103567,,,5526.971467853,,,,5.423074788613196,2.1750083432589267
wheel_odom,,,,,,5526.991043832,0.0,0.0,0.0012217304763960308,,
diagnostics,0.0,"[0.0,0.0,0.0,0.0]",,0.0,"[0.0,0.0,0.0,0.0]",5526.991719732,,,,,
pose,,,-8.125449229309361e-05,,,5526.992334812,,,,5.423073460137815,2.1750066475373133
wheel_odom,,,,,,5527.010530573,0.0,0.0,0.0,,
pose,,,-0.00018840519447373686,,,5527.010926353,,,,5.4230745554134705,2.175003144083186
wheel_odom,,,,,,5527.030875221,0.0,0.0,0.0,,
diagnostics,0.0,"[0.0,0.0,0.0,0.0]",,0.0,"[0.0,0.0,0.0,0.0]",5527.031687307,,,,,
pose,,,-6.436858805991724e-05,,,5527.032070453,,,,5.42307201263124,2.175001783607054
wheel_odom,,,,,,5527.050897161,0.0,0.0,0.0,,
pose,,,-8.493459454178409e-05,,,5527.051584038,,,,5.423072994580011,2.1750001258512595
pose,,,0.00015388513368139414,,,5527.071124982,,,,5.423066747488907,2.175003132636431
wheel_odom,,,,,,5527.091363138,0.0,0.0,0.0,,
diagnostics,0.0,"[0.0,0.0,0.0,0.0]",,0.0,"[0.0,0.0,0.0,0.0]",5527.092059247,,,,,
pose,,,1.909578503130418e-05,,,5527.092346589,,,,5.423062161181136,2.175003537918517
wheel_odom,,,,,,5527.110532553,0.0,0.0,0.0,,
pose,,,9.099177076491643e-05,,,5527.110924619,,,,5.423057195826401,2.175005228653807
wheel_odom,,,,,,5527.130190538,0.0,0.0,0.0,,
diagnostics,0.0,"[0.0,0.0,0.0,0.0]",,0.0,"[0.0,0.0,0.0,0.0]",5527.130560356,,,,,
pose,,,5.757268213547421e-05,,,5527.130710883,,,,5.423052534473507,2.1750063678377325
wheel_odom,,,,,,5527.151267502,0.0,0.0,0.0,,
pose,,,-1.966001229209101e-05,,,5527.152176389,,,,5.423052523886536,2.1750059459566153
pose,,,0.0001088252371077402,,,5527.171035014,,,,5.423048247288039,2.175007998366525
wheel_odom,,,,,,5527.191066825,0.0,0.0,0.0,,
diagnostics,0.0,"[0.0,0.0,0.0,0.0]",,0.0,"[0.0,0.0,0.0,0.0]",5527.191811756,,,,,
pose,,,6.296797809748455e-05,,,5527.192107164,,,,5.423044109209592,2.1750093253649037
wheel_odom,,,,,,5527.210484436,0.0,0.0,-0.0008726646259971648,,
pose,,,7.423974682551894e-05,,,5527.210890182,,,,5.423040540509393,2.1750107200263287
wheel_odom,,,,,,5527.23015289,0.004,-0.004,-0.011344640137963142,,
diagnostics,25.0,"[25.0,0.0,0.0,0.0]",,0.0,"[0.0,0.0,0.0,0.0]",5527.230531995,,,,,
pose,,,-0.0019687502410844345,,,5527.230734317,,,,5.423085498735519,2.174971648191326
wheel_odom,,,,,,5527.250854676,0.001,-0.001,0.0012217304763960308,,
pose,,,-0.0008757007878824507,,,5527.251605253,,,,5.423109483449323,2.1749533765691615
pose,,,0.0005281604542160295,,,5527.270747738,,,,5.423099987731315,2.1749634885565094
diagnostics,3.0,"[0.0,0.0,-3.0,0.0]",,0.0,"[0.0,0.0,0.0,0.0]",5527.29023274,,,,,
wheel_odom,,,,,,5527.290560062,0.001,-0.001,0.0020943951023931952,,
pose,,,-0.0006576290244680553,,,5527.290806171,,,,5.423123560470871,2.1749502955666897
wheel_odom,,,,,,5527.310595831,0.007,-0.007,0.01884955592153876,,
pose,,,-0.003636804834786553,,,5527.310983235,,,,5.423217838131626,2.1748769209270717
wheel_odom,,,,,,5527.330331639,0.003,-0.003,-0.0012217304763960308,,
diagnostics,16.0,"[16.0,0.0,-9.0,0.0]",,0.0,"[0.0,0.0,0.0,0.0]",5527.330630963,,,,,
pose,,,-0.001074834956235385,,,5527.33083633,,,,5.4232556376836545,2.1748555805960117
wheel_odom,,,,,,5527.350327428,0.001,-0.001,-0.00034906585039886593,,
pose,,,-0.000725107096739968,,,5527.350794879,,,,5.42329270631234,2.1748411087824064
pose,,,0.0,,,5527.370228787,,,,5.42329270631234,2.1748411087824064
wheel_odom,,,,,,5527.391025013,0.001,-0.001,0.0012217304763960308,,
diagnostics,4.0,"[4.0,0.0,-3.0,0.0]",,0.0,"[0.0,0.0,0.0,0.0]",5527.392927032,,,,,
pose,,,0.00025217132515297977,,,5527.393208889,,,,5.423292223103144,2.1748469033642444
wheel_odom,,,,,,5527.411025802,0.0,0.0,0.0,,
pose,,,0.0003349446555963308,,,5527.411657626,,,,5.423291634836212,2.174853082597422
wheel_odom,,,,,,5527.430587828,0.001,-0.001,0.00034906585039886593,,
diagnostics,3.0,"[2.0,0.0,-3.0,0.0]",,0.0,"[0.0,0.0,0.0,0.0]",5527.431101173,,,,,
pose,,,0.00044158230066990026,,,5527.431297202,,,,5.423283399082515,2.1748617559520778
wheel_odom,,,,,,5527.451051488,0.001,0.0,-0.0024434609527920616,,
pose,,,0.0005810534560569713,,,5527.451661198,,,,5.423283372485601,2.1748735871202505
wheel_odom,,,,,,5527.470580873,0.0,0.0,0.0012217304763960308,,
pose,,,-0.00026628537998595476,,,5527.470981355,,,,5.423289737547023,2.17486844155471
diagnostics,0.0,"[0.0,0.0,0.0,0.0]",,0.0,"[0.0,0.0,0.0,0.0]",5527.490621023,,,,,
pose,,,0.0009585364160765133,,,5527.495220326,,,,5.423263527039441,2.1748916684640713
wheel_odom,,,,,,5527.511329338,0.001,-0.001,-0.0017453292519943296,,
pose,,,0.0002715480026374834,,,5527.511692001,,,,5.423259288039382,2.1748961433065936
wheel_odom,,,,,,5527.530322647,0.001,-0.001,-0.0041887902047863905,,
diagnostics,2.0,"[2.0,0.0,0.0,0.0]",,0.0,"[0.0,0.0,0.0,0.0]",5527.530616827,,,,,
pose,,,0.000318734084735479,,,5527.53107058,,,,5.423252053395333,2.174902319879118
wheel_odom,,,,,,5527.550603507,0.0,0.0,-0.0008726646259971648,,
pose,,,-0.0004008410626770227,,,5527.551179626,,,,5.423264267436917,2.174894260517805
pose,,,0.0009970672710582433,,,5527.571262263,,,,5.423239780187954,2.1749142835798687
wheel_odom,,,,,,5527.591339154,0.0,0.0,0.0,,
diagnostics,0.0,"[0.0,0.0,0.0,0.0]",,0.0,"[0.0,0.0,0.0,0.0]",5527.59194548,,,,,
pose,,,0.0006667370561043626,,,5527.592408692,,,,5.423220795197396,2.174928383055059
pose,,,0.0,,,5527.610251613,,,,5.423220795197396,2.174928383055059
wheel_odom,,,,,,5527.630442519,0.0,0.0,0.0,,
pose,,,0.0005950490275975055,,,5527.630732937,,,,5.423203638471688,2.1749405721720367
wheel_odom,,,,,,5527.650466433,0.0,0.0,0.0,,
diagnostics,0.0,"[0.0,0.0,0.0,0.0]",,0.0,"[0.0,0.0,0.0,0.0]",5527.65094197,,,,,
pose,,,0.0005610058089732837,,,5527.65140584,,,,5.4231860604807824,2.1749521683977306
wheel_odom,,,,,,5527.670528929,0.0,0.0,0.0,,
pose,,,0.0005484909964962959,,,5527.670912195,,,,5.423169314788321,2.1749628685224436
wheel_odom,,,,,,5527.69032493,0.0,0.0,0.0,,
pose,,,1.8181651658345067e-05,,,5527.690761891,,,,5.423169144187598,2.174963229403811
diagnostics,0.0,"[0.0,0.0,0.0,0.0]",,0.0,"[0.0,0.0,0.0,0.0]",5527.710778967,,,,,
pose,,,0.0004138215108119061,,,5527.711489847,,,,5.423154217540266,2.1749718057412357
wheel_odom,,,,,,5527.730483227,0.0,0.0,0.0,,
pose,,,0.00044407917607743703,,,5527.730897301,,,,5.4231395341742115,2.1749804257972047
wheel_odom,,,,,,5527.750704291,0.0,0.0,0.0,,
diagnostics,0.0,"[0.0,0.0,0.0,0.0]",,0.0,"[0.0,0.0,0.0,0.0]",5527.751323582,,,,,
pose,,,0.00031201730367483044,,,5527.751903993,,,,5.423126974341121,2.1749869792710514
wheel_odom,,,,,,5527.77097167,0.0,0.0,0.0,,
pose,,,0.00032555120228652606,,,5527.771998389,,,,5.423114645112899,2.1749935207640854
wheel_odom,,,,,,5527.790988738,0.0,0.0,0.0012217304763960308,,
pose,,,4.0507605064826554e-05,,,5527.791606675,,,,5.423114223914157,2.1749943151186257
diagnostics,3.0,"[0.0,0.0,-3.0,0.0]",,0.0,"[0.0,0.0,0.0,0.0]",5527.810143718,,,,,
pose,,,0.00019884402578755817,,,5527.810779467,,,,5.423104347391136,2.174998127705657
wheel_odom,,,,,,5527.830500367,0.0,0.0,0.0,,
pose,,,0.00023390964630441678,,,5527.831022118,,,,5.423094194373494,2.17500286331194
wheel_odom,,,,,,5527.850888599,0.0,0.0,0.0,,
diagnostics,0.0,"[0.0,0.0,0.0,0.0]",,0.0,"[0.0,0.0,0.0,0.0]",5527.851486993,,,,,
pose,,,0.0001880356464669845,,,5527.851919133,,,,5.423084879134912,2.175006792034343
wheel_odom,,,,,,5527.870436328,0.0,0.0,0.0,,
pose,,,0.0001306121198689337,,,5527.870894795,,,,5.423077221447545,2.1750092708597255
wheel_odom,,,,,,5527.890302238,0.0,0.0,0.0,,
pose,,,6.146959419214293e-05,,,5527.890566482,,,,5.423076450800552,2.1750104801252963
diagnostics,0.0,"[0.0,0.0,0.0,0.0]",,0.0,"[0.0,0.0,0.0,0.0]",5527.910568317,,,,,
pose,,,6.75441612458338e-05,,,5527.91169709,,,,5.423069692994178,2.17501190713302
wheel_odom,,,,,,5527.930967308,0.0,0.0,0.0,,
pose,,,7.868972926631889e-05,,,5527.931528935,,,,5.423063531493154,2.1750134679268815
wheel_odom,,,,,,5527.950715701,0.0,0.0,0.0012217304763960308,,
diagnostics,0.0,"[0.0,0.0,0.0,0.0]",,0.0,"[0.0,0.0,0.0,0.0]",5527.951154477,,,,,
pose,,,8.313244955222036e-05,,,5527.952162195,,,,5.4230574653099035,2.1750151828134774
wheel_odom,,,,,,5527.970516534,0.0,0.0,0.0,,
pose,,,5.0317782262022905e-05,,,5527.970907834,,,,5.423052512916292,2.1750161262887513
wheel_odom,,,,,,5527.990925629,0.0,0.0,0.0,,
pose,,,3.329964556219392e-05,,,5527.991589917,,,,5.423051978047849,2.175016814863817
diagnostics,0.0,"[0.0,0.0,0.0,0.0]",,0.0,"[0.0,0.0,0.0,0.0]",5528.010445445,,,,,
pose,,,1.9603109986282365e-05,,,5528.011219161,,,,5.423047630859293,2.1750171996562035
wheel_odom,,,,,,5528.030697743,0.0,0.0,0.0,,
pose,,,4.0049424224290634e-05,,,5528.031101514,,,,5.423043190848662,2.175017996058188
wheel_odom,,,,,,5528.050625605,0.0,0.0,0.0,,
diagnostics,0.0,"[0.0,0.0,0.0,0.0]",,0.0,"[0.0,0.0,0.0,0.0]",5528.05119976,,,,,
pose,,,1.790324392669726e-05,,,5528.051735199,,,,5.423039570943469,2.1750183654229316
wheel_odom,,,,,,5528.070881213,0.0,0.0,0.0,,
pose,,,1.9159703208012895e-05,,,5528.071553166,,,,5.423039194343587,2.175018745114506
pose,,,3.815186025355074e-06,,,5528.091110543,,,,5.423036016081038,2.175018819731262
wheel_odom,,,,,,5528.110327373,0.0,0.0,0.0,,
diagnostics,0.0,"[0.0,0.0,0.0,0.0]",,0.0,"[0.0,0.0,0.0,0.0]",5528.110615234,,,,,
pose,,,-0.007915445480168957,,,5528.110807148,,,,5.423033163749936,2.174862876479183
wheel_odom,,,,,,5528.130676908,0.0,0.0,0.0012217304763960308,,
pose,,,-0.007165495807849326,,,5528.131185388,,,,5.423030354609207,2.1747168617460044
wheel_odom,,,,,,5528.151119824,0.0,0.0,0.0,,
diagnostics,0.0,"[0.0,0.0,0.0,0.0]",,0.0,"[0.0,0.0,0.0,0.0]",5528.151815975,,,,,
pose,,,0.0018624265260031136,,,5528.152355055,,,,5.423028016579369,2.174756282517704
wheel_odom,,,,,,5528.171257083,0.0,0.0,0.0,,
pose,,,-0.0005796293482773159,,,5528.172079265,,,,5.423027770820959,2.174744851105373
pose,,,0.0023534985425277214,,,5528.190859625,,,,5.4230257169761895,2.1747890585583094
wheel_odom,,,,,,5528.210247465,0.0,0.0,0.0,,
diagnostics,0.0,"[0.0,0.0,0.0,0.0]",,0.0,"[0.0,0.0,0.0,0.0]",5528.210499641,,,,,
pose,,,0.0016673143506079973,,,5528.210694418,,,,5.423023840135628,2.1748221342435365
wheel_odom,,,,,,5528.231086946,0.0,0.0,0.0,,
pose,,,0.0014252088987050525,,,5528.231615853,,,,5.4230219904384835,2.17485194762268
wheel_odom,,,,,,5528.251180071,0.0,0.0,0.0,,
diagnostics,0.0,"[0.0,0.0,0.0,0.0]",,0.0,"[0.0,0.0,0.0,0.0]",5528.25190739,,,,,
pose,,,-0.006107458857666139,,,5528.252514206,,,,5.423020525299971,2.1747243290634333
wheel_odom,,,,,,5528.270178232,0.0,0.0,0.0,,
pose,,,-0.0004900290303591871,,,5528.270419428,,,,5.423020365609789,2.1747155522921484
pose,,,0.0024159155760488586,,,5528.290548272,,,,5.423019028831945,2.1747641799278354
wheel_odom,,,,,,5528.31172629,0.0,0.0,0.0,,
diagnostics,0.0,"[0.0,0.0,0.0,0.0]",,0.0,"[0.0,0.0,0.0,0.0]",5528.312466176,,,,,
pose,,,-0.0051047662545756125,,,5528.313193501,,,,5.423017849720961,2.1746486000104563
wheel_odom,,,,,,5528.330572152,0.0,0.0,0.0,,
pose,,,0.0028009168993863532,,,5528.33104412,,,,5.4230166356155864,2.174698609443389
wheel_odom,,,,,,5528.352012395,0.0,0.0,0.0,,
diagnostics,0.0,"[0.0,0.0,0.0,0.0]",,0.0,"[0.0,0.0,0.0,0.0]",5528.352747554,,,,,
pose,,,0.0021530494302298463,,,5528.353043326,,,,5.423015642301139,2.1747459655029338
wheel_odom,,,,,,5528.370233625,0.0,0.0,0.0,,
pose,,,5.7311376170688354e-06,,,5528.370543603,,,,5.423015535254478,2.1747460658275695
pose,,,-0.005816816719507657,,,5528.390522542,,,,5.423014708061182,2.1746298554214407
wheel_odom,,,,,,5528.410743482,0.0,0.0,0.0,,
diagnostics,0.0,"[0.0,0.0,0.0,0.0]",,0.0,"[0.0,0.0,0.0,0.0]",5528.411381161,,,,,
pose,,,0.002632417234719287,,,5528.411882965,,,,5.423013898894992,2.174686077548935
wheel_odom,,,,,,5528.431188525,0.0,0.0,0.0,,
pose,,,-0.0055099004761998875,,,5528.431591889,,,,5.423013147000047,2.174577472087989
wheel_odom,,,,,,5528.450108101,0.0,0.0,0.0,,
diagnostics,0.0,"[0.0,0.0,0.0,0.0]",,0.0,"[0.0,0.0,0.0,0.0]",5528.450399577,,,,,
pose,,,-0.004727179168422042,,,5528.450490382,,,,5.423012529808763,2.1744881288933313
wheel_odom,,,,,,5528.470182432,0.0,0.0,0.0,,
pose,,,-0.0006992339965212455,,,5528.470432675,,,,5.4230124668563855,2.174474184544519
pose,,,-0.003525533166585059,,,5528.491065949,,,,5.4230119182609045,2.174401467532019
wheel_odom,,,,,,5528.511065797,0.0,0.0,0.0,,
diagnostics,0.0,"[0.0,0.0,0.0,0.0]",,0.0,"[0.0,0.0,0.0,0.0]",5528.511774898,,,,,
pose,,,-0.0030743139776802575,,,5528.512241747,,,,5.4230114132596725,2.1743363541214973
wheel_odom,,,,,,5528.530762403,0.0,0.0,0.0,,
pose,,,-0.003451081472031892,,,5528.531159395,,,,5.423010914167463,2.174271060260536
wheel_odom,,,,,,5528.550128906,0.0,0.0,0.0,,
diagnostics,0.0,"[0.0,0.0,0.0,0.0]",,0.0,"[0.0,0.0,0.0,0.0]",5528.550418313,,,,,
pose,,,-0.0028732056453293475,,,5528.550515348,,,,5.4230104560477725,2.1742154423201683
wheel_odom,,,,,,5528.570258922,0.0,0.0,0.0,,
pose,,,-0.0003682079968854388,,,5528.570719072,,,,5.4230104431064055,2.1742080037719056
pose,,,-0.001440286516704049,,,5528.591358409,,,,5.423010075953468,2.1741782789947455
wheel_odom,,,,,,5528.610785554,0.0,0.0,0.0,,
diagnostics,0.0,"[0.0,0.0,0.0,0.0]",,0.0,"[0.0,0.0,0.0,0.0]",5528.611270252,,,,,
pose,,,-0.001865848783363325,,,5528.612029022,,,,5.42300970321748,2.174139716023918
wheel_odom,,,,,,5528.630604009,0.0,0.0,0.0,,
pose,,,-0.0012649243649746056,,,5528.631154886,,,,5.423009393953461,2.174115518399029
wheel_odom,,,,,,5528.650194663,0.0,0.0,0.0,,
diagnostics,0.0,"[0.0,0.0,0.0,0.0]",,0.0,"[0.0,0.0,0.0,0.0]",5528.650503337,,,,,
pose,,,-0.0013220307489521972,,,5528.650754281,,,,5.423009090756758,2.1740896061666892
wheel_odom,,,,,,5528.672023986,0.0,0.0,0.0,,
pose,,,-0.0006810613421441308,,,5528.673088107,,,,5.423008839438507,2.174074399982064
wheel_odom,,,,,,5528.690302391,0.0,0.0,0.0,,
pose,,,-0.0005396312422558357,,,5528.690553124,,,,5.423008817515498,2.1740649712487414
diagnostics,0.0,"[0.0,0.0,0.0,0.0]",,0.0,"[0.0,0.0,0.0,0.0]",5528.710213088,,,,,
pose,,,-0.0003658430049331344,,,5528.710706228,,,,5.42300859288964,2.174057598713191
wheel_odom,,,,,,5528.730736116,0.0,0.0,0.0,,
pose,,,-0.0004485882986011893,,,5528.731087688,,,,5.423008388657184,2.1740484554604356
wheel_odom,,,,,,5528.751416406,0.0,0.0,0.0,,
diagnostics,0.0,"[0.0,0.0,0.0,0.0]",,0.0,"[0.0,0.0,0.0,0.0]",5528.752091809,,,,,
pose,,,-0.0004780356204979607,,,5528.752981924,,,,5.423008188055441,2.1740379929653777
wheel_odom,,,,,,5528.770640137,0.0,0.0,0.0,,
pose,,,-0.0003067033965722407,,,5528.770975886,,,,5.423008172573578,2.174032471810447
pose,,,-0.000112354038308972,,,5528.790588974,,,,5.423008004284991,2.1740302682991164
wheel_odom,,,,,,5528.810526171,0.0,0.0,0.0,,
diagnostics,0.0,"[0.0,0.0,0.0,0.0]",,0.0,"[0.0,0.0,0.0,0.0]",5528.811011277,,,,,
pose,,,-0.0001709643550897004,,,5528.811177431,,,,5.423007852494689,2.1740267485880653
wheel_odom,,,,,,5528.831496323,0.0,0.0,0.0,,
pose,,,-0.00020847544108858483,,,5528.832143743,,,,5.4230077039386675,2.1740223776652825
wheel_odom,,,,,,5528.850719664,0.0,0.0,0.0,,
diagnostics,0.0,"[0.0,0.0,0.0,0.0]",,0.0,"[0.0,0.0,0.0,0.0]",5528.851073589,,,,,
pose,,,-8.817032581137844e-05,,,5528.85141109,,,,5.4230075815445575,2.174020678676271
wheel_odom,,,,,,5528.870323224,0.0,0.0,0.0,,
pose,,,-0.0001192926637649327,,,5528.870741888,,,,5.423007461537769,2.1740183725999644
pose,,,0.0,,,5528.891392764,,,,5.423007461537769,2.1740183725999644
wheel_odom,,,,,,5528.911088735,0.0,0.0,0.0,,
diagnostics,0.0,"[0.0,0.0,0.0,0.0]",,0.0,"[0.0,0.0,0.0,0.0]",5528.911817471,,,,,
pose,,,-3.159872901298473e-05,,,5528.912093351,,,,5.423007362913533,2.1740177183098246
wheel_odom,,,,,,5528.931436647,0.0,0.0,0.0,,
pose,,,-5.33203698019589e-05,,,5528.932110643,,,,5.423007266024185,2.1740166508956333
wheel_odom,,,,,,5528.950432385,0.0,0.0,0.0,,
diagnostics,0.0,"[0.0,0.0,0.0,0.0]",,0.0,"[0.0,0.0,0.0,0.0]",5528.950773476,,,,,
pose,,,-4.870906990473785e-06,,,5528.951010186,,,,5.423007186504514,2.1740165588313607
wheel_odom,,,,,,5528.970432365,0.011,-0.007,0.03316125578789226,,
pose,,,-0.0035920265618437724,,,5528.970766152,,,,5.423235409993835,2.173945593813492
wheel_odom,,,,,,5528.990463415,-0.001,0.003,-0.013439035240356337,,
pose,,,0.0010867964223728792,,,5528.990896051,,,,5.423254111401013,2.173967467971576
diagnostics,16.0,"[8.0,-3.0,16.0,0.0]",,0.0,"[0.0,0.0,0.0,0.0]",5529.010305001,,,,,
pose,,,0.008067998090771031,,,5529.010904421,,,,5.423323420237955,2.1741289024574866
wheel_odom,,,,,,5529.03057789,0.002,-0.002,-0.009250245035569947,,
pose,,,0.006140124753305028,,,5529.030975332,,,,5.423453910349927,2.1742521449477565
pose,,,0.0,,,5529.050273559,,,,5.423453910349927,2.1742521449477565
wheel_odom,,,,,,5529.070759654,-0.003,0.0,-0.0012217304763960308,,
diagnostics,10.0,"[-3.0,0.0,0.0,10.0]",,0.0,"[0.0,0.0,0.0,0.0]",5529.071241222,,,,,
pose,,,-0.0015959186396986523,,,5529.07169308,,,,5.423485534864703,2.174217961688722
wheel_odom,,,,,,5529.090478924,-0.005,-0.005,-0.010122909661567111,,
pose,,,-0.004078766416878464,,,5529.091751744,,,,5.423390732560346,2.1741361414508558
wheel_odom,,,,,,5529.110708281,-0.002,-0.002,-0.0012217304763960308,,
pose,,,-0.0016556942472197576,,,5529.111290702,,,,5.423353302726121,2.17410379846212
diagnostics,10.0,"[0.0,-3.0,0.0,10.0]",,0.0,"[0.0,0.0,0.0,0.0]",5529.130117345,,,,,
pose,,,-0.000640311978244331,,,5529.131501625,,,,5.423321454480728,2.1740908548397786
wheel_odom,,,,,,5529.150466991,0.001,0.001,0.0020943951023931952,,
pose,,,-0.0011033245694504795,,,5529.150926185,,,,5.42327622231879,2.1740694240056704
wheel_odom,,,,,,5529.170331153,-0.001,0.0,0.0024434609527920616,,
diagnostics,3.0,"[-3.0,0.0,0.0,0.0]",,0.0,"[0.0,0.0,0.0,0.0]",5529.170768187,,,,,
pose,,,-0.0007058792476811707,,,5529.17091014,,,,5.4232348419576315,2.174055316802083
wheel_odom,,,,,,5529.19052641,0.0,0.0,-0.0008726646259971648,,
pose,,,-0.0008512304543552116,,,5529.190834527,,,,5.423199838711405,2.1740383567920234
wheel_odom,,,,,,5529.210278062,0.0,0.0,0.0,,
pose,,,-0.00026203189250635834,,,5529.210545692,,,,5.423195823204831,2.174033191804353
diagnostics,0.0,"[0.0,0.0,0.0,0.0]",,0.0,"[0.0,0.0,0.0,0.0]",5529.232383039,,,,,
pose,,,-9.563394144136695e-05,,,5529.232871134,,,,5.423178460994234,2.174031057396318
wheel_odom,,,,,,5529.250707532,0.0,0.0,0.0012217304763960308,,
pose,,,-0.0005105957627998309,,,5529.25122789,,,,5.423156010537677,2.1740216811736577
wheel_odom,,,,,,5529.270415179,0.0,0.0,0.0,,
diagnostics,3.0,"[-3.0,-3.0,0.0,0.0]",,0.0,"[0.0,0.0,0.0,0.0]",5529.270724146,,,,,
pose,,,-0.000308804208870592,,,5529.271099093,,,,5.423137446785412,2.1740155448582126
wheel_odom,,,,,,5529.290351681,0.0,0.0,-0.0008726646259971648,,
pose,,,-7.768054946168114e-05,,,5529.29077878,,,,5.423124004419006,2.1740140160842585
wheel_odom,,,,,,5529.31028894,0.0,0.0,0.0,,
pose,,,-0.0002157622537297421,,,5529.310542335,,,,5.423121567748832,2.1740097518900434
diagnostics,0.0,"[0.0,0.0,0.0,0.0]",,0.0,"[0.0,0.0,0.0,0.0]",5529.330326044,,,,,
pose,,,7.58461547651035e-05,,,5529.330921646,,,,5.4231104525858,2.17401129736732
wheel_odom,,,,,,5529.350907261,0.001,0.0,-0.0017453292519943296,,
pose,,,-3.375740970497061e-06,,,5529.351416673,,,,5.423112018634201,2.174011228179139
cmd,,,,,,5529.367263551,-0.07141974568367004,-0.11000000000000001,0.0018249974818900228,,
wheel_odom,,,,,,5529.370158706,0.0,0.0,0.0,,
diagnostics,0.0,"[0.0,0.0,0.0,0.0]",,0.0,"[0.0,0.0,0.0,0.0]",5529.370418434,,,,,
pose,,,-4.344228158270234e-05,,,5529.370773851,,,,5.4231057058231675,2.174010387170105
wheel_odom,,,,,,5529.390600651,0.0,0.0,0.0,,
pose,,,2.9832593507546235e-05,,,5529.390924924,,,,5.423097322713584,2.174010988341464
wheel_odom,,,,,,5529.410862687,0.0,0.0,0.003839724354387525,,
pose,,,-6.911001388971764e-05,,,5529.411590394,,,,5.423098433299669,2.1740095604346563
cmd,,,,,,5529.417346943,-0.14306887984275818,-0.22000000000000003,0.008151980116963387,,
diagnostics,3.0,"[0.0,0.0,0.0,-3.0]",,0.0,"[0.0,0.0,0.0,0.0]",5529.430448164,,,,,
pose,,,7.931171344571088e-05,,,5529.431155933,,,,5.423089650411273,2.1740111122361414
wheel_odom,,,,,,5529.45080402,0.0,0.0,0.0,,
pose,,,4.159788594038758e-05,,,5529.45117305,,,,5.423082103375574,2.174011945029021
cmd,,,,,,5529.467226352,-0.25306887984275817,-0.33000000000000007,0.014674988575279713,,
wheel_odom,,,,,,5529.470054062,-0.001,0.0,0.0024434609527920616,,
diagnostics,3.0,"[0.0,-3.0,0.0,0.0]",,0.0,"[0.0,0.0,0.0,0.0]",5529.470326396,,,,,
pose,,,2.8386736303943555e-05,,,5529.470520563,,,,5.423062789297936,2.1740124942747276
wheel_odom,,,,,,5529.490437176,0.0,0.0,0.0,,
pose,,,4.0847993342406117e-05,,,5529.490884224,,,,5.42305499367826,2.174013326011111
wheel_odom,,,,,,5529.510955508,0.0,0.0,0.0,,
pose,,,3.237753898721865e-05,,,5529.511686969,,,,5.423046202254582,2.174013999468552
cmd,,,,,,5529.517718985,-0.36306887984275815,-0.4280422627925873,0.012306109070777893,,
diagnostics,0.0,"[0.0,0.0,0.0,0.0]",,0.0,"[0.0,0.0,0.0,0.0]",5529.52983888,,,,,
pose,,,0.0,,,5529.530287833,,,,5.423046202254582,2.174013999468552
wheel_odom,,,,,,5529.550502454,0.0,0.0,0.0,,
pose,,,3.4720193433443186e-05,,,5529.550901999,,,,5.4230397922041735,2.1740147152367277
cmd,,,,,,5529.56740781,-0.47306887984275814,-0.5110041499137878,0.011428754776716232,,
wheel_odom,,,,,,5529.570797881,0.0,0.0,0.0,,
diagnostics,3.0,"[0.0,0.0,0.0,-3.0]",,0.0,"[0.0,0.0,0.0,0.0]",5529.571391729,,,,,
pose,,,3.2194949733109245e-05,,,5529.571922689,,,,5.4230360003589695,2.174015391891669
wheel_odom,,,,,,5529.591162268,0.0,0.0,0.0,,
pose,,,3.073859574478932e-05,,,5529.591907718,,,,5.423032001817208,2.1740160061603317
wheel_odom,,,,,,5529.610388751,0.0,0.0,0.0,,
pose,,,2.7069891012215447e-05,,,5529.610804497,,,,5.4230292930198445,2.1740165178118067
cmd,,,,,,5529.61718627,-0.5830688798427581,-0.5901668667793274,0.00960807129740715,,
diagnostics,0.0,"[0.0,0.0,0.0,0.0]",,0.0,"[0.0,0.0,0.0,0.0]",5529.629889002,,,,,
pose,,,0.0,,,5529.630293361,,,,5.4230292930198445,2.1740165178118067
wheel_odom,,,,,,5529.651070077,0.0,0.0,0.0012217304763960308,,
pose,,,2.2876644312212462e-05,,,5529.65165803,,,,5.423026522499004,2.174017006511856
cmd,,,,,,5529.667278505,-0.6930688798427581,-0.6456868052482605,0.008907048963010311,,
wheel_odom,,,,,,5529.670688209,0.0,0.0,0.0,,
diagnostics,0.0,"[0.0,0.0,0.0,0.0]",,0.0,"[0.0,0.0,0.0,0.0]",5529.671236103,,,,,
pose,,,1.8469741868727195e-05,,,5529.671763438,,,,5.4230244846307505,2.174017377852998
wheel_odom,,,,,,5529.691207129,-0.035,-0.035,-0.01710422666954443,,
pose,,,-0.017567076976826034,,,5529.691900153,,,,5.422598712196638,2.1736636710997774
wheel_odom,,,,,,5529.71041899,-0.038,-0.042,0.08290313946973066,,
pose,,,-0.02119443828488947,,,5529.710883507,,,,5.422099194188451,2.1732612483155034
cmd,,,,,,5529.717303377,-0.7249857783317566,-0.610083818435669,0.014154192060232162,,
diagnostics,306.0,"[12.0,-306.0,0.0,60.0]",,438.0,"[6.0,-438.0,-6.0,438.0]",5529.729864477,,,,,
pose,,,0.0,,,5529.730367263,,,,5.422099194188451,2.1732612483155034
wheel_odom,,,,,,5529.751372211,-0.061,-0.061,0.08133234314293576,,
pose,,,-0.03189033445669069,,,5529.752097135,,,,5.4211152566882275,2.1725683692510827
cmd,,,,,,5529.767482483,-0.7727171778678894,-0.6384645104408264,0.02009410597383976,,
wheel_odom,,,,,,5529.770617358,-0.038,-0.032,0.03560471674068432,,
diagnostics,160.0,"[-5.0,-160.0,0.0,92.0]",,665.0,"[-3.0,-665.0,3.0,665.0]",5529.771247838,,,,,
pose,,,-0.02061727227366171,,,5529.771510915,,,,5.420512762963472,2.1721680918579263
wheel_odom,,,,,,5529.792249362,-0.078,-0.078,0.01710422666954443,,
pose,,,-0.06313840491281261,,,5529.79247972,,,,5.419057493215708,2.170844209950817
wheel_odom,,,,,,5529.810398342,-0.108,-0.107,0.019198621771937627,,
pose,,,-0.07675403168431881,,,5529.810888116,,,,5.417441139068078,2.1694309305202633
cmd,,,,,,5529.81721668,-0.8567546606063843,-0.6967900991439819,0.02279624156653881,,
diagnostics,377.0,"[-13.0,-377.0,-5.0,370.0]",,1112.0,"[-48.0,-1112.0,48.0,1112.0]",5529.829875205,,,,,
pose,,,0.0,,,5529.830262525,,,,5.417441139068078,2.1694309305202633
wheel_odom,,,,,,5529.851233538,-0.142,-0.135,0.06318091892219473,,
pose,,,-0.11372589666987676,,,5529.852047683,,,,5.4145083872268085,2.1669538895101033
cmd,,,,,,5529.867229461,-0.9667546606063843,-0.7944939136505127,0.02595800906419754,,
wheel_odom,,,,,,5529.870385415,-0.176,-0.168,0.031415926535897934,,
diagnostics,572.0,"[-24.0,-572.0,0.0,489.0]",,1340.0,"[-81.0,-1340.0,81.0,1340.0]",5529.870732875,,,,,
pose,,,-0.13462759973070312,,,5529.871056311,,,,5.411755144003606,2.1643944412654013
wheel_odom,,,,,,5529.890493158,-0.243,-0.218,0.08831366015091306,,
pose,,,-0.219413139387488,,,5529.890977573,,,,5.406673041189924,2.160023605804966
wheel_odom,,,,,,5529.910553581,-0.272,-0.257,0.11641346110802178,,
pose,,,-0.19668441081017102,,,5529.911044424,,,,5.402228786822048,2.156076755271336
cmd,,,,,,5529.917267663,-1.0767546606063843,-0.9044939136505127,0.030366109684109688,,
diagnostics,1105.0,"[-5.0,-1105.0,37.0,749.0]",,1775.0,"[-145.0,-1775.0,145.0,1775.0]",5529.929910239,,,,,
pose,,,0.0,,,5529.930311013,,,,5.402228786822048,2.156076755271336
wheel_odom,,,,,,5529.951120959,-0.335,-0.308,0.19024088846738194,,
pose,,,-0.29644968464132465,,,5529.951956904,,,,5.3947963657027245,2.1496605254738994
cmd,,,,,,5529.968897491,-1.1867546606063843,-1.0144939136505127,0.033633287996053696,,
wheel_odom,,,,,,5529.970908292,-0.366,-0.32,0.07958701389094142,,
diagnostics,1321.0,"[-17.0,-1321.0,148.0,985.0]",,2012.0,"[-172.0,-2012.0,172.0,2012.0]",5529.971408343,,,,,
pose,,,-0.26312433480411906,,,5529.972029649,,,,5.388706971472887,2.144379140135516
wheel_odom,,,,,,5529.990334505,-0.433,-0.393,0.13439035240356337,,
pose,,,-0.4438033663771385,,,5529.990744532,,,,5.378844101721203,2.1360723198587106
wheel_odom,,,,,,5530.01030316,-0.431,-0.401,0.08674286382411818,,
pose,,,-0.3379245405512219,,,5530.010811153,,,,5.3715126435512435,2.1292910765884994
cmd,,,,,,5530.017189076,-1.2967546606063844,-1.1244939136505128,0.027437817305326462,,
diagnostics,1599.0,"[-34.0,-1599.0,119.0,1299.0]",,2457.0,"[-216.0,-2457.0,216.0,2457.0]",5530.030367104,,,,,
pose,,,0.0,,,5530.031592312,,,,5.3715126435512435,2.1292910765884994
wheel_odom,,,,,,5530.050932445,-0.55,-0.511,0.20612338466053032,,
pose,,,-0.5399122764549306,,,5530.051448488,,,,5.359052342691004,2.1185689667892267
cmd,,,,,,5530.067386558,-1.4067546606063845,-1.1193714141845703,0.021692892536520958,,
wheel_odom,,,,,,5530.070234016,-0.551,-0.506,0.16301375213627037,,
diagnostics,2020.0,"[-11.0,-2020.0,209.0,1535.0]",,2677.0,"[-229.0,-2677.0,229.0,2677.0]",5530.070694367,,,,,
pose,,,-0.42701024441386903,,,5530.070895947,,,,5.349781584484502,2.1102644689934382
wheel_odom,,,,,,5530.090537067,-0.622,-0.567,0.1651081472386636,,
pose,,,-0.626843968327099,,,5530.090880438,,,,5.334964008472374,2.097736794830723
wheel_odom,,,,,,5530.110502596,-0.691,-0.649,0.18308503853420519,,
pose,,,-0.4937648832062836,,,5530.111346285,,,,5.323647028984253,2.0876347899582552
cmd,,,,,,5530.117403237,-1.478437900543213,-1.0842139720916748,0.01493576355278492,,
diagnostics,2574.0,"[6.0,-2574.0,226.0,1971.0]",,3050.0,"[-248.0,-3050.0,248.0,3050.0]",5530.130372392,,,,,
pose,,,0.0,,,5530.131100468,,,,5.323647028984253,2.0876347899582552
wheel_odom,,,,,,5530.150461379,-0.715,-0.649,0.13281955607676849,,
pose,,,-0.7269472804187397,,,5530.150863432,,,,5.306261156660662,2.0732654127992687
cmd,,,,,,5530.167399552,-1.4654576778411865,-1.021788477897644,0.010953685268759727,,
wheel_odom,,,,,,5530.170371016,-0.819,-0.742,0.05689773361501514,,
diagnostics,2869.0,"[0.0,-2869.0,282.0,2358.0]",,3352.0,"[-307.0,-3352.0,307.0,3352.0]",5530.17082391,,,,,
pose,,,-0.5612825291722922,,,5530.171025422,,,,5.2929734621955955,2.0619494917079915
wheel_odom,,,,,,5530.190988561,-0.897,-0.816,0.15917402778188283,,
pose,,,-0.8421875324340266,,,5530.191704301,,,,5.271609453448898,2.0445366404142513
wheel_odom,,,,,,5530.210442467,-0.926,-0.808,0.17505652397503124,,
pose,,,-0.624584685380151,,,5530.210861511,,,,5.256473286134708,2.0325689932440762
cmd,,,,,,5530.217193604,-1.4337526559829712,-0.971174955368042,0.005619647912681103,,
pose,,,0.0,,,5530.230283251,,,,5.256473286134708,2.0325689932440762
diagnostics,3384.0,"[0.0,-3384.0,345.0,2615.0]",,3729.0,"[-427.0,-3729.0,423.0,3725.0]",5530.250216464,,,,,
pose,,,0.0,,,5530.25104103,,,,5.256473286134708,2.0325689932440762
cmd,,,,,,5530.267256636,-1.415605068206787,-0.9339848756790161,0.0020287074148654938,,
wheel_odom,,,,,,5530.270394288,-1.003,-0.87,0.20734511513692636,,
pose,,,-0.9404366142125623,,,5530.270732327,,,,5.232128656995346,2.014045130495789
wheel_odom,,,,,,5530.290042406,-1.045,-0.906,0.2483603525587931,,
diagnostics,3876.0,"[-3.0,-3876.0,533.0,2741.0]",,4021.0,"[-631.0,-4021.0,597.0,3986.0]",5530.290336642,,,,,
pose,,,-0.919399737420579,,,5530.290439909,,,,5.207100010046195,1.9959258294010835
wheel_odom,,,,,,5530.310443681,-1.108,-0.921,0.22706733568446227,,
pose,,,-0.6120432604624564,,,5530.310916545,,,,5.189072966688099,1.9833954218262966
cmd,,,,,,5530.317283926,-1.387223243713379,-0.9085125923156738,0.00017182371811941266,,
wheel_odom,,,,,,5530.330384318,-1.137,-0.934,0.1699950691442477,,
diagnostics,3924.0,"[-51.0,-3924.0,573.0,3000.0]",,4100.0,"[-822.0,-4100.0,740.0,4018.0]",5530.330735249,,,,,
pose,,,-0.911404771482985,,,5530.33094552,,,,5.161462548018876,1.9651373457371064
wheel_odom,,,,,,5530.350460856,-1.14,-0.906,0.12182398178920421,,
pose,,,-0.8240096751611174,,,5530.35073935,,,,5.138966335783495,1.9488271948704594
cmd,,,,,,5530.367244671,-1.37168550491333,-0.8970085382461548,-0.00037364306626841426,,
pose,,,0.2396274270361278,,,5530.370275144,,,,5.142565128938304,1.9535080185612785
wheel_odom,,,,,,5530.390312225,-1.154,-0.901,0.10297442586766545,,
diagnostics,3922.0,"[-105.0,-3922.0,707.0,3036.0]",,4031.0,"[-878.0,-4031.0,748.0,3902.0]",5530.390708859,,,,,
pose,,,-0.8513467335546463,,,5530.390836818,,,,5.11298578025284,1.9360014036410893
wheel_odom,,,,,,5530.410221921,-1.161,-0.924,0.13997540600994524,,
pose,,,-0.5531373601781205,,,5530.410614689,,,,5.0934414746633205,1.9250620104936602
cmd,,,,,,5530.417218259,-1.3397808074951172,-0.8971772193908691,-0.00014543021097779274,,
wheel_odom,,,,,,5530.43015579,-1.162,-0.915,0.11850785621041497,,
diagnostics,3947.0,"[-95.0,-3947.0,715.0,3094.0]",,3971.0,"[-902.0,-3971.0,711.0,3780.0]",5530.430698464,,,,,
pose,,,-0.8251951923807975,,,5530.430896099,,,,5.062918709356941,1.9083266525983988
wheel_odom,,,,,,5530.450450528,-1.136,-0.942,0.16336281798666924,,
pose,,,-0.792765852305259,,,5530.450843433,,,,5.03909561417598,1.892512606941972
cmd,,,,,,5530.467414121,-1.2822345495224,-0.9295550584793091,0.0006496581481769681,,
pose,,,0.2820822493036103,,,5530.470254884,,,,5.043255117876692,1.8979879689553618
wheel_odom,,,,,,5530.49035002,-1.079,-0.893,0.06667157742618339,,
diagnostics,3596.0,"[-103.0,-3596.0,516.0,3076.0]",,3920.0,"[-892.0,-3920.0,603.0,3631.0]",5530.490751142,,,,,
pose,,,-0.7479617421452102,,,5530.490911505,,,,5.01317930224836,1.8825370120956515
wheel_odom,,,,,,5530.510466906,-1.075,-0.857,-0.06370451769779303,,
pose,,,-0.4310013546591358,,,5530.51099791,,,,4.994145220928369,1.8738805334942634
cmd,,,,,,5530.517406868,-1.2172345495224,-1.0395550584793092,0.0022797961719334126,,
wheel_odom,,,,,,5530.530358807,-1.116,-0.874,-0.009599310885968814,,
diagnostics,3564.0,"[-342.0,-3564.0,548.0,3224.0]",,3942.0,"[-914.0,-3942.0,581.0,3609.0]",5530.53080929,,,,,
pose,,,-0.6948158367304044,,,5530.531296143,,,,4.963359457264469,1.859777260998617
wheel_odom,,,,,,5530.550936079,-1.12,-0.921,0.2124065699677099,,
pose,,,-1.0084609836853884,,,5530.551345214,,,,4.92704382029793,1.8395559795269052
cmd,,,,,,5530.567280615,-1.1522345495224,-1.1495550584793093,0.0071771168150007725,,
pose,,,0.3488457741948079,,,5530.570556038,,,,4.932620903309479,1.846256947189166
wheel_odom,,,,,,5530.590411369,-1.131,-0.947,0.2399827721492203,,
diagnostics,3876.0,"[-291.0,-3876.0,355.0,3134.0]",,3913.0,"[-773.0,-3913.0,415.0,3554.0]",5530.590799183,,,,,
pose,,,-0.4037752095336562,,,5530.590947892,,,,4.912423552681606,1.838022576027023
wheel_odom,,,,,,5530.610431036,-1.128,-0.93,0.1768018532270256,,
pose,,,-0.6922637197358453,,,5530.610704524,,,,4.879998990190219,1.8243449256774427
cmd,,,,,,5530.617164284,-1.0872345495224,-1.0395550584793092,0.004129023291170597,,
wheel_odom,,,,,,5530.630335205,-1.055,-0.928,0.10437068926926091,,
diagnostics,3384.0,"[-220.0,-3384.0,194.0,3216.0]",,3970.0,"[-547.0,-3970.0,188.0,3612.0]",5530.630647627,,,,,
pose,,,-0.40585808535639845,,,5530.6307525,,,,4.8601571051015044,1.8162081975520548
wheel_odom,,,,,,5530.650429326,-1.045,-0.953,0.10559241974565693,,
pose,,,-0.9393511605851284,,,5530.65079713,,,,4.823564840180552,1.7973803426240664
cmd,,,,,,5530.667390725,-1.0222345495224001,-0.9295550584793092,0.009103173390030861,,
pose,,,0.21527086951216562,,,5530.673364878,,,,4.827976311860224,1.802236872384166
wheel_odom,,,,,,5530.690228504,-1.005,-0.942,0.1741838593490341,,
diagnostics,3340.0,"[-176.0,-3340.0,-17.0,3164.0]",,3769.0,"[-258.0,-3769.0,-99.0,3411.0]",5530.690650658,,,,,
pose,,,-0.491295758742705,,,5530.690815768,,,,4.808064513659767,1.7936597303122253
wheel_odom,,,,,,5530.710389756,-1.007,-0.938,0.21118483949131386,,
pose,,,-0.7163436928501201,,,5530.710801263,,,,4.775882598584911,1.779343204756565
cmd,,,,,,5530.717250306,-0.9572345495224002,-0.8195550584793092,0.010077154263854027,,
wheel_odom,,,,,,5530.730256278,-1.007,-0.956,0.18133970928221085,,
diagnostics,3399.0,"[-250.0,-3399.0,-28.0,3151.0]",,3769.0,"[-258.0,-3769.0,-99.0,3411.0]",5530.730688265,,,,,
pose,,,-0.46354444092720826,,,5530.730869194,,,,4.7551820048456115,1.7700408245826562
wheel_odom,,,,,,5530.750543164,-0.986,-0.911,0.22951079663725435,,
pose,,,-0.8853745985385911,,,5530.750942256,,,,4.719610928275469,1.7522687162030453
cmd,,,,,,5530.767307684,-0.8922345495224002,-0.7095550584793092,0.010293255560100079,,
pose,,,0.1510725168783574,,,5530.770324141,,,,4.722835744354825,1.7551965759078234
wheel_odom,,,,,,5530.790359885,-0.963,-0.861,0.23003439541285262,,
diagnostics,3211.0,"[-306.0,-3211.0,23.0,2956.0]",,3178.0,"[-410.0,-3178.0,52.0,2820.0]",5530.790782286,,,,,
pose,,,-0.4737413549771072,,,5530.790899946,,,,4.701677394338163,1.7454475098864946
wheel_odom,,,,,,5530.810216384,-0.98,-0.869,0.2630211182755455,,
pose,,,-0.7670424486685277,,,5530.810483064,,,,4.669135357389381,1.7304262483825417
cmd,,,,,,5530.817143007,-0.8272345495224003,-0.6861079335212708,0.009540182538330555,,
wheel_odom,,,,,,5530.830137303,-0.991,-0.872,0.2426007660272118,,
diagnostics,3221.0,"[-444.0,-3221.0,-7.0,2988.0]",,3178.0,"[-410.0,-3178.0,52.0,2820.0]",5530.83041134,,,,,
pose,,,-0.5169311517097955,,,5530.830507861,,,,4.64718083481369,1.720075194704768
wheel_odom,,,,,,5530.851085242,-0.946,-0.8,0.19058995431778078,,
pose,,,-0.7715807533325044,,,5530.851471672,,,,4.612724545033506,1.7039010604737446
cmd,,,,,,5530.867427575,-0.7622345495224003,-0.6967467665672302,0.0096180634573102,,
pose,,,0.05678714538424941,,,5530.872519323,,,,4.614742276733138,1.7050961252210066
wheel_odom,,,,,,5530.890231589,-0.945,-0.796,0.28099800957108706,,
diagnostics,3070.0,"[-461.0,-3070.0,46.0,2793.0]",,2733.0,"[-417.0,-2733.0,58.0,2375.0]",5530.89064707,,,,,
pose,,,-0.5647488532369823,,,5530.890810416,,,,4.593248503257142,1.6947643979187583
wheel_odom,,,,,,5530.910380316,-0.925,-0.776,0.3090978105281958,,
pose,,,-0.7497416230216569,,,5530.910791097,,,,4.561287303981463,1.6797846157717367
cmd,,,,,,5530.917246967,-0.6972345495224004,-0.7011946439743042,0.009427228942513466,,
wheel_odom,,,,,,5530.930203739,-0.884,-0.746,0.3082251459021986,,
diagnostics,2911.0,"[-490.0,-2911.0,25.0,2599.0]",,2733.0,"[-417.0,-2733.0,58.0,2375.0]",5530.93057165,,,,,
pose,,,-0.5100568023277474,,,5530.930725587,,,,4.540593591325229,1.6696165584389477
wheel_odom,,,,,,5530.951346063,-0.871,-0.742,0.22951079663725435,,
pose,,,-0.7333086620169575,,,5530.951963754,,,,4.508653326131602,1.654044435144777
cmd,,,,,,5530.967518678,-0.6322345495224004,-0.7016608119010925,0.00874029379338026,,
wheel_odom,,,,,,5530.971271154,-0.839,-0.72,0.2542944720155738,,
pose,,,-0.4829481914160314,,,5530.971972549,,,,4.4895502281888655,1.644380820042428
diagnostics,2733.0,"[-327.0,-2733.0,4.0,2427.0]",,2539.0,"[-172.0,-2539.0,-185.0,2180.0]",5530.990248459,,,,,
pose,,,-0.0008354103714210689,,,5530.99070255,,,,4.489992467575041,1.644365171116972
wheel_odom,,,,,,5531.010632694,-0.814,-0.711,0.24539329283040273,,
pose,,,-0.7470556079512318,,,5531.011390666,,,,4.460313365496872,1.6289124707948068
cmd,,,,,,5531.01727627,-0.5969839692115784,-0.6989583969116211,0.008121058344841003,,
wheel_odom,,,,,,5531.030812629,-0.797,-0.694,0.2794272132442922,,
diagnostics,2700.0,"[-402.0,-2700.0,0.0,2381.0]",,2539.0,"[-172.0,-2539.0,-185.0,2180.0]",5531.031578534,,,,,
pose,,,-0.48660275577765094,,,5531.031931359,,,,4.441413310767561,1.6189206598292232
wheel_odom,,,,,,5531.051527394,-0.768,-0.677,0.3033382239966145,,
pose,,,-0.7452382344561752,,,5531.052296378,,,,4.413294255587414,1.6037377148479286
cmd,,,,,,5531.067334292,-0.5589449405670166,-0.6999109387397766,0.004771169275045395,,
wheel_odom,,,,,,5531.070306001,-0.773,-0.691,0.2542944720155738,,
pose,,,-0.5634558209515022,,,5531.070589076,,,,4.394867500405945,1.5934290297235991
diagnostics,2612.0,"[-327.0,-2612.0,-26.0,2262.0]",,2430.0,"[-60.0,-2430.0,-297.0,2072.0]",5531.090199387,,,,,
pose,,,-0.0167201484312107,,,5531.090481785,,,,4.39463458452251,1.5930964121491353
wheel_odom,,,,,,5531.110256199,-0.739,-0.669,0.268082573106329,,
pose,,,-0.7503920431760441,,,5531.110772527,,,,4.367794835524205,1.5778717800226574
cmd,,,,,,5531.117184192,-0.5258567929267883,-0.8077665567398071,-0.0003529199166223407,,
wheel_odom,,,,,,5531.130057563,-0.699,-0.646,0.2516764781375823,,
diagnostics,2415.0,"[-231.0,-2415.0,-78.0,2134.0]",,2304.0,"[58.0,-2304.0,-417.0,1946.0]",5531.130353065,,,,,
pose,,,-0.5212161781736073,,,5531.13045069,,,,4.35053583534526,1.56761393655502
wheel_odom,,,,,,5531.150383501,-0.693,-0.668,0.23492131731843677,,
pose,,,-0.75103795760881,,,5531.150702572,,,,4.32536537414264,1.5524047502409029
cmd,,,,,,5531.167295936,-0.5098224878311157,-0.9177665567398071,-0.0026744543574750423,,
wheel_odom,,,,,,5531.170125405,-0.668,-0.709,0.24085543677521748,,
pose,,,-0.563553306024919,,,5531.170419583,,,,4.30916984688007,1.5412931764685056
diagnostics,2445.0,"[-84.0,-2445.0,-220.0,2193.0]",,2381.0,"[211.0,-2381.0,-564.0,2028.0]",5531.190220927,,,,,
pose,,,0.014067073870265944,,,5531.19060561,,,,4.30886943175752,1.54157712007323
wheel_odom,,,,,,5531.21056128,-0.635,-0.715,0.22863813201125716,,
pose,,,-0.776857954446157,,,5531.21116753,,,,4.285318013116544,1.525605566098715
cmd,,,,,,5531.217447176,-0.49085521697998047,-1.027766556739807,-0.005317580886185169,,
wheel_odom,,,,,,5531.230595125,-0.634,-0.751,0.28361600344907856,,
diagnostics,2472.0,"[31.0,-2472.0,-356.0,2226.0]",,2524.0,"[460.0,-2524.0,-785.0,2199.0]",5531.23123165,,,,,
pose,,,-0.5696066219798409,,,5531.231498726,,,,4.269778957636909,1.5140249804477324
wheel_odom,,,,,,5531.250234116,-0.614,-0.739,0.2977531703902326,,
pose,,,-0.8858984265968193,,,5531.250513209,,,,4.247467379362446,1.4971755857120668
cmd,,,,,,5531.267415037,-0.4825879633426666,-1.1377665567398072,-0.005976485554128885,,
wheel_odom,,,,,,5531.270444768,-0.597,-0.77,0.33719761148530447,,
pose,,,-0.9284977161349846,,,5531.270638519,,,,4.2255191013831785,1.4784894039023089
diagnostics,2522.0,"[110.0,-2522.0,-396.0,2149.0]",,2656.0,"[676.0,-2656.0,-974.0,2357.0]",5531.290834326,,,,,
pose,,,0.08512044333669679,,,5531.291580727,,,,4.226202912655177,1.480271626293192
wheel_odom,,,,,,5531.310299865,-0.602,-0.784,0.35482543693044716,,
pose,,,-0.6267760608054235,,,5531.310748057,,,,4.212071572134713,1.468256247100167
cmd,,,,,,5531.317236188,-0.4748271107673645,-1.2477665567398073,-0.005344964563846588,,
wheel_odom,,,,,,5531.330212257,-0.59,-0.829,0.3082251459021986,,
diagnostics,2474.0,"[211.0,-2474.0,-708.0,2239.0]",,2822.0,"[911.0,-2822.0,-1185.0,2548.0]",5531.330467829,,,,,
pose,,,-0.9118631632469723,,,5531.33079134,,,,4.191318341068448,1.449979228424595
wheel_odom,,,,,,5531.350935867,-0.537,-0.885,0.35395277230445005,,
pose,,,-0.6597131777646281,,,5531.351374916,,,,4.178039639349804,1.4363998757736964
cmd,,,,,,5531.369489401,-0.4895113408565521,-1.2979850769042969,-0.003777810838073492,,
wheel_odom,,,,,,5531.371029409,-0.509,-0.923,0.4155628948998498,,
pose,,,-1.1124628632590077,,,5531.371575043,,,,4.158492010945146,1.4139311963333494
diagnostics,2530.0,"[341.0,-2530.0,-976.0,2257.0]",,2928.0,"[1055.0,-2928.0,-1308.0,2675.0]",5531.390292426,,,,,
pose,,,0.10452555227249989,,,5531.390733615,,,,4.158816657148303,1.415934016920976
wheel_odom,,,,,,5531.410460869,-0.535,-0.941,0.3179989897133668,,
pose,,,-0.7601760875858308,,,5531.410863702,,,,4.14549215931415,1.4006315202422799
cmd,,,,,,5531.417336608,-0.5006499290466309,-1.2148932218551636,-0.00028881040634587407,,
wheel_odom,,,,,,5531.431220378,-0.546,-0.981,0.2357939819444339,,
diagnostics,2690.0,"[531.0,-2690.0,-999.0,2502.0]",,3128.0,"[1253.0,-3128.0,-1474.0,2907.0]",5531.432068536,,,,,
pose,,,-1.0261773594296055,,,5531.432565405,,,,4.12628300750306,1.3783636141818918
pose,,,0.0,,,5531.45091754,,,,4.12628300750306,1.3783636141818918
cmd,,,,,,5531.467246826,-0.5042421817779541,-1.1812536716461182,0.003667618380859494,,
wheel_odom,,,,,,5531.470477348,-0.51,-1.025,0.33597588100890846,,
pose,,,-0.8587323584277733,,,5531.47078032,,,,4.1132030416301015,1.3612991938988475
wheel_odom,,,,,,5531.490165036,-0.524,-0.992,0.34470252726888007,,
pose,,,-1.238100975340647,,,5531.490435587,,,,4.094242670535699,1.3369642536092357
diagnostics,2694.0,"[627.0,-2694.0,-1032.0,2431.0]",,2996.0,"[1105.0,-2996.0,-1305.0,2796.0]",5531.509916741,,,,,
pose,,,0.0,,,5531.510324124,,,,4.094242670535699,1.3369642536092357
cmd,,,,,,5531.517358202,-0.5099239945411682,-1.1416658163070679,0.006565479561686516,,
wheel_odom,,,,,,5531.530684726,-0.54,-1.046,0.2647664475275398,,
pose,,,-0.8282505226033944,,,5531.531673443,,,,4.080970049718021,1.3192816391732536
wheel_odom,,,,,,5531.550264945,-0.548,-1.039,0.24085543677521748,,
diagnostics,2671.0,"[596.0,-2671.0,-1043.0,2594.0]",,2932.0,"[1054.0,-2932.0,-1230.0,2756.0]",5531.550609353,,,,,
pose,,,-1.3550382169761477,,,5531.55072714,,,,4.06181962182206,1.293461173208509
cmd,,,,,,5531.567488076,-0.5234610438346863,-1.151025414466858,0.006952758878469467,,
wheel_odom,,,,,,5531.570386057,-0.558,-1.029,0.19984019935335073,,
pose,,,-1.2861573230443346,,,5531.570616509,,,,4.042910369587392,1.267879801154655
wheel_odom,,,,,,5531.59046098,-0.541,-1.039,0.20734511513692636,,
pose,,,-0.8950054932332407,,,5531.590742798,,,,4.0301036620849455,1.2498672857599828
diagnostics,2790.0,"[705.0,-2790.0,-1011.0,2567.0]",,2926.0,"[1060.0,-2926.0,-1225.0,2761.0]",5531.609820286,,,,,
pose,,,0.0,,,5531.610140267,,,,4.0301036620849455,1.2498672857599828
cmd,,,,,,5531.617264151,-0.5051597952842712,-1.0782524347305298,0.004754382651299238,,
wheel_odom,,,,,,5531.63003533,-0.547,-1.027,0.21607176139689802,,
pose,,,-1.3133491538630198,,,5531.630320276,,,,4.011458884035115,1.223363143346174
wheel_odom,,,,,,5531.650279367,-0.564,-1.05,0.1965240737745615,,
diagnostics,2809.0,"[734.0,-2809.0,-905.0,2642.0]",,2893.0,"[992.0,-2893.0,-1127.0,2758.0]",5531.650668591,,,,,
pose,,,-0.9139151584253576,,,5531.650815277,,,,3.99848404671752,1.2046337572448138
cmd,,,,,,5531.667540012,-0.45597541332244873,-1.0425838232040405,0.0027316808700561523,,
wheel_odom,,,,,,5531.670496266,-0.581,-1.045,0.17348572764823636,,
pose,,,-1.3760409696411542,,,5531.670828395,,,,3.9794791515974075,1.1770947410865658
wheel_odom,,,,,,5531.690191515,-0.557,-1.036,0.19600047499896323,,
pose,,,-0.9632167440437517,,,5531.690652024,,,,3.9667307904230826,1.1579994305172352
diagnostics,2790.0,"[682.0,-2790.0,-869.0,2607.0]",,2734.0,"[904.0,-2734.0,-1029.0,2609.0]",5531.709872495,,,,,
pose,,,0.0,,,5531.710260646,,,,3.9667307904230826,1.1579994305172352
cmd,,,,,,5531.717269597,-0.3942705988883972,-1.093801736831665,0.002180366311222315,,
wheel_odom,,,,,,5531.730187108,-0.547,-1.018,0.13997540600994524,,
pose,,,-1.419385802918947,,,5531.730463752,,,,3.9479963024272484,1.1293207715956917
wheel_odom,,,,,,5531.750463621,-0.516,-1.033,0.10925761117484503,,
diagnostics,2673.0,"[751.0,-2673.0,-846.0,2521.0]",,2580.0,"[940.0,-2580.0,-1040.0,2480.0]",5531.750806568,,,,,
pose,,,-0.943019271197405,,,5531.750916367,,,,3.9359822141204877,1.1100338764727833
cmd,,,,,,5531.767565113,-0.3344733417034149,-1.2038017368316651,-0.001144556445069611,,
wheel_odom,,,,,,5531.771181964,-0.524,-1.007,0.1340412865531645,,
pose,,,-1.3916253653280537,,,5531.771756332,,,,3.9181117441658846,1.0810359065804984
wheel_odom,,,,,,5531.791799065,-0.514,-1.025,0.08464846872172498,,
pose,,,-0.9412282127792801,,,5531.792565349,,,,3.9063795149895246,1.0614535698446694
diagnostics,2602.0,"[837.0,-2602.0,-1001.0,2573.0]",,2553.0,"[1139.0,-2553.0,-1223.0,2470.0]",5531.809880044,,,,,
pose,,,0.0,,,5531.810357763,,,,3.9063795149895246,1.0614535698446694
cmd,,,,,,5531.817326612,-0.27380746603012085,-1.3138017368316652,-0.006392437499016523,,
wheel_odom,,,,,,5531.83025276,-0.512,-1.018,0.055326937288220246,,
pose,,,-1.4577718945365665,,,5531.83047324,,,,3.889095078606912,1.0321288059161502
wheel_odom,,,,,,5531.850874182,-0.483,-1.048,0.0942477796076938,,
diagnostics,2650.0,"[935.0,-2650.0,-1013.0,2548.0]",,2592.0,"[1293.0,-2592.0,-1366.0,2519.0]",5531.851530494,,,,,
pose,,,-0.934670787138292,,,5531.851798948,,,,3.878018595133381,1.0122006152905427
cmd,,,,,,5531.867448915,-0.20880746603012085,-1.4238017368316653,-0.005964949727058411,,
wheel_odom,,,,,,5531.870491475,-0.475,-1.071,0.10803588069844901,,
pose,,,-1.576153635196129,,,5531.870966307,,,,3.8616593494589044,0.981986925914146
wheel_odom,,,,,,5531.890247666,-0.457,-1.105,0.03438298626428829,,
pose,,,-1.0901365281461821,,,5531.890610999,,,,3.8508939606792763,0.960569443059781
diagnostics,2687.0,"[1025.0,-2687.0,-1131.0,2640.0]",,2654.0,"[1512.0,-2654.0,-1580.0,2585.0]",5531.909926104,,,,,
pose,,,0.0,,,5531.910340596,,,,3.8508939606792763,0.960569443059781
cmd,,,,,,5531.917226866,-0.14380746603012085,-1.5296168327331543,-0.0006539389723911881,,
wheel_odom,,,,,,5531.930023033,-0.449,-1.139,0.06527531402458793,,
pose,,,-1.5660438546019408,,,5531.930321042,,,,3.8355491797487113,0.9292787812181202
wheel_odom,,,,,,5531.950783211,-0.398,-1.169,0.12531464029319286,,
diagnostics,2700.0,"[1205.0,-2700.0,-1377.0,2592.0]",,2742.0,"[1875.0,-2742.0,-1925.0,2692.0]",5531.951362321,,,,,
pose,,,-1.0365539237626278,,,5531.951770806,,,,3.82599730386177,0.9070464534018222
cmd,,,,,,5531.967589554,-0.07880746603012084,-1.5801730155944824,0.005140624009072781,,
wheel_odom,,,,,,5531.971836416,-0.385,-1.207,0.06998770300497262,,
pose,,,-1.5735350272614013,,,5531.972468409,,,,3.812273621765829,0.8744819855120896
wheel_odom,,,,,,5531.990439995,-0.364,-1.236,0.04729842272904633,,
pose,,,-1.2653064914923984,,,5531.990854755,,,,3.8036135518980583,0.8512137026443398
diagnostics,2707.0,"[1397.0,-2704.0,-1539.0,2707.0]",,2778.0,"[2028.0,-2778.0,-2073.0,2734.0]",5532.009992826,,,,,
pose,,,0.0,,,5532.010389405,,,,3.8036135518980583,0.8512137026443398
cmd,,,,,,5532.017225966,-0.01380746603012084,-1.5947521924972534,0.008487759158015251,,
wheel_odom,,,,,,5532.030373565,-0.337,-1.273,0.10890854532444617,,
pose,,,-1.642375601982755,,,5532.031120827,,,,3.7914528926547186,0.8171720751447764
wheel_odom,,,,,,5532.051123176,-0.284,-1.308,0.10925761117484503,,
diagnostics,2738.0,"[1753.0,-2738.0,-1903.0,2712.0]",,2817.0,"[2517.0,-2817.0,-2550.0,2783.0]",5532.05187148,,,,,
pose,,,-1.1307516922928473,,,5532.052503775,,,,3.784271182544326,0.7929932806848715
cmd,,,,,,5532.067451647,0.04032255336642265,-1.6031495332717896,0.009152872487902641,,
wheel_odom,,,,,,5532.070636838,-0.247,-1.336,0.05951572749300664,,
pose,,,-1.9048962892051835,,,5532.071143307,,,,3.7744135540799695,0.7574814763901593
wheel_odom,,,,,,5532.090663995,-0.229,-1.368,0.03769911184307752,,
diagnostics,2663.0,"[1854.0,-2633.0,-1917.0,2663.0]",,2800.0,"[2533.0,-2800.0,-2533.0,2800.0]",5532.091175548,,,,,
pose,,,-1.2483098896409273,,,5532.091356183,,,,3.7686144701628574,0.7322491301908627
pose,,,0.0,,,5532.110430602,,,,3.7686144701628574,0.7322491301908627
cmd,,,,,,5532.117491546,0.07207483053207397,-1.5727519989013672,0.008213640190660954,,
wheel_odom,,,,,,5532.132610682,-0.189,-1.391,0.09459684545809266,,
pose,,,-1.6551735174793314,,,5532.13335454,,,,3.760646711208147,0.6943056858558687
wheel_odom,,,,,,5532.150269573,-0.164,-1.412,0.1202531854624093,,
diagnostics,2641.0,"[1969.0,-2641.0,-2275.0,2613.0]",,2773.0,"[2773.0,-2638.0,-2773.0,2638.0]",5532.15069873,,,,,
pose,,,-1.4805181985137337,,,5532.150862002,,,,3.7561916645547555,0.6683800518633286
cmd,,,,,,5532.167260386,0.11659359931945801,-1.5791120529174805,0.006503008771687746,,
wheel_odom,,,,,,5532.170361034,-0.146,-1.386,0.12688543661998775,,
pose,,,-1.9418495236029478,,,5532.170739994,,,,3.749913690123432,0.6297797922666529
wheel_odom,,,,,,5532.190295718,-0.097,-1.426,0.09721483933608416,,
diagnostics,2591.0,"[2205.0,-2591.0,-2298.0,2578.0]",,2776.0,"[2776.0,-2533.0,-2776.0,2533.0]",5532.19070166,,,,,
pose,,,-1.306846238475625,,,5532.19085864,,,,3.7468014895300277,0.6034873645571157
wheel_odom,,,,,,5532.210373122,-0.082,-1.428,0.01884955592153876,,
pose,,,-2.0525631489215357,,,5532.210799036,,,,3.743026922061299,0.562559417519054
cmd,,,,,,5532.217280121,0.13607341051101685,-1.5797802209854126,0.005399745423346758,,
pose,,,0.05246177336323266,,,5532.230266082,,,,3.7425149794820416,0.5635806787948967
wheel_odom,,,,,,5532.250176243,-0.05,-1.443,0.07661995416255106,,
diagnostics,2524.0,"[2318.0,-2524.0,-2432.0,2506.0]",,2863.0,"[2863.0,-2467.0,-2863.0,2467.0]",5532.250464509,,,,,
pose,,,-1.3308688462731517,,,5532.25055396,,,,3.740501216129445,0.5365770384810626
cmd,,,,,,5532.267330186,0.15484842658042908,-1.620380163192749,0.004508427809923887,,
wheel_odom,,,,,,5532.270823721,-0.007,-1.456,0.09459684545809266,,
pose,,,-1.9640225109157987,,,5532.271366904,,,,3.7382159368140195,0.49570512510925685
diagnostics,2512.0,"[2377.0,-2484.0,-2512.0,2498.0]",,2896.0,"[2896.0,-2437.0,-2896.0,2437.0]",5532.290221439,,,,,
wheel_odom,,,,,,5532.290431696,-0.02,-1.457,0.06318091892219473,,
pose,,,-2.071731105488898,,,5532.290672528,,,,3.7364284409235045,0.45570682588804534
wheel_odom,,,,,,5532.310416631,0.013,-1.468,0.033510321638291124,,
pose,,,-1.428752590820919,,,5532.310727562,,,,3.736522927604704,0.4270520525349888
cmd,,,,,,5532.317192047,0.20386672019958496,-1.6207855939865112,0.0037641827948391438,,
pose,,,0.04817922464076389,,,5532.330243132,,,,3.7357992629710846,0.42799230011951933
diagnostics,2625.0,"[2599.0,-2493.0,-2625.0,2460.0]",,2996.0,"[2996.0,-2473.0,-2996.0,2473.0]",5532.35027775,,,,,
wheel_odom,,,,,,5532.350485674,0.041,-1.505,0.04014257279586958,,
pose,,,-1.9911735662440457,,,5532.350769254,,,,3.735469745326119,0.38711949824534314
cmd,,,,,,5532.367783361,0.21975882351398468,-1.667285680770874,0.003467314876616001,,
wheel_odom,,,,,,5532.371044156,0.061,-1.526,0.012566370614359171,,
pose,,,-1.3824104180749759,,,5532.371516295,,,,3.7357394229811303,0.3584407430073095
wheel_odom,,,,,,5532.390458677,0.078,-1.538,0.08674286382411818,,
diagnostics,2926.0,"[2651.0,-2415.0,-2926.0,2452.0]",,3080.0,"[3080.0,-2392.0,-3080.0,2392.0]",5532.390801823,,,,,
pose,,,-2.161411406265755,,,5532.39091304,,,,3.736708219364428,0.31651405415013406
wheel_odom,,,,,,5532.410278487,0.127,-1.517,0.1349139511791617,,
pose,,,-1.513361474918003,,,5532.410521089,,,,3.739048623214692,0.28684021822580785
cmd,,,,,,5532.417313496,0.260039359331131,-1.650460958480835,0.0039587197825312614,,
pose,,,0.04762904647693592,,,5532.430672128,,,,3.737989224897025,0.28779985206453323
wheel_odom,,,,,,5532.45070971,0.132,-1.513,0.09808750396208132,,
diagnostics,2811.0,"[2699.0,-2371.0,-2811.0,2345.0]",,3185.0,"[3185.0,-2442.0,-3185.0,2442.0]",5532.451573288,,,,,
pose,,,-1.974478246842047,,,5532.451907489,,,,3.7403369745218273,0.24587587391779767
cmd,,,,,,5532.467612187,0.2605031430721283,-1.6949858665466309,0.004473715089261532,,
wheel_odom,,,,,,5532.47064047,0.144,-1.569,-0.029321531433504737,,
pose,,,-1.5241218977386322,,,5532.471170593,,,,3.742188297363594,0.21650930352013678
wheel_odom,,,,,,5532.490189508,0.124,-1.554,-0.04276056667386108,,
diagnostics,2878.0,"[2843.0,-2407.0,-2878.0,2414.0]",,3224.0,"[3224.0,-2346.0,-3224.0,2346.0]",5532.490550468,,,,,
pose,,,-2.1916565474706564,,,5532.490683812,,,,3.7450194005688933,0.1737417932430578
wheel_odom,,,,,,5532.510808443,0.137,-1.538,-0.0024434609527920616,,
pose,,,-1.4595126683327486,,,5532.511398556,,,,3.74798117036477,0.14351260767624363
cmd,,,,,,5532.517430603,0.2587721347808838,-1.6803113222122192,0.006442531477659941,,
pose,,,-0.0122216864405333,,,5532.530232055,,,,3.746906445667697,0.14328239870716722
wheel_odom,,,,,,5532.551484371,0.154,-1.576,0.03385938748868999,,
diagnostics,2939.0,"[2933.0,-2390.0,-2939.0,2318.0]",,3301.0,"[3301.0,-2420.0,-3301.0,2420.0]",5532.552191706,,,,,
pose,,,-1.9526853177898398,,,5532.552464614,,,,3.7502342048609565,0.09987723661460049
cmd,,,,,,5532.567307523,0.23948036134243011,-1.6978414058685303,0.004246077965945005,,
wheel_odom,,,,,,5532.57053687,0.16,-1.563,0.03316125578789226,,
pose,,,-2.3455936411986844,,,5532.570983211,,,,3.753931803839616,0.05643229661900933
wheel_odom,,,,,,5532.590248099,0.175,-1.589,-0.017627825445142728,,
diagnostics,2991.0,"[2988.0,-2390.0,-2991.0,2408.0]",,3301.0,"[3301.0,-2420.0,-3301.0,2420.0]",5532.590648052,,,,,
pose,,,-1.4666174436230546,,,5532.590799429,,,,3.7564786515681865,0.02736938883590252
wheel_odom,,,,,,5532.611178666,0.184,-1.592,0.035255650890285456,,
pose,,,-2.2052592429816125,,,5532.611804694,,,,3.761910077310313,-0.018942460016442186
cmd,,,,,,5532.617435821,0.19453474879264832,-1.667383074760437,0.00435631861910224,,
pose,,,0.09611410409656525,,,5532.630405,,,,3.7608905052469352,-0.017154448568986853
wheel_odom,,,,,,5532.650297681,0.194,-1.606,0.05689773361501514,,
diagnostics,3062.0,"[2975.0,-2409.0,-3062.0,2329.0]",,3269.0,"[3269.0,-2462.0,-3269.0,2462.0]",5532.650727375,,,,,
pose,,,-1.4512397962690446,,,5532.650897529,,,,3.7638614838852864,-0.046896972550257654
cmd,,,,,,5532.667574442,0.18633107841014862,-1.6718647480010986,0.0018436373211443424,,
wheel_odom,,,,,,5532.670542263,0.183,-1.611,0.027227136331111543,,
pose,,,-2.2706832942001687,,,5532.670915696,,,,3.768677519713148,-0.09235072734718326
diagnostics,3031.0,"[2992.0,-2464.0,-3031.0,2435.0]",,3143.0,"[3143.0,-2484.0,-3143.0,2484.0]",5532.690459903,,,,,
wheel_odom,,,,,,5532.690777253,0.182,-1.624,0.0033161255787892262,,
pose,,,-1.5669625896282342,,,5532.691175319,,,,3.771866181084188,-0.12409747402850431
wheel_odom,,,,,,5532.711561837,0.19,-1.612,0.026354471705114377,,
pose,,,-2.24240465944987,,,5532.712296663,,,,3.777669146268511,-0.17144964031977553
cmd,,,,,,5532.717553366,0.184478297829628,-1.6436961889266968,0.002288375049829483,,
pose,,,0.08279105741128191,,,5532.730606623,,,,3.7768796705173164,-0.16993341946557466
wheel_odom,,,,,,5532.750302374,0.206,-1.612,0.0024434609527920616,,
diagnostics,3095.0,"[2981.0,-2392.0,-3095.0,2375.0]",,3136.0,"[3136.0,-2508.0,-3136.0,2508.0]",5532.750704254,,,,,
pose,,,-1.5647004762921057,,,5532.750858994,,,,3.780415755990829,-0.20162355325846254
cmd,,,,,,5532.767640138,0.15994924306869507,-1.6725714206695557,0.001067164703272283,,
wheel_odom,,,,,,5532.77114491,0.197,-1.63,0.05061454830783556,,
pose,,,-2.1226194387042647,,,5532.772606812,,,,3.7857858537893825,-0.24777659529829615
wheel_odom,,,,,,5532.791220715,0.191,-1.631,0.02181661564992912,,
diagnostics,3112.0,"[3048.0,-2445.0,-3112.0,2435.0]",,3085.0,"[3085.0,-2464.0,-3085.0,2464.0]",5532.79191199,,,,,
pose,,,-1.5961181780852736,,,5532.792561726,,,,3.78929345841828,-0.279627791142589
wheel_odom,,,,,,5532.810309557,0.202,-1.634,-0.022689280275926284,,
pose,,,-2.6507872469408764,,,5532.810717845,,,,3.7953487379801665,-0.3277648999938595
cmd,,,,,,5532.817268482,0.17251692712306976,-1.630051612854004,0.0023810502607375383,,
pose,,,0.0874569200517794,,,5532.830364558,,,,3.7947160256123844,-0.32604679358191296
wheel_odom,,,,,,5532.852212305,0.184,-1.633,0.0017453292519943296,,
diagnostics,3052.0,"[3002.0,-2493.0,-3052.0,2414.0]",,3094.0,"[3094.0,-2554.0,-3094.0,2554.0]",5532.852962384,,,,,
pose,,,-1.391023512884189,,,5532.853316025,,,,3.7981165159176036,-0.3579698442615942
cmd,,,,,,5532.867540756,0.1662447452545166,-1.6544246673583984,0.0023634841199964285,,
wheel_odom,,,,,,5532.870836142,0.172,-1.621,0.041015237421866746,,
pose,,,-2.5943640842043973,,,5532.871193188,,,,3.80319748424418,-0.40436394915329327
diagnostics,3022.0,"[2990.0,-2403.0,-3022.0,2437.0]",,3043.0,"[3043.0,-2459.0,-3043.0,2459.0]",5532.890283992,,,,,
wheel_odom,,,,,,5532.890494739,0.171,-1.614,0.01972222054753592,,
pose,,,-1.6244711621854506,,,5532.890727287,,,,3.8063552477185736,-0.43609732727217326
wheel_odom,,,,,,5532.911233751,0.183,-1.609,-0.02129301687433082,,
pose,,,-2.253854369938279,,,5532.911825704,,,,3.8114846445892163,-0.48364160537259065
cmd,,,,,,5532.917519781,0.1012447452545166,-1.5444246673583983,0.0,,
pose,,,0.0,,,5532.930315751,,,,3.8114846445892163,-0.48364160537259065
pose,,,0.0,,,5532.950150744,,,,3.8114846445892163,-0.48364160537259065
cmd,,,,,,5532.967248741,0.0362447452545166,-1.4344246673583982,0.0,,
wheel_odom,,,,,,5532.970246206,0.18,-1.621,-0.0066322511575784525,,
diagnostics,3035.0,"[3021.0,-2443.0,-3035.0,2429.0]",,3072.0,"[3072.0,-2511.0,-3072.0,2511.0]",5532.970713142,,,,,
pose,,,-1.5122519683356102,,,5532.971166071,,,,3.8148588296495753,-0.5154247758744969
wheel_odom,,,,,,5532.990526248,0.174,-1.619,-0.018500490071139894,,
pose,,,-2.4278149477261226,,,5532.990792128,,,,3.8198801970660234,-0.5630769079881663
wheel_odom,,,,,,5533.010630505,0.138,-1.569,0.04223696789826278,,
diagnostics,2884.0,"[2852.0,-2464.0,-2884.0,2366.0]",,2776.0,"[2776.0,-2435.0,-2776.0,2435.0]",5533.011491165,,,,,
pose,,,-1.4976925943043944,,,5533.012380504,,,,3.8227271215110905,-0.5954006517219766
cmd,,,,,,5533.017316609,0.0,-1.3244246673583981,0.0,,
wheel_odom,,,,,,5533.030632609,0.117,-1.562,-0.015009831567151233,,
pose,,,-2.4516952326553083,,,5533.031444344,,,,3.8266337211339256,-0.6421399927427436
wheel_odom,,,,,,5533.050644955,0.109,-1.51,-0.00034906585039886593,,
pose,,,-1.5694094921897987,,,5533.051111698,,,,3.8289216736689426,-0.6730132546240495
cmd,,,,,,5533.06734042,0.0,-1.214424667358398,0.0,,
diagnostics,2749.0,"[2749.0,-2351.0,-2660.0,2347.0]",,2481.0,"[2481.0,-2359.0,-2481.0,2359.0]",5533.070167866,,,,,
pose,,,-0.030676614519577747,,,5533.07119981,,,,3.828901093038723,-0.6736295131144865
wheel_odom,,,,,,5533.090543393,0.088,-1.463,0.02548180707911721,,
pose,,,-2.2980217992349914,,,5533.090796993,,,,3.8321887126331027,-0.718667291049908
wheel_odom,,,,,,5533.110894415,0.073,-1.435,-0.02548180707911721,,
diagnostics,2542.0,"[2542.0,-2296.0,-2539.0,2283.0]",,2235.0,"[2235.0,-2235.0,-2235.0,2235.0]",5533.11135443,,,,,
pose,,,-1.4291916532731384,,,5533.111853626,,,,3.8340166776147764,-0.7487588098327332
cmd,,,,,,5533.117347482,0.0,-1.104424667358398,0.0,,
wheel_odom,,,,,,5533.130459253,0.081,-1.411,-0.02181661564992912,,
pose,,,-2.2951147894721498,,,5533.130789105,,,,3.8366804749139765,-0.7922224543526373
wheel_odom,,,,,,5533.150299363,0.06,-1.347,-0.012915436464758038,,
pose,,,-1.429817545892053,,,5533.15055663,,,,3.837855733645049,-0.8204858193515874
cmd,,,,,,5533.167381154,0.0,-0.994424667358398,0.0,,
diagnostics,2412.0,"[2412.0,-2127.0,-2348.0,2170.0]",,2049.0,"[2049.0,-2049.0,-2049.0,2049.0]",5533.170169824,,,,,
pose,,,-0.019208916232250847,,,5533.170536317,,,,3.8382606741766288,-0.82086960881093
wheel_odom,,,,,,5533.190735782,0.076,-1.337,-0.0158824961931484,,
pose,,,-2.02074407655548,,,5533.191170017,,,,3.840599714577105,-0.8625616571799919
wheel_odom,,,,,,5533.210450901,0.077,-1.242,-0.003839724354387525,,
diagnostics,2201.0,"[2201.0,-1957.0,-2194.0,1992.0]",,1863.0,"[1863.0,-1863.0,-1863.0,1863.0]",5533.210840746,,,,,
pose,,,-1.362978322306766,,,5533.210977637,,,,3.8422568407773987,-0.8895601805652789
cmd,,,,,,5533.21721709,0.0,-0.884424667358398,0.0,,
wheel_odom,,,,,,5533.230323089,0.054,-1.22,0.006283185307179586,,
pose,,,-1.9866426899761056,,,5533.230636904,,,,3.844151489173219,-0.9286171944150952
wheel_odom,,,,,,5533.250981838,0.034,-1.182,-0.059864793343405505,,
pose,,,-1.0894534463585985,,,5533.253772703,,,,3.8447393845246634,-0.9538178693785668
cmd,,,,,,5533.267395792,0.0,-0.774424667358398,0.0,,
diagnostics,2078.0,"[2052.0,-1840.0,-2078.0,2057.0]",,1677.0,"[1677.0,-1677.0,-1677.0,1677.0]",5533.269980375,,,,,
pose,,,-0.029152077061263708,,,5533.270345522,,,,3.8450850649362103,-0.9543010800400152
wheel_odom,,,,,,5533.290398853,0.043,-1.179,-0.15952309363228173,,
pose,,,-1.8481966132051189,,,5533.290663819,,,,3.846319019079093,-0.9918571781952428
wheel_odom,,,,,,5533.310818593,0.012,-1.125,-0.1466076571675237,,
diagnostics,2002.0,"[2002.0,-1752.0,-1903.0,1916.0]",,1492.0,"[1492.0,-1492.0,-1492.0,1492.0]",5533.311550202,,,,,
pose,,,-1.6746316345533951,,,5533.311859352,,,,3.8470239952879663,-1.0273402345067302
cmd,,,,,,5533.317574604,-0.012489917688071728,-0.664424667358398,0.008088887669146061,,
wheel_odom,,,,,,5533.331316388,0.035,-1.053,-0.05899212871740834,,
pose,,,-1.172876366463971,,,5533.332150666,,,,3.8475015052722323,-1.0511431246657534
wheel_odom,,,,,,5533.350197291,0.031,-0.979,-0.08290313946973066,,
pose,,,-1.8219491206574125,,,5533.350601673,,,,3.8477814023748556,-1.0847642040461793
cmd,,,,,,5533.367291842,0.02166811376810074,-0.554424667358398,0.011519566178321838,,
diagnostics,1733.0,"[1678.0,-1474.0,-1733.0,1720.0]",,1322.0,"[1290.0,-1322.0,-1322.0,1290.0]",5533.370150181,,,,,
pose,,,0.039181464965576715,,,5533.370609624,,,,3.8480059416439722,-1.0839802616869423
wheel_odom,,,,,,5533.390669567,0.013,-0.925,-0.05777039824101231,,
pose,,,-1.0752385819149373,,,5533.390916538,,,,3.848115582088835,-1.1058165734644947
diagnostics,1638.0,"[1496.0,-1310.0,-1585.0,1638.0]",,1161.0,"[1079.0,-1161.0,-1121.0,1120.0]",5533.41015843,,,,,
wheel_odom,,,,,,5533.410347704,0.014,-0.91,-0.10681415022205297,,
pose,,,-1.6093188181193632,,,5533.410561576,,,,3.848102939639054,-1.1374320471953923
cmd,,,,,,5533.417295474,0.006825416348874569,-0.44442466735839803,0.01018296554684639,,
wheel_odom,,,,,,5533.433567256,0.013,-0.881,-0.09634217471008698,,
pose,,,-0.8941413810998528,,,5533.433773459,,,,3.8480209547603454,-1.1581821179839107
wheel_odom,,,,,,5533.450219561,0.021,-0.822,-0.041887902047863905,,
pose,,,-1.7359372065391683,,,5533.450604533,,,,3.84785754684321,-1.187405978558747
cmd,,,,,,5533.467248929,0.043203845620155334,-0.4868772625923157,0.01015239767730236,,
diagnostics,1436.0,"[1397.0,-1287.0,-1436.0,1425.0]",,994.0,"[950.0,-920.0,-994.0,875.0]",5533.469995326,,,,,
pose,,,0.0,,,5533.470455504,,,,3.84785754684321,-1.187405978558747
wheel_odom,,,,,,5533.490491465,0.005,-0.733,-0.03647738136668149,,
pose,,,-0.8866010281705627,,,5533.49092145,,,,3.8476177319242604,-1.2055500948263296
wheel_odom,,,,,,5533.511073226,-0.001,-0.71,-0.010821041362364843,,
diagnostics,1240.0,"[1157.0,-1095.0,-1216.0,1240.0]",,786.0,"[736.0,-762.0,-786.0,712.0]",5533.511737444,,,,,
pose,,,-1.2437254927299408,,,5533.511956918,,,,3.847107516033652,-1.23171081334963
cmd,,,,,,5533.51741681,0.10977479815483093,-0.5800466537475586,0.008198977448046207,,
wheel_odom,,,,,,5533.531808457,-0.005,-0.669,-0.06492624817418906,,
pose,,,-0.8115910042854834,,,5533.532247543,,,,3.8466045157671918,-1.248180066818593
wheel_odom,,,,,,5533.550229151,0.007,-0.678,-0.07086036763096977,,
pose,,,-1.2122676311634437,,,5533.551821061,,,,3.8459645045037156,-1.2719087764345223
cmd,,,,,,5533.567488647,0.2180785983800888,-0.6384239196777344,0.005930003710091114,,
diagnostics,1190.0,"[1134.0,-1051.0,-1162.0,1190.0]",,919.0,"[869.0,-774.0,-919.0,724.0]",5533.569856363,,,,,
pose,,,0.0,,,5533.570185918,,,,3.8459645045037156,-1.2719087764345223
wheel_odom,,,,,,5533.590521868,0.006,-0.657,-0.044331363000655974,,
pose,,,-1.0637514216391541,,,5533.590778187,,,,3.8453059840163206,-1.2938140063126058
wheel_odom,,,,,,5533.610278145,0.025,-0.655,-0.0008726646259971648,,
diagnostics,1166.0,"[1092.0,-994.0,-1166.0,1056.0]",,1072.0,"[1021.0,-798.0,-1072.0,747.0]",5533.610683295,,,,,
pose,,,-0.7001916337385949,,,5533.610810972,,,,3.8451150382266928,-1.3078404803843546
cmd,,,,,,5533.617369143,0.32082289457321167,-0.5744186639785767,0.003992743790149689,,
wheel_odom,,,,,,5533.630491789,0.061,-0.65,0.02897246558310587,,
pose,,,-1.0222937332841928,,,5533.630804136,,,,3.8453102943287325,-1.3282790098691237
wheel_odom,,,,,,5533.650247624,0.098,-0.653,-0.028099800957108706,,
pose,,,-0.6655469475331403,,,5533.650549171,,,,3.84613653346647,-1.341421011041752
cmd,,,,,,5533.667343174,0.43082289457321166,-0.49431759119033813,0.00455078762024641,,
diagnostics,1309.0,"[1309.0,-898.0,-1189.0,927.0]",,1423.0,"[1368.0,-752.0,-1423.0,696.0]",5533.6699635,,,,,
pose,,,0.0,,,5533.670222822,,,,3.84613653346647,-1.341421011041752
wheel_odom,,,,,,5533.690991791,0.096,-0.63,0.013788101090755204,,
pose,,,-0.9307083876725399,,,5533.691376147,,,,3.84737968125188,-1.3611071687166383
wheel_odom,,,,,,5533.712128785,0.123,-0.601,0.0029670597283903604,,
diagnostics,1223.0,"[1176.0,-798.0,-1223.0,797.0]",,1529.0,"[1468.0,-513.0,-1529.0,452.0]",5533.712895094,,,,,
pose,,,-0.545202221213725,,,5533.71358843,,,,3.848748283477761,-1.3732150038345814
cmd,,,,,,5533.717530449,0.5408228945732116,-0.42996299266815186,0.0028904471546411514,,
wheel_odom,,,,,,5533.730542572,0.169,-0.593,0.03944444109507184,,
pose,,,-1.062371563458855,,,5533.73095533,,,,3.851442149788747,-1.3916692722231379
wheel_odom,,,,,,5533.750156611,0.188,-0.54,0.0322885911618951,,
pose,,,-0.5625647087837884,,,5533.75055502,,,,3.853916744117048,-1.402695433627903
cmd,,,,,,5533.767644997,0.6508228945732116,-0.4905696511268616,0.0012615015730261803,,
diagnostics,1310.0,"[1266.0,-601.0,-1310.0,560.0]",,1582.0,"[1520.0,-205.0,-1582.0,142.0]",5533.770202422,,,,,
pose,,,0.0,,,5533.770899881,,,,3.853916744117048,-1.402695433627903
wheel_odom,,,,,,5533.790566016,0.227,-0.53,-0.012566370614359171,,
pose,,,-0.8426846568788244,,,5533.791018146,,,,3.8583665992562564,-1.4196511725069976
wheel_odom,,,,,,5533.81092439,0.3,-0.524,-0.05235987755982989,,
diagnostics,1375.0,"[1332.0,-375.0,-1375.0,359.0]",,1636.0,"[1573.0,17.0,-1636.0,-80.0]",5533.811689526,,,,,
pose,,,-0.5263217190967703,,,5533.811996354,,,,3.8627394741570034,-1.4306900621355634
cmd,,,,,,5533.817533991,0.7608228945732116,-0.6005696511268616,0.0006545031792484224,,
wheel_odom,,,,,,5533.830935267,0.345,-0.505,-0.022165681500327987,,
pose,,,-0.8191628816692536,,,5533.831753982,,,,3.8699039527206316,-1.4468742009330042
wheel_odom,,,,,,5533.850780034,0.395,-0.507,-0.03682644721708035,,
pose,,,-0.5402321322795156,,,5533.851436895,,,,3.876043243611659,-1.4575088703427796
cmd,,,,,,5533.867318647,0.8236078023910522,-0.7105696511268615,0.0018530316883698106,,
diagnostics,1584.0,"[1584.0,-185.0,-1493.0,228.0]",,1958.0,"[1897.0,239.0,-1958.0,-300.0]",5533.870045025,,,,,
pose,,,0.0,,,5533.870532156,,,,3.876043243611659,-1.4575088703427796
wheel_odom,,,,,,5533.890537266,0.424,-0.509,-0.024783675378319478,,
pose,,,-0.7636838636967498,,,5533.89107303,,,,3.885637671417673,-1.4731942427141667
diagnostics,1657.0,"[1657.0,-80.0,-1603.0,77.0]",,2190.0,"[2130.0,239.0,-2190.0,-300.0]",5533.914137562,,,,,
wheel_odom,,,,,,5533.9146805,0.452,-0.504,0.005061454830783556,,
pose,,,-0.43507693926913327,,,5533.915018777,,,,3.8931163515070613,-1.4836104010090647
cmd,,,,,,5533.917440632,0.8418212532997131,-0.8205696511268615,0.0037626828998327255,,
wheel_odom,,,,,,5533.930280396,0.497,-0.515,0.004537856055185257,,
pose,,,-0.9850606869450595,,,5533.930730766,,,,3.904927420438571,-1.4990935878417226
wheel_odom,,,,,,5533.950465654,0.549,-0.562,0.0301941960595019,,
pose,,,-0.5475779657968747,,,5533.950695607,,,,3.914257899141235,-1.5100262672169247
cmd,,,,,,5533.967343535,0.8567933440208435,-0.8935468792915344,0.005902372766286135,,
diagnostics,1887.0,"[1887.0,-49.0,-1884.0,-3.0]",,2622.0,"[2560.0,159.0,-2622.0,-221.0]",5533.970026981,,,,,
pose,,,0.0,,,5533.970751366,,,,3.914257899141235,-1.5100262672169247
wheel_odom,,,,,,5533.990571594,0.575,-0.591,0.059864793343405505,,
pose,,,-0.8064269262577287,,,5533.991069638,,,,3.928503441158342,-1.5264116882005263
wheel_odom,,,,,,5534.010236331,0.601,-0.634,0.06789330790257943,,
diagnostics,2135.0,"[1998.0,-72.0,-2135.0,31.0]",,2838.0,"[2775.0,4.0,-2838.0,-66.0]",5534.010644623,,,,,
pose,,,-0.6090927627552438,,,5534.010803408,,,,3.9390637452795456,-1.5384317885178678
cmd,,,,,,5534.017342559,0.8741850256919861,-0.8969144225120544,0.006596065126359463,,
wheel_odom,,,,,,5534.030323687,0.621,-0.647,0.06318091892219473,,
pose,,,-0.9100817851531251,,,5534.030698439,,,,3.955301865724827,-1.5565380758625558
wheel_odom,,,,,,5534.050418816,0.634,-0.667,0.11903145498601328,,
pose,,,-0.6329267249654061,,,5534.050807237,,,,3.9666593109207775,-1.5692656595031818
cmd,,,,,,5534.067411339,0.8721123933792114,-0.8564454317092896,0.0074507868848741055,,
diagnostics,2252.0,"[2103.0,-134.0,-2252.0,12.0]",,2689.0,"[2627.0,-86.0,-2689.0,24.0]",5534.069712531,,,,,
pose,,,0.0,,,5534.070104495,,,,3.9666593109207775,-1.5692656595031818
wheel_odom,,,,,,5534.090940034,0.641,-0.701,0.08918632477691024,,
pose,,,-0.9095316595527685,,,5534.09155267,,,,3.984049133343933,-1.5887710352600843
wheel_odom,,,,,,5534.110813122,0.678,-0.727,0.0715584993317675,,
diagnostics,2394.0,"[2308.0,-128.0,-2394.0,54.0]",,2720.0,"[2661.0,-63.0,-2720.0,4.0]",5534.111598585,,,,,
pose,,,-0.6802221176156426,,,5534.111913677,,,,3.9963017527680518,-1.6026199528425165
cmd,,,,,,5534.117471673,0.8734869956970215,-0.7962946891784668,0.00731388945132494,,
wheel_odom,,,,,,5534.130269923,0.672,-0.707,0.08831366015091306,,
pose,,,-1.089504100160934,,,5534.130679997,,,,4.014856548517225,-1.6230708480019367
wheel_odom,,,,,,5534.152260774,0.694,-0.724,0.10681415022205297,,
pose,,,-0.6349183933227514,,,5534.152975738,,,,4.027684808876547,-1.6372246456505968
cmd,,,,,,5534.16766429,0.854104220867157,-0.7062453627586365,0.00724687147885561,,
diagnostics,2392.0,"[2335.0,-88.0,-2392.0,0.0]",,2651.0,"[2601.0,-1.0,-2651.0,-48.0]",5534.169874443,,,,,
pose,,,0.0,,,5534.170370641,,,,4.027684808876547,-1.6372246456505968
wheel_odom,,,,,,5534.190802942,0.711,-0.741,0.09040805525330627,,
pose,,,-1.0185874403620792,,,5534.191234478,,,,4.047361543418208,-1.6584772016490725
wheel_odom,,,,,,5534.210465833,0.717,-0.718,0.0804596785169386,,
diagnostics,2430.0,"[2379.0,-21.0,-2430.0,-5.0]",,2558.0,"[2515.0,95.0,-2558.0,-137.0]",5534.210872198,,,,,
pose,,,-0.7479390954840407,,,5534.211048131,,,,4.061039431777606,-1.6732971189423513
cmd,,,,,,5534.217294451,0.8491957187652588,-0.6055904626846313,0.007610594853758812,,
wheel_odom,,,,,,5534.230389549,0.722,-0.719,0.041887902047863905,,
pose,,,-1.0895597847398755,,,5534.230784118,,,,4.08134541049968,-1.694800220866297
wheel_odom,,,,,,5534.251436804,0.719,-0.706,0.0054105206811824215,,
pose,,,-0.6947304805580616,,,5534.252230797,,,,4.0952235212063615,-1.709695660597516
cmd,,,,,,5534.267307244,0.8280426263809204,-0.49559046268463136,0.00845728162676096,,
diagnostics,2379.0,"[2379.0,33.0,-2367.0,-17.0]",,2389.0,"[2354.0,207.0,-2389.0,-242.0]",5534.270060904,,,,,
pose,,,0.0,,,5534.270663181,,,,4.0952235212063615,-1.709695660597516
wheel_odom,,,,,,5534.290762877,0.716,-0.7,-0.0322885911618951,,
pose,,,-1.0494667264141357,,,5534.291035282,,,,4.115709193111591,-1.7310756822037232
wheel_odom,,,,,,5534.31133171,0.736,-0.669,0.026878070480712675,,
diagnostics,2436.0,"[2364.0,133.0,-2436.0,-93.0]",,2451.0,"[2420.0,353.0,-2451.0,-385.0]",5534.31202838,,,,,
pose,,,-0.9473539259391303,,,5534.312492913,,,,4.136151895289721,-1.7513978544192415
cmd,,,,,,5534.320371169,0.8172545433044434,-0.3855904626846314,0.009809537790715694,,
wheel_odom,,,,,,5534.330685685,0.739,-0.627,0.004537856055185257,,
pose,,,-0.7310587167365254,,,5534.330974425,,,,4.150146531990414,-1.7649133441154732
wheel_odom,,,,,,5534.350314121,0.747,-0.609,-0.017627825445142728,,
pose,,,-0.9961484084225924,,,5534.35063896,,,,4.171022493820111,-1.7845013922462551
cmd,,,,,,5534.367501744,0.803086519241333,-0.2795487940311432,0.0099684689193964,,
diagnostics,2319.0,"[2310.0,246.0,-2319.0,-141.0]",,2235.0,"[2235.0,560.0,-2235.0,-560.0]",5534.370077437,,,,,
pose,,,0.0,,,5534.370635053,,,,4.171022493820111,-1.7845013922462551
pose,,,0.0,,,5534.390500567,,,,4.171022493820111,-1.7845013922462551
wheel_odom,,,,,,5534.410535293,0.754,-0.622,-0.10349802464326374,,
pose,,,-0.649317028723444,,,5534.41092271,,,,4.185210388143558,-1.797764741205167
cmd,,,,,,5534.417156893,0.7866870164871216,-0.3358995020389557,0.011646549217402935,,
wheel_odom,,,,,,5534.430154798,0.739,-0.559,-0.1244419756671957,,
diagnostics,2220.0,"[2220.0,441.0,-2158.0,-206.0]",,2030.0,"[2030.0,727.0,-2030.0,-727.0]",5534.430558733,,,,,
pose,,,-0.956959666448283,,,5534.430720977,,,,4.206103418742746,-1.8167089798398528
wheel_odom,,,,,,5534.450316163,0.748,-0.498,-0.11641346110802178,,
pose,,,-0.6307990785820982,,,5534.450730619,,,,4.220431282892508,-1.8293310435764198
cmd,,,,,,5534.46735563,0.7791225910186768,-0.33831846714019775,0.01362759992480278,,
wheel_odom,,,,,,5534.470249643,0.783,-0.452,-0.10018189906447451,,
pose,,,-0.8643340652554384,,,5534.470625312,,,,4.241767784836466,-1.8465262671005707
diagnostics,2120.0,"[2036.0,696.0,-2120.0,-354.0]",,1828.0,"[1828.0,882.0,-1828.0,-882.0]",5534.489738798,,,,,
pose,,,0.0,,,5534.490091413,,,,4.241767784836466,-1.8465262671005707
wheel_odom,,,,,,5534.5105324,0.782,-0.417,-0.11903145498601328,,
pose,,,-0.5367518388519482,,,5534.510927599,,,,4.25649147189459,-1.8577097680901498
cmd,,,,,,5534.517227887,0.804416298866272,-0.31556031107902527,0.01361815445125103,,
wheel_odom,,,,,,5534.530285183,0.762,-0.436,-0.1624901533606721,,
diagnostics,2036.0,"[2036.0,669.0,-2030.0,-306.0]",,1895.0,"[1895.0,761.0,-1895.0,-761.0]",5534.530689119,,,,,
pose,,,-0.8073709948183699,,,5534.530856723,,,,4.277675325630679,-1.8738001488404452
wheel_odom,,,,,,5534.5500952,0.758,-0.459,-0.14957471689591403,,
pose,,,-0.576615444931813,,,5534.550495001,,,,4.291906263526469,-1.8851236727826017
cmd,,,,,,5534.567459544,0.8509425520896912,-0.2914142608642578,0.011182831600308418,,
wheel_odom,,,,,,5534.570396023,0.763,-0.444,-0.10925761117484503,,
pose,,,-0.7661327826455026,,,5534.57088489,,,,4.312904479739644,-1.9007448582037667
diagnostics,2081.0,"[1979.0,688.0,-2081.0,-371.0]",,1885.0,"[1885.0,744.0,-1885.0,-744.0]",5534.589862071,,,,,
pose,,,0.0,,,5534.59026603,,,,4.312904479739644,-1.9007448582037667
wheel_odom,,,,,,5534.610439287,0.718,-0.445,-0.01972222054753592,,
pose,,,-0.7482660285171711,,,5534.610892766,,,,4.333197044189116,-1.9161784638579415
cmd,,,,,,5534.617322004,0.8666144609451294,-0.28022563457489014,0.007135502062737942,,
wheel_odom,,,,,,5534.630534209,0.735,-0.442,0.0017453292519943296,,
diagnostics,1997.0,"[1910.0,546.0,-1997.0,-478.0]",,1890.0,"[1890.0,823.0,-1890.0,-823.0]",5534.630947933,,,,,
pose,,,-0.5119267750253793,,,5534.631113771,,,,4.3465114842448305,-1.9265304459153676
wheel_odom,,,,,,5534.650648494,0.745,-0.408,-0.041887902047863905,,
pose,,,-0.7242472611982689,,,5534.65106014,,,,4.366818562945716,-1.940976417945841
cmd,,,,,,5534.667513479,0.8688984513282776,-0.26364970207214355,0.004547389689832926,,
wheel_odom,,,,,,5534.670599996,0.747,-0.407,-0.015009831567151233,,
pose,,,-0.48554459300999697,,,5534.670992621,,,,4.380261191942922,-1.9506543253051554
diagnostics,1984.0,"[1845.0,734.0,-1984.0,-526.0]",,1927.0,"[1927.0,945.0,-1927.0,-945.0]",5534.689822538,,,,,
pose,,,0.0,,,5534.690248824,,,,4.380261191942922,-1.9506543253051554
wheel_odom,,,,,,5534.710740727,0.76,-0.379,-0.026354471705114377,,
pose,,,-0.6420388459805454,,,5534.711326905,,,,4.400692512513879,-1.9641859507900665
cmd,,,,,,5534.717426676,0.9000716805458069,-0.24199551343917847,0.0019191557075828314,,
wheel_odom,,,,,,5534.7304612,0.77,-0.355,-0.041887902047863905,,
diagnostics,1875.0,"[1837.0,799.0,-1875.0,-597.0]",,1936.0,"[1936.0,990.0,-1936.0,-990.0]",5534.730774438,,,,,
pose,,,-0.451240096000586,,,5534.73107385,,,,4.414324392791099,-1.9730983560219129
wheel_odom,,,,,,5534.750392505,0.749,-0.369,-0.06946410422937431,,
pose,,,-0.6635847469231313,,,5534.75062836,,,,4.434774325351828,-1.986074913017329
cmd,,,,,,5534.767356295,0.8860540986061096,-0.24665936827659607,-0.0022266111336648464,,
wheel_odom,,,,,,5534.770407648,0.763,-0.368,0.007155849933176751,,
diagnostics,1901.0,"[1805.0,763.0,-1901.0,-566.0]",,1912.0,"[1912.0,1021.0,-1912.0,-1021.0]",5534.770652589,,,,,
pose,,,-0.42665608736696986,,,5534.770882613,,,,4.44837690077598,-1.9947162722944136
pose,,,0.0,,,5534.790452594,,,,4.44837690077598,-1.9947162722944136
wheel_odom,,,,,,5534.810604138,0.774,-0.342,-0.020594885173533087,,
pose,,,-0.5909735219215821,,,5534.811146795,,,,4.46917591897183,-2.0069450758153353
cmd,,,,,,5534.818937832,0.8277740478515625,-0.1619066447019577,-0.001481692772358656,,
wheel_odom,,,,,,5534.830632381,0.786,-0.356,-0.03682644721708035,,
diagnostics,1968.0,"[1946.0,820.0,-1968.0,-628.0]",,1927.0,"[1927.0,1110.0,-1927.0,-1110.0]",5534.830929714,,,,,
pose,,,-0.4167938668298764,,,5534.831140422,,,,4.483110432766958,-2.015279245963916
wheel_odom,,,,,,5534.850396142,0.786,-0.325,-0.130201562198777,,
pose,,,-0.6082429458365735,,,5534.850726602,,,,4.504630647960675,-2.027192485114192
cmd,,,,,,5534.867354318,0.8213281631469727,-0.1710958629846573,-0.00040423928294330835,,
wheel_odom,,,,,,5534.870310042,0.796,-0.342,-0.010821041362364843,,
pose,,,-0.40195869754438174,,,5534.870933428,,,,4.518850929818404,-2.0353139018243462
diagnostics,1968.0,"[1818.0,847.0,-1968.0,-637.0]",,1912.0,"[1912.0,1078.0,-1912.0,-1078.0]",5534.889872541,,,,,
pose,,,0.0,,,5534.890350205,,,,4.518850929818404,-2.0353139018243462
wheel_odom,,,,,,5534.910729094,0.775,-0.304,-0.04276056667386108,,
pose,,,-0.5461173345535143,,,5534.911145942,,,,4.540492835271906,-2.046670996687776
cmd,,,,,,5534.917307727,0.816264271736145,-0.14808478951454163,0.001349342637695372,,
wheel_odom,,,,,,5534.930534494,0.77,-0.262,-0.09546951008408983,,
diagnostics,1873.0,"[1703.0,935.0,-1873.0,-844.0]",,1687.0,"[1687.0,1140.0,-1655.0,-1108.0]",5534.930962377,,,,,
pose,,,-0.34419660104740357,,,5534.931322596,,,,4.5544639561661455,-2.0536156859486874
wheel_odom,,,,,,5534.950398587,0.779,-0.309,-0.07086036763096977,,
pose,,,-0.5555607832485219,,,5534.950813605,,,,4.576126960256012,-2.0644442656207853
cmd,,,,,,5534.967408134,0.7766618132591248,-0.11170752346515656,0.004565231502056122,,
wheel_odom,,,,,,5534.970478483,0.761,-0.293,-0.04066617157146788,,
diagnostics,1806.0,"[1749.0,885.0,-1806.0,-731.0]",,1692.0,"[1692.0,1115.0,-1656.0,-1079.0]",5534.970866907,,,,,
pose,,,-0.3525493100566322,,,5534.9712285,,,,4.590313488433344,-2.07164155308705
pose,,,0.0,,,5534.990113837,,,,4.590313488433344,-2.07164155308705
wheel_odom,,,,,,5535.010341963,0.807,-0.27,-0.10349802464326374,,
pose,,,-0.4799185479991949,,,5535.010634782,,,,4.6123976184555575,-2.08149154726142
cmd,,,,,,5535.017336724,0.7231303453445435,-0.06525998562574387,0.005402569659054279,,
wheel_odom,,,,,,5535.030288646,0.821,-0.236,-0.09005898940290741,,
diagnostics,1783.0,"[1780.0,1083.0,-1783.0,-915.0]",,1652.0,"[1652.0,1152.0,-1602.0,-1102.0]",5535.030680016,,,,,
pose,,,-0.3115345348043962,,,5535.030838524,,,,4.627523110201978,-2.087785303762482
wheel_odom,,,,,,5535.050449899,0.83,-0.265,-0.02548180707911721,,
pose,,,-0.45602212356538296,,,5535.050863138,,,,4.650481194473407,-2.096916781057182
cmd,,,,,,5535.067519105,0.6804027557373047,0.007806962821632624,0.0061394148506224155,,
wheel_odom,,,,,,5535.070356746,0.772,-0.262,-0.07452555906015787,,
pose,,,-0.31075712610512146,,,5535.071034038,,,,4.665378539131532,-2.103184880633544
diagnostics,1745.0,"[1745.0,885.0,-1693.0,-825.0]",,1358.0,"[1358.0,1139.0,-1301.0,-1082.0]",5535.090033187,,,,,
pose,,,0.0,,,5535.090634187,,,,4.665378539131532,-2.103184880633544
wheel_odom,,,,,,5535.110349024,0.714,-0.235,-0.054105206811824215,,
pose,,,-0.4160232219215635,,,5535.110739164,,,,4.687047871506717,-2.1115494031790814
cmd,,,,,,5535.117436189,0.6329004764556885,0.03560616075992584,0.004324323032051325,,
wheel_odom,,,,,,5535.13038003,0.708,-0.204,-0.06946410422937431,,
diagnostics,1592.0,"[1592.0,824.0,-1480.0,-821.0]",,1362.0,"[1362.0,1142.0,-1298.0,-1078.0]",5535.130802708,,,,,
pose,,,-0.2562723865596866,,,5535.130969899,,,,4.700918841403062,-2.1167339832008634
wheel_odom,,,,,,5535.150214405,0.693,-0.141,-0.054105206811824215,,
pose,,,-0.32907722915394283,,,5535.150616397,,,,4.72146534869211,-2.1231990992730125
cmd,,,,,,5535.167433795,0.5679004764556885,0.14560616075992586,0.004653973039239645,,
wheel_odom,,,,,,5535.170370703,0.675,-0.128,-0.13857914260834978,,
pose,,,-0.1796935212495208,,,5535.170773296,,,,4.7346167697031145,-2.1268211285712257
diagnostics,1351.0,"[1351.0,970.0,-1319.0,-861.0]",,1160.0,"[1038.0,1160.0,-976.0,-1098.0]",5535.189912571,,,,,
pose,,,0.0,,,5535.190423582,,,,4.7346167697031145,-2.1268211285712257
wheel_odom,,,,,,5535.210505397,0.674,-0.134,-0.11065387457644049,,
pose,,,-0.2591654042043506,,,5535.211057532,,,,4.754367124600264,-2.1321689141650495
cmd,,,,,,5535.217344551,0.5029004764556886,0.21911446750164032,0.002898812759667635,,
wheel_odom,,,,,,5535.230424939,0.666,-0.119,-0.0736528944341607,,
diagnostics,1330.0,"[1330.0,977.0,-1208.0,-844.0]",,1157.0,"[1035.0,1157.0,-979.0,-1101.0]",5535.230858255,,,,,
pose,,,-0.14698525495491474,,,5535.231217772,,,,4.767296187417584,-2.1351321097126266
wheel_odom,,,,,,5535.251126478,0.625,-0.061,-0.0921533845053006,,
pose,,,-0.189857231025703,,,5535.251924898,,,,4.786377871532502,-2.1390628807887193
cmd,,,,,,5535.267410825,0.4379004764556886,0.19869950413703918,0.0006549213430844247,,
wheel_odom,,,,,,5535.270292117,0.597,-0.025,-0.09389871375729493,,
pose,,,-0.08058422617623705,,,5535.270807109,,,,4.798236996160112,-2.140584735013081
diagnostics,1115.0,"[1115.0,1002.0,-1026.0,-928.0]",,1230.0,"[743.0,1230.0,-690.0,-1177.0]",5535.289929667,,,,,
pose,,,0.0,,,5535.290850252,,,,4.798236996160112,-2.140584735013081
wheel_odom,,,,,,5535.310350872,0.565,0.028,-0.07417649320975901,,
pose,,,-0.08899844272648476,,,5535.310622564,,,,4.815867142077841,-2.142344634362749
cmd,,,,,,5535.317220866,0.3916580379009247,0.18228976428508759,-0.0006884466856718063,,
wheel_odom,,,,,,5535.330553314,0.546,0.054,-0.11431906600562858,,
diagnostics,1083.0,"[876.0,1083.0,-716.0,-951.0]",,1237.0,"[497.0,1237.0,-460.0,-1200.0]",5535.330904447,,,,,
pose,,,-0.031217745982387107,,,5535.331182885,,,,4.832512978302715,-2.1429864599193267
wheel_odom,,,,,,5535.350076134,0.525,0.057,-0.06824237375297829,,
pose,,,0.019690656728309813,,,5535.350402929,,,,4.843043044545852,-2.142608001007548
cmd,,,,,,5535.367362094,0.35739967226982117,0.14508387446403503,-0.0022987767588347197,,
wheel_odom,,,,,,5535.371495726,0.49,0.064,-0.056548667764616284,,
pose,,,0.020668650365106362,,,5535.372157469,,,,4.858301183581856,-2.142158350715812
diagnostics,983.0,"[786.0,983.0,-712.0,-867.0]",,1075.0,"[403.0,1075.0,-403.0,-1075.0]",5535.390051032,,,,,
pose,,,0.0,,,5535.390439434,,,,4.858301183581856,-2.142158350715812
wheel_odom,,,,,,5535.410333747,0.471,0.083,-0.059864793343405505,,
pose,,,0.05354461722679469,,,5535.410681351,,,,4.867910081398495,-2.141074436909346
cmd,,,,,,5535.417409213,0.3288458585739136,0.10918411612510681,-0.003115455387160182,,
diagnostics,958.0,"[682.0,958.0,-593.0,-930.0]",,968.0,"[354.0,968.0,-354.0,-968.0]",5535.430222411,,,,,
wheel_odom,,,,,,5535.430418427,0.445,0.083,-0.04066617157146788,,
pose,,,0.064799274752093,,,5535.43064209,,,,4.881892116860053,-2.1397809906386773
wheel_odom,,,,,,5535.450206194,0.421,0.086,-0.04276056667386108,,
pose,,,0.08053611641485618,,,5535.450461919,,,,4.890564877957187,-2.138184749831594
cmd,,,,,,5535.467413793,0.2897436320781708,0.08995998650789261,-0.002957551972940564,,
wheel_odom,,,,,,5535.470027888,0.416,0.102,-0.03595378259108319,,
pose,,,0.11386712122241949,,,5535.470357706,,,,4.903414524287227,-2.135919300941875
diagnostics,861.0,"[550.0,857.0,-572.0,-861.0]",,847.0,"[357.0,847.0,-357.0,-847.0]",5535.489867453,,,,,
pose,,,0.0,,,5535.49017482,,,,4.903414524287227,-2.135919300941875
wheel_odom,,,,,,5535.510248221,0.399,0.077,-0.05742133239061344,,
pose,,,0.0841589052210648,,,5535.510720836,,,,4.911625071251114,-2.134190394254681
cmd,,,,,,5535.517279707,0.2623407542705536,0.07803778350353241,-0.0030880924314260483,,
wheel_odom,,,,,,5535.53018448,0.381,0.093,0.0017453292519943296,,
diagnostics,789.0,"[466.0,780.0,-446.0,-789.0]",,739.0,"[371.0,739.0,-371.0,-739.0]",5535.530566988,,,,,
pose,,,0.1324412812608324,,,5535.530727774,,,,4.923448209347326,-2.1315405465801875
wheel_odom,,,,,,5535.550334405,0.349,0.1,0.032637657012293965,,
pose,,,0.10769776687962129,,,5535.550735282,,,,4.930756150836511,-2.1293858112953408
cmd,,,,,,5535.567672918,0.2623022794723511,0.04404124245047569,-0.0028994157910346985,,
wheel_odom,,,,,,5535.570397885,0.33,0.082,0.022165681500327987,,
pose,,,0.14193489405151424,,,5535.570643692,,,,4.941355184133967,-2.126559902174111
diagnostics,681.0,"[506.0,665.0,-377.0,-681.0]",,641.0,"[337.0,641.0,-337.0,-641.0]",5535.589759066,,,,,
pose,,,0.0,,,5535.590055483,,,,4.941355184133967,-2.126559902174111
wheel_odom,,,,,,5535.610412589,0.311,0.074,-0.009599310885968814,,
pose,,,0.1296276214992594,,,5535.610693785,,,,4.9512816851889285,-2.1238846212665607
cmd,,,,,,5535.617224912,0.26139184832572937,0.024352803826332092,-0.0028566448017954826,,
wheel_odom,,,,,,5535.630151982,0.306,0.078,-0.034732052114687155,,
diagnostics,680.0,"[372.0,680.0,-423.0,-591.0]",,573.0,"[310.0,573.0,-310.0,-573.0]",5535.630421162,,,,,
pose,,,0.097616057490903,,,5535.630522118,,,,4.9573846989810235,-2.1219490919333204
wheel_odom,,,,,,5535.650722863,0.289,0.054,-0.031066860685499065,,
pose,,,0.11165695481082685,,,5535.651903353,,,,4.966435757804255,-2.1195618506074383
cmd,,,,,,5535.667520895,0.3172321319580078,-0.01610877737402916,-0.0012868935009464622,,
wheel_odom,,,,,,5535.670604829,0.288,0.052,-0.0033161255787892262,,
diagnostics,566.0,"[403.0,556.0,-427.0,-566.0]",,481.0,"[400.0,481.0,-400.0,-481.0]",5535.670841633,,,,,
pose,,,0.07425934112887513,,,5535.671352587,,,,4.972139802851206,-2.1181175909296126
pose,,,0.0,,,5535.690296739,,,,4.972139802851206,-2.1181175909296126
wheel_odom,,,,,,5535.710278814,0.266,0.051,0.010471975511965976,,
pose,,,0.1030729890490752,,,5535.710644587,,,,4.980473366413911,-2.116020294937967
cmd,,,,,,5535.717599319,0.3450857996940613,-0.03721641004085541,-0.00020577554823830724,,
wheel_odom,,,,,,5535.730204588,0.244,0.053,-0.023911010752322315,,
diagnostics,463.0,"[299.0,431.0,-365.0,-463.0]",,481.0,"[400.0,481.0,-400.0,-481.0]",5535.730560464,,,,,
pose,,,0.06570514487200296,,,5535.73067286,,,,4.985504851458228,-2.114704240400633
wheel_odom,,,,,,5535.750251379,0.246,0.04,-0.005934119456780721,,
pose,,,0.08258899526792222,,,5535.750882566,,,,4.99290872169778,-2.1130354280841934
cmd,,,,,,5535.767385489,0.38433200120925903,0.03592892363667488,0.0021797746885567904,,
wheel_odom,,,,,,5535.770148368,0.245,0.037,0.04729842272904633,,
diagnostics,449.0,"[399.0,449.0,-383.0,-417.0]",,644.0,"[644.0,519.0,-644.0,-519.0]",5535.770433928,,,,,
pose,,,0.04867644505184023,,,5535.770566931,,,,4.997557566000638,-2.1120771441589743
pose,,,0.0,,,5535.790168747,,,,4.997557566000638,-2.1120771441589743
wheel_odom,,,,,,5535.810441857,0.228,0.011,-0.004537856055185257,,
pose,,,0.046635191299256626,,,5535.810991956,,,,5.004379771190712,-2.1111059569265054
cmd,,,,,,5535.817242589,0.3569706082344055,0.08460453152656555,0.001615176908671856,,
diagnostics,374.0,"[374.0,362.0,-352.0,-325.0]",,644.0,"[644.0,519.0,-644.0,-519.0]",5535.830139678,,,,,
wheel_odom,,,,,,5535.830394385,0.21,0.007,-0.005934119456780721,,
pose,,,0.013708418561652676,,,5535.830635727,,,,5.008458673569308,-2.1108366808979357
wheel_odom,,,,,,5535.850263223,0.221,0.0,-0.017627825445142728,,
pose,,,0.019323190657320972,,,5535.850667555,,,,5.014752815599142,-2.110449617969255
cmd,,,,,,5535.867378866,0.3177650570869446,0.048615019768476486,0.0011463204864412546,,
wheel_odom,,,,,,5535.87029641,0.255,0.034,-0.03385938748868999,,
diagnostics,485.0,"[389.0,485.0,-415.0,-390.0]",,729.0,"[513.0,729.0,-513.0,-729.0]",5535.870553913,,,,,
pose,,,0.015119738686578022,,,5535.870650645,,,,5.019314241465442,-2.110147446105839
pose,,,0.0,,,5535.890191909,,,,5.019314241465442,-2.110147446105839
wheel_odom,,,,,,5535.910181573,0.261,0.012,-0.05445427266222309,,
pose,,,0.012557909388524689,,,5535.910419539,,,,5.026270715288814,-2.1098933675260154
cmd,,,,,,5535.917244814,0.30059048533439636,0.015365814790129662,-5.8400240959599614e-05,,
diagnostics,509.0,"[424.0,458.0,-473.0,-509.0]",,746.0,"[459.0,746.0,-459.0,-746.0]",5535.930141823,,,,,
wheel_odom,,,,,,5535.930487703,0.265,0.026,0.05619960191421741,,
pose,,,0.005012578358413118,,,5535.930885774,,,,5.0311146325847425,-2.1097907897665964
wheel_odom,,,,,,5535.950375772,0.28,0.012,0.033510321638291124,,
pose,,,0.013483947965620845,,,5535.950790025,,,,5.03874746079332,-2.1095224069113283
cmd,,,,,,5535.967336822,0.27826476097106934,-0.012311773374676704,-0.0007549628498964012,,
wheel_odom,,,,,,5535.970201927,0.253,0.002,-0.007155849933176751,,
pose,,,-0.0031529966977136563,,,5535.970719115,,,,5.043607044698376,-2.109585243228451
diagnostics,491.0,"[491.0,443.0,-406.0,-432.0]",,533.0,"[482.0,533.0,-482.0,-533.0]",5535.989839856,,,,,
pose,,,0.0,,,5535.990322339,,,,5.043607044698376,-2.109585243228451
wheel_odom,,,,,,5536.010524726,0.26,0.003,0.011344640137963142,,
pose,,,0.0017386775181346033,,,5536.010970059,,,,5.051154410413556,-2.109549343107207
cmd,,,,,,5536.017353726,0.2869304120540619,-0.031613219529390335,-0.0009844214655458927,,
wheel_odom,,,,,,5536.030303737,0.253,-0.01,0.02897246558310587,,
diagnostics,485.0,"[485.0,441.0,-394.0,-427.0]",,533.0,"[482.0,533.0,-482.0,-533.0]",5536.030707357,,,,,
pose,,,-0.011420200063454455,,,5536.030872684,,,,5.056046671606179,-2.1097766396802613
wheel_odom,,,,,,5536.050404099,0.248,0.007,-0.009250245035569947,,
pose,,,0.007101706333232345,,,5536.050865381,,,,5.06346947878541,-2.109634657566496
cmd,,,,,,5536.067384142,0.29783427715301514,-0.04787735268473625,-0.0012662113877013326,,
diagnostics,492.0,"[466.0,393.0,-492.0,-388.0]",,538.0,"[538.0,430.0,-538.0,-430.0]",5536.07011694,,,,,
wheel_odom,,,,,,5536.070460785,0.253,-0.013,-0.007155849933176751,,
pose,,,-0.006308985799390378,,,5536.07085413,,,,5.068387269332859,-2.109760765599785
pose,,,0.0,,,5536.090119315,,,,5.068387269332859,-2.109760765599785
wheel_odom,,,,,,5536.111026572,0.253,-0.004,0.0017453292519943296,,
pose,,,-0.0013234241206645904,,,5536.111784773,,,,5.075782768276009,-2.109789434049817
cmd,,,,,,5536.117498816,0.3148839771747589,-0.05701842159032822,-0.0015544731868430972,,
wheel_odom,,,,,,5536.130538761,0.268,-0.023,0.030543261909900768,,
diagnostics,484.0,"[441.0,464.0,-484.0,-438.0]",,584.0,"[584.0,422.0,-584.0,-422.0]",5536.130964334,,,,,
pose,,,-0.01218736604939779,,,5536.131143407,,,,5.081031332282725,-2.110025409572786
wheel_odom,,,,,,5536.150611851,0.252,-0.008,0.02897246558310587,,
pose,,,-0.005690432377583304,,,5536.151060294,,,,5.088528858639676,-2.1101387476215807
cmd,,,,,,5536.1673875,0.3321293592453003,-0.06041142717003822,-0.0017843733076006174,,
wheel_odom,,,,,,5536.170610044,0.281,-0.018,0.02897246558310587,,
diagnostics,479.0,"[479.0,399.0,-438.0,-375.0]",,627.0,"[627.0,435.0,-627.0,-435.0]",5536.17093833,,,,,
pose,,,-0.015952948025853602,,,5536.171236547,,,,5.093881300972927,-2.110460639953295
pose,,,0.0,,,5536.190205359,,,,5.093881300972927,-2.110460639953295
wheel_odom,,,,,,5536.210713628,0.241,-0.017,0.03438298626428829,,
pose,,,-0.014858729045845514,,,5536.211150994,,,,5.101494571627694,-2.1107718853345645
cmd,,,,,,5536.217314326,0.34643080830574036,-0.06010681018233299,-0.002153072040528059,,
pose,,,-0.0017957832641097569,,,5536.23027996,,,,5.1012595497859525,-2.1108062349852554
wheel_odom,,,,,,5536.250451334,0.255,-0.049,0.020943951023931952,,
diagnostics,494.0,"[489.0,362.0,-494.0,-386.0]",,661.0,"[661.0,459.0,-661.0,-459.0]",5536.250861401,,,,,
pose,,,-0.03405332529736039,,,5536.251023602,,,,5.106233386873676,-2.1115126908332673
cmd,,,,,,5536.267419216,0.3571166396141052,-0.059444669634103775,-0.002501352224498987,,
wheel_odom,,,,,,5536.270203988,0.251,-0.032,0.004537856055185257,,
pose,,,-0.04067376135815815,,,5536.2705714,,,,5.113649845464414,-2.112307752479251
wheel_odom,,,,,,5536.290359126,0.274,-0.055,-0.019198621771937627,,
diagnostics,529.0,"[529.0,364.0,-524.0,-371.0]",,661.0,"[661.0,459.0,-661.0,-459.0]",5536.290770273,,,,,
pose,,,-0.04529392173741041,,,5536.290920843,,,,5.118894871112029,-2.1132294661672626
wheel_odom,,,,,,5536.310370839,0.292,-0.057,0.011344640137963142,,
pose,,,-0.05853411194490207,,,5536.310577698,,,,5.127126689306099,-2.114380145836782
cmd,,,,,,5536.317340962,0.36301732063293457,-0.05695038288831711,-0.002792421029880643,,
pose,,,-0.012848424928847985,,,5536.330520939,,,,5.126832234646717,-2.114636369807677
diagnostics,576.0,"[562.0,370.0,-576.0,-444.0]",,702.0,"[702.0,503.0,-702.0,-503.0]",5536.350119147,,,,,
wheel_odom,,,,,,5536.350327483,0.288,-0.054,0.0008726646259971648,,
pose,,,-0.07149296161873248,,,5536.350544558,,,,5.134814556480418,-2.116068017793922
cmd,,,,,,5536.367448828,0.36066341400146484,-0.054423294961452484,-0.0030411945190280676,,
wheel_odom,,,,,,5536.37013894,0.295,-0.054,0.02426007660272118,,
pose,,,-0.06267232974112784,,,5536.370446938,,,,5.140551240971439,-2.1173152892841047
diagnostics,678.0,"[678.0,353.0,-595.0,-321.0]",,702.0,"[702.0,503.0,-702.0,-503.0]",5536.390194343,,,,,
wheel_odom,,,,,,5536.39040145,0.286,-0.064,-0.004537856055185257,,
pose,,,-0.0847273252368422,,,5536.390620225,,,,5.148708516679248,-2.1190245893579647
wheel_odom,,,,,,5536.410321502,0.275,-0.077,-0.055326937288220246,,
pose,,,-0.06421767025007241,,,5536.410548786,,,,5.154274885869155,-2.120304374125264
cmd,,,,,,5536.417340674,0.3537083864212036,-0.05217282846570015,-0.0031753447838127613,,
pose,,,-0.013273926896721475,,,5536.430316523,,,,5.154156762746938,-2.120566717162552
wheel_odom,,,,,,5536.450423833,0.298,-0.073,-0.003839724354387525,,
diagnostics,612.0,"[598.0,353.0,-612.0,-423.0]",,708.0,"[708.0,516.0,-708.0,-516.0]",5536.450834138,,,,,
pose,,,-0.0933772207104536,,,5536.451010432,,,,5.162450520447825,-2.122498435165138
cmd,,,,,,5536.467408606,0.3405018448829651,-0.04327469319105148,-0.0032952402252703905,,
wheel_odom,,,,,,5536.470266374,0.308,-0.08,0.014311699866353502,,
pose,,,-0.08790066634833668,,,5536.470628736,,,,5.168333503872227,-2.124223628229168
wheel_odom,,,,,,5536.490444425,0.313,-0.08,0.012217304763960306,,
diagnostics,649.0,"[627.0,343.0,-649.0,-329.0]",,700.0,"[700.0,518.0,-700.0,-518.0]",5536.49087194,,,,,
pose,,,-0.10764125634327046,,,5536.491048879,,,,5.176993362654595,-2.126421669895714
wheel_odom,,,,,,5536.511728537,0.29,-0.093,-0.015009831567151233,,
pose,,,-0.07562597984746319,,,5536.512570016,,,,5.182873643936951,-2.1280487040907414
cmd,,,,,,5536.517671848,0.3248574137687683,-0.04043159261345863,-0.0032564434222877026,,
pose,,,-0.008014127127058691,,,5536.530587723,,,,5.182793470850036,-2.1281931548613793
wheel_odom,,,,,,5536.550414852,0.304,-0.086,-0.0017453292519943296,,
diagnostics,643.0,"[606.0,351.0,-643.0,-344.0]",,648.0,"[648.0,503.0,-648.0,-503.0]",5536.550715925,,,,,
pose,,,-0.1179586705292537,,,5536.55092466,,,,5.191535506585204,-2.1305923486999045
cmd,,,,,,5536.56756903,0.3082539439201355,-0.02892119437456131,-0.0031964113004505634,,
wheel_odom,,,,,,5536.570952144,0.298,-0.088,-0.012915436464758038,,
pose,,,-0.08497048303578991,,,5536.57161402,,,,5.197369894003177,-2.1323500538899784
wheel_odom,,,,,,5536.591413379,0.291,-0.052,-0.011344640137963142,,
diagnostics,645.0,"[625.0,387.0,-645.0,-367.0]",,568.0,"[568.0,443.0,-568.0,-443.0]",5536.59215147,,,,,
pose,,,-0.10017157281505935,,,5536.592780588,,,,5.206018105661885,-2.1344700786461006
wheel_odom,,,,,,5536.610655899,0.288,-0.071,-0.02007128639793479,,
pose,,,-0.11788003575336345,,,5536.611077054,,,,5.214776236071831,-2.1366273323384672
cmd,,,,,,5536.617299625,0.29025352001190186,-0.02156979963183403,-0.003094262443482876,,
pose,,,-0.003108502440365195,,,5536.63032013,,,,5.214408250356403,-2.1366871447933358
wheel_odom,,,,,,5536.65133349,0.241,-0.064,0.0054105206811824215,,
diagnostics,545.0,"[495.0,362.0,-545.0,-344.0]",,432.0,"[432.0,357.0,-432.0,-357.0]",5536.65186036,,,,,
pose,,,-0.06881283743959167,,,5536.652077372,,,,5.219413994341302,-2.1381843086564283
cmd,,,,,,5536.6674417,0.2712697982788086,-0.0089621152728796,-0.0028584362007677555,,
wheel_odom,,,,,,5536.670469167,0.248,-0.057,-0.0158824961931484,,
pose,,,-0.11151379763704247,,,5536.671492869,,,,5.227048257450677,-2.140287064678563
wheel_odom,,,,,,5536.690411441,0.214,-0.077,0.015009831567151233,,
diagnostics,511.0,"[498.0,282.0,-511.0,-270.0]",,271.0,"[271.0,234.0,-271.0,-234.0]",5536.690705336,,,,,
pose,,,-0.07453581986599148,,,5536.691160036,,,,5.231599154091578,-2.1417947439377834
wheel_odom,,,,,,5536.710681316,0.226,-0.051,0.008726646259971648,,
pose,,,-0.09424912881094055,,,5536.711089822,,,,5.238703303094572,-2.1436731567842298
cmd,,,,,,5536.717344005,0.2547380328178406,-0.005000589415431023,-0.002517284359782934,,
pose,,,-0.0024842731558616014,,,5536.731919446,,,,5.238539556327596,-2.143724899538539
wheel_odom,,,,,,5536.750378281,0.201,-0.052,-0.0024434609527920616,,
diagnostics,446.0,"[445.0,267.0,-446.0,-287.0]",,261.0,"[261.0,244.0,-261.0,-244.0]",5536.750794743,,,,,
pose,,,-0.06128224392888745,,,5536.751147955,,,,5.242830479922239,-2.144903348387186
cmd,,,,,,5536.767394149,0.23731157183647156,0.005879387725144625,-0.002155631547793746,,
wheel_odom,,,,,,5536.770361728,0.12,-0.053,0.04014257279586958,,
pose,,,-0.09214561637485354,,,5536.771032803,,,,5.248251534286383,-2.146735630335685
wheel_odom,,,,,,5536.790551523,0.103,-0.071,0.013788101090755204,,
diagnostics,322.0,"[322.0,-5.0,-233.0,-90.0]",,267.0,"[267.0,1.0,-264.0,1.0]",5536.791014565,,,,,
pose,,,-0.05823287852957292,,,5536.79119506,,,,5.250975169604643,-2.1479097060261814
wheel_odom,,,,,,5536.810862254,0.112,-0.063,-0.07033676885537149,,
pose,,,-0.09398848733658165,,,5536.811295705,,,,5.255057679957818,-2.1497989773511055
cmd,,,,,,5536.817232034,0.22320835292339325,0.009043295867741108,-0.0017793811857700348,,
pose,,,0.014903842156566587,,,5536.830673005,,,,5.2550512894217825,-2.1495101728886716
wheel_odom,,,,,,5536.850304416,0.144,-0.113,0.0033161255787892262,,
diagnostics,510.0,"[510.0,125.0,-476.0,-5.0]",,679.0,"[674.0,-2.0,-679.0,-2.0]",5536.850601207,,,,,
pose,,,-0.0803284084212108,,,5536.850811312,,,,5.257899027383512,-2.1511279376323214
cmd,,,,,,5536.867370963,0.20854191482067108,0.01856008917093277,-0.0013832486001774669,,
wheel_odom,,,,,,5536.871071715,0.14,-0.13,-0.006283185307179586,,
pose,,,-0.12071683694757171,,,5536.871732204,,,,5.261993715893539,-2.1536530070807762
wheel_odom,,,,,,5536.890362362,0.165,-0.175,-0.07661995416255106,,
diagnostics,588.0,"[588.0,-15.0,-578.0,16.0]",,1082.0,"[1066.0,-1.0,-1082.0,-13.0]",5536.890883212,,,,,
pose,,,-0.1290572221488884,,,5536.891097898,,,,5.26501018481412,-2.1561524231985723
wheel_odom,,,,,,5536.910531132,0.18,-0.193,-0.03438298626428829,,
pose,,,-0.2070374045241743,,,5536.910930961,,,,5.269876128699453,-2.1602588664333755
cmd,,,,,,5536.917408766,0.19936008751392365,0.023579461500048637,-0.0009342001285403967,,
pose,,,0.010005721480246388,,,5536.930867606,,,,5.269600718123868,-2.1600594279302796
wheel_odom,,,,,,5536.950797115,0.224,-0.239,0.03804817769347639,,
diagnostics,730.0,"[730.0,-34.0,-729.0,-15.0]",,1042.0,"[1024.0,38.0,-1042.0,-56.0]",5536.95149684,,,,,
pose,,,-0.1734665756331451,,,5536.951773719,,,,5.27338319563783,-2.163686019730287
cmd,,,,,,5536.967476949,0.1867895871400833,0.03859017416834831,-0.00020075932843610644,,
wheel_odom,,,,,,5536.970197609,0.267,-0.281,-0.08133234314293576,,
pose,,,-0.30137813324649937,,,5536.970574936,,,,5.279487094637979,-2.1693534481839194
diagnostics,1019.0,"[1019.0,-59.0,-932.0,-19.0]",,1027.0,"[1011.0,51.0,-1027.0,-66.0]",5536.990235293,,,,,
wheel_odom,,,,,,5536.990563125,0.291,-0.31,-0.008028514559173916,,
pose,,,-0.24296299829742,,,5536.990953231,,,,5.284319408909844,-2.1743045474342724
wheel_odom,,,,,,5537.01115454,0.291,-0.293,0.08499753457212385,,
pose,,,-0.3370798621338395,,,5537.011724346,,,,5.291505561793161,-2.181305670889945
cmd,,,,,,5537.017241006,0.17754963040351868,0.05226590484380722,0.0003018673160113394,,
wheel_odom,,,,,,5537.030116517,0.319,-0.305,0.06579891280018622,,
pose,,,-0.2852570798261078,,,5537.030494826,,,,5.297446737633485,-2.186660622052199
diagnostics,1135.0,"[1044.0,8.0,-1135.0,-32.0]",,891.0,"[891.0,183.0,-891.0,-183.0]",5537.050036181,,,,,
pose,,,-0.017348083371262528,,,5537.050490188,,,,5.296956901507698,-2.187007481279186
cmd,,,,,,5537.067647471,0.15050764381885529,0.10038347542285919,0.0009565190994180739,,
wheel_odom,,,,,,5537.070736365,0.34,-0.291,0.014311699866353502,,
pose,,,-0.38004372286815186,,,5537.07133089,,,,5.305554292052253,-2.194926911425402
wheel_odom,,,,,,5537.090660893,0.36,-0.253,0.04485496177625427,,
diagnostics,1076.0,"[1040.0,209.0,-1076.0,-126.0]",,764.0,"[764.0,322.0,-752.0,-310.0]",5537.091363079,,,,,
pose,,,-0.2766756790900003,,,5537.091647981,,,,5.311869184929074,-2.200547969342397
wheel_odom,,,,,,5537.11064496,0.369,-0.271,0.007155849933176751,,
pose,,,-0.4207187286554469,,,5537.11107144,,,,5.321581697359689,-2.208721276291204
cmd,,,,,,5537.117340383,0.08550764381885528,0.0,0.0,,
wheel_odom,,,,,,5537.130330383,0.358,-0.248,0.029670597283903602,,
pose,,,-0.25528874838451626,,,5537.130741178,,,,5.328618845972443,-2.213742816183287
diagnostics,1036.0,"[920.0,202.0,-1036.0,-222.0]",,701.0,"[701.0,396.0,-680.0,-375.0]",5537.150677369,,,,,
pose,,,-0.037734814058036296,,,5537.15155798,,,,5.328212976102287,-2.21452809351246
cmd,,,,,,5537.167573722,0.02050764381885528,0.0,0.0,,
wheel_odom,,,,,,5537.170823522,0.349,-0.192,0.04817108735504349,,
pose,,,-0.3909983607258022,,,5537.17146459,,,,5.33831069754105,-2.222312717994161
wheel_odom,,,,,,5537.190977979,0.359,-0.148,0.020943951023931952,,
diagnostics,837.0,"[837.0,439.0,-800.0,-291.0]",,603.0,"[603.0,495.0,-578.0,-470.0]",5537.191555188,,,,,
pose,,,-0.22265705184927356,,,5537.191768298,,,,5.345118431384284,-2.226833939096664
wheel_odom,,,,,,5537.211386836,0.36,-0.094,-0.026878070480712675,,
pose,,,-0.29311696438790535,,,5537.212308542,,,,5.35552550294964,-2.232853064010724
cmd,,,,,,5537.217893825,0.0,0.0,0.0,,
wheel_odom,,,,,,5537.230776274,0.365,-0.076,-0.02181661564992912,,
pose,,,-0.13606126817781075,,,5537.231374356,,,,5.3627633468595155,-2.2354476133402827
diagnostics,779.0,"[749.0,493.0,-779.0,-411.0]",,611.0,"[611.0,484.0,-590.0,-463.0]",5537.250504649,,,,,
pose,,,-0.03499437294409809,,,5537.251158091,,,,5.362695824677957,-2.236139960386638
cmd,,,,,,5537.267537263,0.0,0.0,0.0,,
wheel_odom,,,,,,5537.270759708,0.362,-0.057,-0.05201081170943102,,
pose,,,-0.22014549495225688,,,5537.271158126,,,,5.3732629793507725,-2.2405434127241484
wheel_odom,,,,,,5537.290536259,0.349,-0.035,-0.06824237375297829,,
diagnostics,606.0,"[606.0,554.0,-542.0,-538.0]",,625.0,"[625.0,459.0,-614.0,-449.0]",5537.290946781,,,,,
pose,,,-0.10014494271997257,,,5537.291140198,,,,5.380285904049571,-2.2425443687666644
wheel_odom,,,,,,5537.311484394,0.331,-0.005,-0.03682644721708035,,
pose,,,-0.11237271601516965,,,5537.313186693,,,,5.390375166214966,-2.2450213806558663
cmd,,,,,,5537.319656812,0.0,0.0,0.0,,
wheel_odom,,,,,,5537.330413279,0.317,0.001,-0.027227136331111543,,
pose,,,-0.10536001218619355,,,5537.330818771,,,,5.400338666563655,-2.2468796511185056
diagnostics,585.0,"[585.0,535.0,-534.0,-566.0]",,683.0,"[683.0,394.0,-680.0,-390.0]",5537.350156042,,,,,
pose,,,0.01557303426171148,,,5537.350609514,,,,5.399912876808281,-2.246571449962777
cmd,,,,,,5537.367731708,0.0,0.0,0.0,,
wheel_odom,,,,,,5537.370813455,0.32,-0.007,0.05201081170943102,,
pose,,,-0.01873299765390474,,,5537.371439401,,,,5.406164319810404,-2.2469616052520647
wheel_odom,,,,,,5537.390889131,0.351,-0.02,-0.0017453292519943296,,
diagnostics,664.0,"[613.0,464.0,-664.0,-570.0]",,739.0,"[738.0,335.0,-739.0,-336.0]",5537.39163741,,,,,
pose,,,-0.04227907535016561,,,5537.391943876,,,,5.415892910969877,-2.2478284419722847
wheel_odom,,,,,,5537.410459984,0.306,-0.021,-0.003839724354387525,,
pose,,,0.00033778620148736626,,,5537.410865691,,,,5.422008281555159,-2.2478220490208396
cmd,,,,,,5537.417211086,0.0,0.0,0.0,,
wheel_odom,,,,,,5537.430451161,0.317,-0.022,0.054105206811824215,,
pose,,,-0.05274159075013894,,,5537.431050598,,,,5.431653791430331,-2.248886544835759
diagnostics,591.0,"[560.0,414.0,-591.0,-469.0]",,705.0,"[704.0,289.0,-705.0,-290.0]",5537.450653375,,,,,
pose,,,0.03886793279606885,,,5537.451370463,,,,5.431300887340125,-2.2480968047609795
cmd,,,,,,5537.46744827,0.0,0.0,0.0,,
wheel_odom,,,,,,5537.470388747,0.306,-0.06,0.06405358354819189,,
pose,,,-0.010667566933043398,,,5537.470770181,,,,5.437291442017652,-2.2483037768199363
wheel_odom,,,,,,5537.490240538,0.3,-0.043,0.022689280275926284,,
diagnostics,624.0,"[594.0,433.0,-624.0,-411.0]",,630.0,"[630.0,367.0,-626.0,-362.0]",5537.490663536,,,,,
pose,,,-0.023262451105131518,,,5537.490836567,,,,5.446210095093813,-2.248770592428555
wheel_odom,,,,,,5537.511620211,0.29,-0.053,0.008028514559173916,,
pose,,,-0.015612482853607583,,,5537.512490827,,,,5.452035868891983,-2.249108582604677
cmd,,,,,,5537.517460044,0.0,0.0,0.0,,
wheel_odom,,,,,,5537.530870071,0.301,-0.045,0.04817108735504349,,
pose,,,-0.06287877163750985,,,5537.531351588,,,,5.461083611991213,-2.2502948796679902
diagnostics,636.0,"[636.0,326.0,-601.0,-413.0]",,591.0,"[591.0,347.0,-585.0,-342.0]",5537.550123048,,,,,
pose,,,0.027404785389793816,,,5537.550569074,,,,5.4606939235796155,-2.249768240783557
cmd,,,,,,5537.567429389,0.0,0.0,0.0,,
wheel_odom,,,,,,5537.570325019,0.28,-0.069,-0.038571776469074684,,
pose,,,-0.03951124880564495,,,5537.570949338,,,,5.466400788195421,-2.250573494574343
wheel_odom,,,,,,5537.591049806,0.28,-0.087,-0.0012217304763960308,,
diagnostics,619.0,"[619.0,330.0,-584.0,-266.0]",,507.0,"[507.0,377.0,-503.0,-373.0]",5537.591513888,,,,,
pose,,,-0.0673905533017055,,,5537.591701384,,,,5.4747407403447435,-2.251971948428179
wheel_odom,,,,,,5537.610507216,0.261,-0.072,0.009250245035569947,,
pose,,,-0.08563542922256309,,,5537.610761498,,,,5.482705802641183,-2.253604361551843
cmd,,,,,,5537.617197199,0.0,0.0,0.0,,
wheel_odom,,,,,,5537.63011457,0.255,-0.064,-0.008028514559173916,,
pose,,,-0.06058122989324372,,,5537.630337964,,,,5.487945265347085,-2.2547903849460122
diagnostics,526.0,"[493.0,355.0,-526.0,-310.0]",,417.0,"[417.0,377.0,-417.0,-376.0]",5537.650462487,,,,,
pose,,,-0.001757994816946309,,,5537.651249526,,,,5.487855389457467,-2.2548271355674774
cmd,,,,,,5537.667438869,0.0,0.0,0.0,,
wheel_odom,,,,,,5537.673474661,0.231,-0.037,-0.02548180707911721,,
pose,,,-0.06920867203016898,,,5537.673754039,,,,5.49516424607634,-2.256384676385439
pose,,,0.0,,,5537.690445924,,,,5.49516424607634,-2.256384676385439
wheel_odom,,,,,,5537.710422836,0.223,-0.057,-0.0012217304763960308,,
diagnostics,484.0,"[460.0,246.0,-484.0,-262.0]",,309.0,"[307.0,293.0,-309.0,-295.0]",5537.710958234,,,,,
pose,,,-0.05677889813387764,,,5537.711207427,,,,5.499750827309638,-2.257563501926352
cmd,,,,,,5537.717307999,0.0,0.0,0.0,,
wheel_odom,,,,,,5537.730859857,0.199,-0.037,-0.02303834612632515,,
pose,,,-0.0776773766657882,,,5537.731437713,,,,5.50629839236603,-2.2591350888652095
wheel_odom,,,,,,5537.751273222,0.159,-0.034,-0.008028514559173916,,
pose,,,-0.04729335610049871,,,5537.752269405,,,,5.509939406333712,-2.2601201077920856
cmd,,,,,,5537.767468253,0.0,0.0,0.0,,
diagnostics,380.0,"[380.0,286.0,-302.0,-243.0]",,265.0,"[261.0,256.0,-265.0,-260.0]",5537.769873492,,,,,
pose,,,0.0,,,5537.770377232,,,,5.509939406333712,-2.2601201077920856
wheel_odom,,,,,,5537.790353251,0.151,-0.035,-0.0020943951023931952,,
pose,,,-0.06007521692440959,,,5537.79074677,,,,5.515186229315246,-2.261343924726983
wheel_odom,,,,,,5537.811329598,0.161,-0.033,-0.026878070480712675,,
diagnostics,268.0,"[246.0,223.0,-210.0,-268.0]",,253.0,"[246.0,204.0,-253.0,-212.0]",5537.812145322,,,,,
pose,,,-0.0339538686091247,,,5537.812895258,,,,5.5184952863691645,-2.262095775188086
cmd,,,,,,5537.817487172,0.0,0.0,0.0,,
wheel_odom,,,,,,5537.831802725,0.12,-0.006,0.026878070480712675,,
pose,,,-0.03522880658906299,,,5537.832679454,,,,5.522897898137694,-2.2627927971716204
wheel_odom,,,,,,5537.851139331,0.11,0.009,0.03385938748868999,,
pose,,,-0.0024434329287712857,,,5537.851791586,,,,5.525355389394446,-2.2628394988130625
cmd,,,,,,5537.867432498,0.0,0.0,0.0,,
diagnostics,247.0,"[192.0,188.0,-233.0,-247.0]",,283.0,"[272.0,145.0,-283.0,-156.0]",5537.869955222,,,,,
pose,,,0.0,,,5537.871691374,,,,5.525355389394446,-2.2628394988130625
wheel_odom,,,,,,5537.890267436,0.093,-0.011,0.012217304763960306,,
pose,,,-0.019423350603961474,,,5537.890646142,,,,5.5287996672845106,-2.263207754896513
wheel_odom,,,,,,5537.910516329,0.106,-0.02,0.058643062867009474,,
diagnostics,296.0,"[215.0,136.0,-296.0,-153.0]",,258.0,"[250.0,132.0,-258.0,-139.0]",5537.910961971,,,,,
pose,,,-0.00804498629844968,,,5537.911311551,,,,5.530920503125487,-2.2633739799287578
cmd,,,,,,5537.917535283,0.0,0.0,0.0,,
wheel_odom,,,,,,5537.931505357,0.092,-0.035,0.09878563566287905,,
pose,,,-0.020513536468896535,,,5537.932744946,,,,5.5338614623988995,-2.2638136170164147
wheel_odom,,,,,,5537.950635813,0.091,-0.01,0.05619960191421741,,
pose,,,0.0013283213437230552,,,5537.951134011,,,,5.535617726107362,-2.26378918664981
cmd,,,,,,5537.967534489,0.0,0.0,0.0,,
diagnostics,203.0,"[113.0,110.0,-203.0,-149.0]",,237.0,"[237.0,128.0,-237.0,-128.0]",5537.969920009,,,,,
pose,,,0.0,,,5537.970511676,,,,5.535617726107362,-2.26378918664981
wheel_odom,,,,,,5537.990414866,0.079,-0.035,0.031066860685499065,,
pose,,,-0.024560946247495774,,,5537.990824242,,,,5.538115451995597,-2.2642880964912107
wheel_odom,,,,,,5538.010937457,0.085,-0.017,0.01710422666954443,,
diagnostics,187.0,"[146.0,138.0,-187.0,-107.0]",,209.0,"[209.0,138.0,-201.0,-130.0]",5538.011767115,,,,,
pose,,,-0.005257494594500054,,,5538.012115832,,,,5.539597545732983,-2.2644000122739274
cmd,,,,,,5538.017629107,0.0,0.0,0.0,,
wheel_odom,,,,,,5538.031604772,0.063,-0.021,0.03769911184307752,,
pose,,,2.586867885144449,,,5538.032176344,,,,5.339000146216355,-2.212500318264267
wheel_odom,,,,,,5538.050250277,0.069,-0.021,0.016755160819145562,,
pose,,,-0.018970917843262974,,,5538.050671644,,,,5.34057558397937,-2.2128512293833333
cmd,,,,,,5538.06733255,0.0,0.0,0.0,,
diagnostics,191.0,"[108.0,89.0,-191.0,-86.0]",,152.0,"[152.0,144.0,-139.0,-132.0]",5538.069959886,,,,,
pose,,,0.0,,,5538.070525206,,,,5.34057558397937,-2.2128512293833333
wheel_odom,,,,,,5538.090942286,0.064,-0.007,0.019198621771937627,,
pose,,,-0.02659711351787737,,,5538.091600462,,,,5.342606808979264,-2.2134117232295045
wheel_odom,,,,,,5538.11082151,0.069,-0.009,0.0,,
diagnostics,129.0,"[129.0,119.0,-118.0,-70.0]",,133.0,"[111.0,133.0,-99.0,-121.0]",5538.111527995,,,,,
pose,,,-0.025443843890912043,,,5538.111864842,,,,5.344073326171659,-2.213927308936519
wheel_odom,,,,,,5538.130562286,0.053,-0.007,-0.05777039824101231,,
pose,,,-0.024005504681494465,,,5538.130985226,,,,5.3460021913971465,-2.2143863977937817
wheel_odom,,,,,,5538.150488297,0.059,-0.015,-0.025132741228718343,,
diagnostics,156.0,"[156.0,113.0,-137.0,-67.0]",,108.0,"[99.0,108.0,-93.0,-102.0]",5538.150948165,,,,,
pose,,,-0.025411310161869108,,,5538.151122082,,,,5.34745009164176,-2.214898103745615
wheel_odom,,,,,,5538.17015488,0.071,-0.019,-0.04310963252425994,,
pose,,,-0.02321356335499796,,,5538.170683669,,,,5.349345777806998,-2.215352187276156
pose,,,-0.005945666842195089,,,5538.190531334,,,,5.349438976113732,-2.21547019064653
wheel_odom,,,,,,5538.211083198,0.062,-0.014,-0.02181661564992912,,
diagnostics,163.0,"[163.0,113.0,-63.0,-51.0]",,76.0,"[73.0,74.0,-76.0,-76.0]",5538.211790441,,,,,
pose,,,-0.02251770299182829,,,5538.212448972,,,,5.350859418689152,-2.215963675317337
wheel_odom,,,,,,5538.231773844,0.055,0.003,-0.050265482457436686,,
pose,,,-0.018785645946518804,,,5538.232526211,,,,5.352693449593053,-2.216340844067469
wheel_odom,,,,,,5538.250911834,0.052,-0.006,-0.035255650890285456,,
diagnostics,71.0,"[71.0,64.0,-38.0,-65.0]",,72.0,"[60.0,52.0,-72.0,-64.0]",5538.251587235,,,,,
pose,,,-0.01303953812594356,,,5538.25185293,,,,5.353932482659868,-2.2165928725993957
wheel_odom,,,,,,5538.270421969,0.042,-0.007,-0.04485496177625427,,
pose,,,-0.015074061926327098,,,5538.270830583,,,,5.355456024195425,-2.2168789771189767
pose,,,-0.0011256318418967897,,,5538.290428496,,,,5.3556296977720255,-2.216901035966343
wheel_odom,,,,,,5538.310956741,0.041,0.009,0.005061454830783556,,
diagnostics,72.0,"[43.0,46.0,-47.0,-72.0]",,84.0,"[66.0,38.0,-84.0,-56.0]",5538.311693876,,,,,
pose,,,-0.00039131525453913265,,,5538.312361719,,,,5.3566837158416725,-2.2169096176836187
wheel_odom,,,,,,5538.331150791,0.036,-0.01,0.0029670597283903604,,
pose,,,-0.011399396028882302,,,5538.331751976,,,,5.358077567988199,-2.217130670713229
wheel_odom,,,,,,5538.350272137,0.038,-0.005,-0.013788101090755204,,
diagnostics,117.0,"[117.0,46.0,-38.0,-78.0]",,82.0,"[61.0,27.0,-82.0,-48.0]",5538.350566926,,,,,
pose,,,-0.016232020813794466,,,5538.350761804,,,,5.359378937576962,-2.2174393079477106
wheel_odom,,,,,,5538.370321352,0.031,0.011,0.02303834612632515,,
pose,,,0.0033511461166403846,,,5538.370592969,,,,5.360069055611293,-2.2173728525520255
pose,,,-0.004752297954722314,,,5538.391584867,,,,5.360163133744649,-2.2174725734274094
wheel_odom,,,,,,5538.410331986,0.027,-0.019,0.03385938748868999,,
diagnostics,71.0,"[71.0,-19.0,-47.0,-36.0]",,89.0,"[71.0,44.0,-89.0,-62.0]",5538.410791962,,,,,
pose,,,-0.01785954122093642,,,5538.410961785,,,,5.361134855929962,-2.217818750201309
wheel_odom,,,,,,5538.430688748,0.017,-0.009,0.05113814708343386,,
pose,,,-0.008412871136482154,,,5538.431175486,,,,5.361628884526205,-2.2179887965706078
wheel_odom,,,,,,5538.450857577,0.023,-0.007,0.07714355293814937,,
diagnostics,95.0,"[-3.0,-7.0,-95.0,-74.0]",,57.0,"[45.0,40.0,-57.0,-51.0]",5538.45155399,,,,,
pose,,,-0.00921495056446271,,,5538.451846895,,,,5.3623576576973875,-2.218179265240111
wheel_odom,,,,,,5538.470534267,0.019,-0.007,0.05113814708343386,,
pose,,,-0.00754921946000782,,,5538.471022503,,,,5.362784786863876,-2.218324047062263
pose,,,0.0026049093018741237,,,5538.490481516,,,,5.362805666799765,-2.218273364316213
wheel_odom,,,,,,5538.510106281,0.015,0.001,0.04363323129985824,,
diagnostics,51.0,"[0.0,-3.0,-51.0,-47.0]",,68.0,"[64.0,29.0,-68.0,-33.0]",5538.510453349,,,,,
pose,,,-0.0026078618051604465,,,5538.511137221,,,,5.3633579959269175,-2.218327241598865
wheel_odom,,,,,,5538.530511973,0.017,-0.002,0.02426007660272118,,
pose,,,-0.00031982469431286075,,,5538.530905313,,,,5.36374588693502,-2.2183335637993937
wheel_odom,,,,,,5538.55095762,0.024,-0.005,0.020594885173533087,,
diagnostics,80.0,"[29.0,35.0,-80.0,-36.0]",,46.0,"[46.0,35.0,-41.0,-31.0]",5538.553963273,,,,,
pose,,,-0.0026514666709018778,,,5538.554386086,,,,5.3643457626275355,-2.218395810657076
wheel_odom,,,,,,5538.57039552,0.024,0.001,0.0158824961931484,,
pose,,,-0.001470982298389313,,,5538.570811405,,,,5.3648043225383155,-2.21841997990239
pose,,,0.003307996077889008,,,5538.590429671,,,,5.3648228285753214,-2.2183550828215655
wheel_odom,,,,,,5538.610257434,0.027,0.002,-0.003839724354387525,,
diagnostics,52.0,"[33.0,52.0,-30.0,-47.0]",,42.0,"[42.0,19.0,-33.0,-10.0]",5538.61071952,,,,,
pose,,,0.0016565894646553133,,,5538.610857812,,,,5.365497615746251,-2.2183212429711467
wheel_odom,,,,,,5538.631324188,0.031,0.002,-0.02303834612632515,,
pose,,,0.0024269034642193047,,,5538.632177614,,,,5.3662833621003765,-2.21826951212591
wheel_odom,,,,,,5538.650733039,0.02,-0.006,0.005061454830783556,,
diagnostics,55.0,"[31.0,27.0,-55.0,-21.0]",,32.0,"[32.0,6.0,-21.0,3.0]",5538.651344375,,,,,
pose,,,-0.0010482702070749288,,,5538.651583873,,,,5.366753964763074,-2.218289856275858
wheel_odom,,,,,,5538.670349112,0.019,-0.006,-0.029321531433504737,,
pose,,,-0.005114818870953419,,,5538.670801057,,,,5.367413014701833,-2.218388156092369
pose,,,0.003253502995644291,,,5538.690364266,,,,5.367372880812044,-2.2183245113888646
wheel_odom,,,,,,5538.710657528,0.019,-0.002,-0.031066860685499065,,
diagnostics,54.0,"[54.0,50.0,-34.0,-7.0]",,33.0,"[33.0,19.0,-24.0,-10.0]",5538.711386195,,,,,
pose,,,0.0007731455510457892,,,5538.711704389,,,,5.367795808024154,-2.218308013516603
wheel_odom,,,,,,5538.730515146,0.021,0.009,-0.012217304763960306,,
pose,,,-0.002491603089493688,,,5538.730913372,,,,5.368386189660291,-2.2183558845796236
wheel_odom,,,,,,5538.750959383,0.012,-0.006,0.005934119456780721,,
diagnostics,35.0,"[35.0,-5.0,-21.0,-21.0]",,32.0,"[32.0,8.0,-27.0,-3.0]",5538.75165312,,,,,
pose,,,-0.0075432878759931835,,,5538.751924683,,,,5.368717699523843,-2.218514350735253
wheel_odom,,,,,,5538.770666739,0.01,-0.006,-0.015533430342749533,,
pose,,,-0.005216228922288231,,,5538.771168638,,,,5.369149221941701,-2.218614745057342
pose,,,-0.0032418355097259877,,,5538.790380828,,,,5.369134963576555,-2.218677022506977
wheel_odom,,,,,,5538.811269857,0.015,-0.006,-0.015009831567151233,,
diagnostics,50.0,"[50.0,46.0,-13.0,0.0]",,19.0,"[19.0,10.0,-18.0,-9.0]",5538.812214651,,,,,
pose,,,-0.0057650090416731786,,,5538.812551831,,,,5.369485703741745,-2.2188048210890514
wheel_odom,,,,,,5538.831730922,0.008,0.01,-0.012566370614359171,,
pose,,,0.0007984898325110359,,,5538.833058681,,,,5.369855931116986,-2.218788446956314
wheel_odom,,,,,,5538.851023728,0.005,0.004,-0.004537856055185257,,
diagnostics,23.0,"[0.0,23.0,-3.0,-7.0]",,0.0,"[0.0,0.0,0.0,0.0]",5538.852624324,,,,,
pose,,,-1.7633560409386457e-05,,,5538.852930953,,,,5.3700055143972,-2.2187887974062757
wheel_odom,,,,,,5538.870448071,-0.001,0.001,0.0041887902047863905,,
pose,,,0.0005681375130246524,,,5538.870832888,,,,5.370153186840895,-2.218778623929181
pose,,,-0.0017997628909554018,,,5538.890596287,,,,5.370138650562733,-2.218814192783577
wheel_odom,,,,,,5538.911075477,0.0,0.0,0.0,,
diagnostics,0.0,"[0.0,0.0,0.0,0.0]",,0.0,"[0.0,0.0,0.0,0.0]",5538.911872107,,,,,
pose,,,-0.0012927457930495285,,,5538.912791339,,,,5.370160058198745,-2.218842875502003
wheel_odom,,,,,,5538.931194743,-0.002,0.001,0.0033161255787892262,,
pose,,,-0.0008943975979688128,,,5538.931852318,,,,5.370173017583128,-2.218859929190292
wheel_odom,,,,,,5538.950535838,-0.008,0.006,0.017976891295541596,,
diagnostics,24.0,"[-24.0,-7.0,4.0,0.0]",,0.0,"[0.0,0.0,0.0,0.0]",5538.950964925,,,,,
pose,,,0.001869020873043993,,,5538.951327607,,,,5.370070406852546,-2.21882352773606
wheel_odom,,,,,,5538.971360671,-0.004,0.004,-0.013788101090755204,,
pose,,,0.003241595603104013,,,5538.971772318,,,,5.369983789041823,-2.218757253463066
pose,,,-0.0020127762017314354,,,5538.991082754,,,,5.3699853472473285,-2.2187961176193203
wheel_odom,,,,,,5539.012322002,-0.003,0.003,-0.0054105206811824215,,
diagnostics,16.0,"[-3.0,0.0,16.0,0.0]",,0.0,"[0.0,0.0,0.0,0.0]",5539.013238905,,,,,
pose,,,0.007189134793422282,,,5539.013560506,,,,5.369933519503424,-2.218634543202338
wheel_odom,,,,,,5539.030791814,-0.003,0.004,-0.012217304763960306,,
pose,,,0.00995197266053619,,,5539.031187657,,,,5.369860605417847,-2.218459075513881
wheel_odom,,,,,,5539.050179404,-0.002,0.002,-0.0008726646259971648,,
diagnostics,12.0,"[0.0,-3.0,12.0,-3.0]",,0.0,"[0.0,0.0,0.0,0.0]",5539.050533113,,,,,
pose,,,0.005662510431711158,,,5539.050792765,,,,5.369831503420396,-2.2183480556378687
wheel_odom,,,,,,5539.070397747,-0.004,0.003,-0.011344640137963142,,
pose,,,0.004548523120883411,,,5539.070681227,,,,5.369735861806558,-2.218257589470207
pose,,,0.0019998717883622733,,,5539.091245954,,,,5.369760848211703,-2.2182164740701134
wheel_odom,,,,,,5539.110301323,0.0,0.0,-0.0008726646259971648,,
diagnostics,4.0,"[0.0,0.0,4.0,-3.0]",,0.0,"[0.0,0.0,0.0,0.0]",5539.110647654,,,,,
pose,,,0.002834275487541104,,,5539.111095525,,,,5.369763377931663,-2.2181602087757137
pose,,,0.0,,,5539.13084,,,,5.369763377931663,-2.2181602087757137
wheel_odom,,,,,,5539.150340553,0.0,0.0,-0.0008726646259971648,,
pose,,,0.0033498523623777094,,,5539.150628386,,,,5.369756473255818,-2.218093902143086
wheel_odom,,,,,,5539.170226205,0.0,0.001,-0.0012217304763960308,,
diagnostics,4.0,"[0.0,0.0,4.0,0.0]",,0.0,"[0.0,0.0,0.0,0.0]",5539.170482524,,,,,
pose,,,0.0019856205547654797,,,5539.170801629,,,,5.369771752291595,-2.2180538458086114
wheel_odom,,,,,,5539.19076606,0.0,0.0,-0.0008726646259971648,,
pose,,,0.0017696027965781618,,,5539.191300325,,,,5.3697604743102545,-2.2180175769728914
pose,,,0.00012969343328525957,,,5539.212655094,,,,5.369783129212718,-2.218014808565397
wheel_odom,,,,,,5539.23080525,0.0,0.0,0.0,,
diagnostics,0.0,"[0.0,0.0,0.0,0.0]",,0.0,"[0.0,0.0,0.0,0.0]",5539.231234732,,,,,
pose,,,0.0007078007713029271,,,5539.232321731,,,,5.369800736261544,-2.2180008821180732
wheel_odom,,,,,,5539.250598864,0.0,0.0,0.0012217304763960308,,
pose,,,0.0010664339162211633,,,5539.250867458,,,,5.36981667905235,-2.21798110090148
wheel_odom,,,,,,5539.270160812,0.0,0.0,0.0,,
diagnostics,0.0,"[0.0,0.0,0.0,0.0]",,0.0,"[0.0,0.0,0.0,0.0]",5539.270450404,,,,,
pose,,,0.0005871753630341147,,,5539.270639193,,,,5.369833403277767,-2.21796949153678
wheel_odom,,,,,,5539.291209987,0.0,0.0,0.0,,
pose,,,2.1639979506116093e-05,,,5539.292498222,,,,5.369849018792015,-2.2179690186737107
wheel_odom,,,,,,5539.310970038,0.0,0.0,0.0,,
pose,,,0.0005486364243578103,,,5539.311667966,,,,5.369849482061449,-2.217958500099323
diagnostics,0.0,"[0.0,0.0,0.0,0.0]",,0.0,"[0.0,0.0,0.0,0.0]",5539.330790192,,,,,
pose,,,-0.000341886492923374,,,5539.331627541,,,,5.369864023595894,-2.2179653241161144
wheel_odom,,,,,,5539.350495079,0.0,0.0,0.0,,
pose,,,-0.00012000684531151911,,,5539.350912439,,,,5.369877013274623,-2.2179676387842653
wheel_odom,,,,,,5539.370336113,0.0,0.0,0.0,,
diagnostics,0.0,"[0.0,0.0,0.0,0.0]",,0.0,"[0.0,0.0,0.0,0.0]",5539.370738767,,,,,
pose,,,-1.5670700355289317e-05,,,5539.370895985,,,,5.369889669258468,-2.2179679519411946
wheel_odom,,,,,,5539.392283383,0.0,0.0,0.0,,
pose,,,-0.00014623481564685366,,,5539.393384858,,,,5.369900282026851,-2.2179712398207387
wheel_odom,,,,,,5539.410365477,0.0,0.0,0.0,,
pose,,,0.00017660033300208222,,,5539.410749039,,,,5.3699012548578064,-2.217968172346067
diagnostics,0.0,"[0.0,0.0,0.0,0.0]",,0.0,"[0.0,0.0,0.0,0.0]",5539.429975236,,,,,
pose,,,-0.0002630757362814427,,,5539.430396819,,,,5.369910692971652,-2.2179733411181775
wheel_odom,,,,,,5539.451273803,0.0,0.0,0.0,,
pose,,,-0.00015414906201854274,,,5539.451906257,,,,5.3699192996000695,-2.2179766563610506
wheel_odom,,,,,,5539.473135667,0.0,0.0,0.0,,
diagnostics,0.0,"[0.0,0.0,0.0,0.0]",,0.0,"[0.0,0.0,0.0,0.0]",5539.47383822,,,,,
pose,,,-0.00011922339169448622,,,5539.474133706,,,,5.369927774630483,-2.217979306368349
wheel_odom,,,,,,5539.49033744,0.0,0.0,0.0,,
pose,,,-0.00017441603474740132,,,5539.490767607,,,,5.369934736044855,-2.2179822081176286
wheel_odom,,,,,,5539.510318551,0.0,0.0,0.0,,
pose,,,2.0017539719012885e-05,,,5539.510729209,,,,5.369935470489782,-2.21798180852684
diagnostics,0.0,"[0.0,0.0,0.0,0.0]",,0.0,"[0.0,0.0,0.0,0.0]",5539.530590457,,,,,
pose,,,-0.00014306089203463258,,,5539.531410359,,,,5.369941606128555,-2.217984766515503
wheel_odom,,,,,,5539.550562902,0.0,0.0,0.0,,
pose,,,-0.0001270621577070948,,,5539.550986957,,,,5.36994787354048,-2.217987254561925
wheel_odom,,,,,,5539.570222504,0.0,0.0,0.0,,
diagnostics,0.0,"[0.0,0.0,0.0,0.0]",,0.0,"[0.0,0.0,0.0,0.0]",5539.570657989,,,,,
pose,,,-0.00010561679701633139,,,5539.570823781,,,,5.369952997566578,-2.2179893496601477
wheel_odom,,,,,,5539.590472316,0.0,0.0,0.0,,
pose,,,-9.825963804609901e-05,,,5539.591007476,,,,5.369958034729967,-2.2179913317686983
wheel_odom,,,,,,5539.610994879,0.0,0.0,0.0,,
pose,,,-7.013103810751084e-06,,,5539.611748126,,,,5.369958229124668,-2.2179914772675784
diagnostics,0.0,"[0.0,0.0,0.0,0.0]",,0.0,"[0.0,0.0,0.0,0.0]",5539.631338627,,,,,
pose,,,-6.659595258706856e-05,,,5539.632384726,,,,5.369962146401377,-2.2179928513919482
wheel_odom,,,,,,5539.65153896,0.0,0.0,0.0,,
pose,,,-7.544150191771565e-05,,,5539.652234606,,,,5.369966193480471,-2.217994349255508
wheel_odom,,,,,,5539.670443676,0.0,0.0,0.0,,
diagnostics,0.0,"[0.0,0.0,0.0,0.0]",,0.0,"[0.0,0.0,0.0,0.0]",5539.670856577,,,,,
pose,,,-5.661768667911638e-05,,,5539.671029747,,,,5.369969493246373,-2.217995413567295
wheel_odom,,,,,,5539.690561937,0.0,0.0,0.0,,
pose,,,-5.439407496364877e-05,,,5539.690966136,,,,5.369972745304316,-2.2179964979924858
wheel_odom,,,,,,5539.710805009,0.0,0.0,0.0,,
pose,,,-7.731507539365293e-06,,,5539.711540832,,,,5.369972876252358,-2.217996657038541
diagnostics,0.0,"[0.0,0.0,0.0,0.0]",,0.0,"[0.0,0.0,0.0,0.0]",5539.730078149,,,,,
pose,,,-2.9555733037338763e-05,,,5539.730521295,,,,5.369975397403495,-2.217997218125789
wheel_odom,,,,,,5539.75145773,0.0,0.0,0.0,,
pose,,,-3.4944961115793536e-05,,,5539.752147016,,,,5.369978014500809,-2.217997973728662
wheel_odom,,,,,,5539.770736874,0.0,0.0,0.0,,
diagnostics,0.0,"[0.0,0.0,0.0,0.0]",,0.0,"[0.0,0.0,0.0,0.0]",5539.771386194,,,,,
pose,,,-2.41139010496679e-05,,,5539.771643774,,,,5.369980149998874,-2.2179984438700844
wheel_odom,,,,,,5539.790313328,0.0,0.0,0.0,,
pose,,,-2.6563353829004653e-05,,,5539.790745644,,,,5.369982259499645,-2.2179989513619764
wheel_odom,,,,,,5539.810174971,0.0,0.0,0.0,,
pose,,,-5.205121363088039e-06,,,5539.81055973,,,,5.369982344965358,-2.2179990544978647
diagnostics,0.0,"[0.0,0.0,0.0,0.0]",,0.0,"[0.0,0.0,0.0,0.0]",5539.83063694,,,,,
pose,,,-8.266671811042504e-06,,,5539.833793903,,,,5.369983981697355,-2.217999246494715
wheel_odom,,,,,,5539.85136029,0.0,0.0,0.0,,
pose,,,-1.799575174224286e-05,,,5539.852029374,,,,5.369985684216598,-2.2179995747381267
wheel_odom,,,,,,5539.870411548,0.0,0.0,0.0,,
diagnostics,0.0,"[0.0,0.0,0.0,0.0]",,0.0,"[0.0,0.0,0.0,0.0]",5539.870852652,,,,,
pose,,,-9.30497207622304e-06,,,5539.871040398,,,,5.369987074672077,-2.2179997516690815
wheel_odom,,,,,,5539.890270892,0.0,0.0,0.0,,
pose,,,-1.0371814572846344e-05,,,5539.890676845,,,,5.369988449961191,-2.2179999553534935
wheel_odom,,,,,,5539.910498446,0.0,0.0,0.0,,
pose,,,-2.6497898384074735e-06,,,5539.910976374,,,,5.369988505778809,-2.218000009137457
diagnostics,0.0,"[0.0,0.0,0.0,0.0]",,0.0,"[0.0,0.0,0.0,0.0]",5539.930274602,,,,,
pose,,,-2.3362826176904804e-06,,,5539.930752607,,,,5.36998957344253,-2.218000055341359
wheel_odom,,,,,,5539.951218659,0.0,0.0,0.0,,
pose,,,-5.7052851745508705e-06,,,5539.951840438,,,,5.369990685064728,-2.2180001756432532
wheel_odom,,,,,,5539.970913402,0.0,0.0,0.0012217304763960308,,
diagnostics,0.0,"[0.0,0.0,0.0,0.0]",,0.0,"[0.0,0.0,0.0,0.0]",5539.97153377,,,,,
pose,,,-2.601194301608407e-06,,,5539.971787449,,,,5.369991593294977,-2.2180002275287896
wheel_odom,,,,,,5539.990772581,0.0,0.0,0.0,,
pose,,,-3.3855670370701703e-06,,,5539.991456557,,,,5.369992492153125,-2.2180002941173713
wheel_odom,,,,,,5540.011208335,0.0,0.0,0.0,,
pose,,,-1.1504619056688107e-06,,,5540.012246311,,,,5.369992528671541,-2.2180003180300982
diagnostics,0.0,"[0.0,0.0,0.0,0.0]",,0.0,"[0.0,0.0,0.0,0.0]",5540.031097524,,,,,
pose,,,3.504488720841876e-08,,,5540.032112973,,,,5.369993226618979,-2.2180003173338654
wheel_odom,,,,,,5540.051187853,0.0,0.0,0.0,,
pose,,,-1.6926447695794309e-06,,,5540.051856962,,,,5.369993953621407,-2.2180003507602075
wheel_odom,,,,,,5540.071298775,0.0,0.0,0.0,,
diagnostics,0.0,"[0.0,0.0,0.0,0.0]",,0.0,"[0.0,0.0,0.0,0.0]",5540.072087658,,,,,
pose,,,-3.420048681978018e-07,,,5540.072791217,,,,5.369994547686875,-2.2180003579196037
wheel_odom,,,,,,5540.090241355,0.0,0.0,0.0,,
pose,,,-7.836192766396991e-07,,,5540.090621065,,,,5.369995135780887,-2.2180003718953203
wheel_odom,,,,,,5540.11015217,0.0,0.0,0.0,,
pose,,,-9.142252680316359e-07,,,5540.110571187,,,,5.369995190681009,-2.218000390132709
diagnostics,0.0,"[0.0,0.0,0.0,0.0]",,0.0,"[0.0,0.0,0.0,0.0]",5540.130164742,,,,,
pose,,,6.160199526839972e-07,,,5540.130734292,,,,5.369995671988557,-2.2180003777127077
wheel_odom,,,,,,5540.151515223,0.0,0.0,0.0,,
pose,,,2.105794497806851e-07,,,5540.152244676,,,,5.36999610978545,-2.218000373183423
wheel_odom,,,,,,5540.170259433,0.0,0.0,0.0,,
diagnostics,0.0,"[0.0,0.0,0.0,0.0]",,0.0,"[0.0,0.0,0.0,0.0]",5540.170652969,,,,,
pose,,,5.3131661226962376e-08,,,5540.170799312,,,,5.369996540773799,-2.218000372197345
wheel_odom,,,,,,5540.190385232,0.0,0.0,0.0,,
pose,,,2.9616561785000505e-07,,,5540.190784515,,,,5.36999689237798,-2.21800036627857
wheel_odom,,,,,,5540.21043278,0.0,0.0,0.0,,
pose,,,-2.529230437917011e-07,,,5540.210928548,,,,5.369996930253749,-2.2180003713730922
diagnostics,0.0,"[0.0,0.0,0.0,0.0]",,0.0,"[0.0,0.0,0.0,0.0]",5540.230126945,,,,,
pose,,,4.5430497399330683e-07,,,5540.230606321,,,,5.369997238760515,-2.2180003624329605
wheel_odom,,,,,,5540.250224641,0.0,0.0,0.0,,
pose,,,2.8710527347515953e-07,,,5540.250693117,,,,5.369997521108652,-2.21800035666596
wheel_odom,,,,,,5540.270269689,0.0,0.0,0.0,,
diagnostics,0.0,"[0.0,0.0,0.0,0.0]",,0.0,"[0.0,0.0,0.0,0.0]",5540.270717243,,,,,
pose,,,2.301348312416075e-07,,,5540.270830969,,,,5.369997799530927,-2.2180003520310363
wheel_odom,,,,,,5540.290177921,0.0,0.0,0.0,,
pose,,,2.5195933111141797e-07,,,5540.290463055,,,,5.369998026556043,-2.218000347084712
wheel_odom,,,,,,5540.310359365,0.0,0.0,0.0,,
pose,,,-2.765115552230906e-08,,,5540.310592938,,,,5.369998051394324,-2.218000347641332
diagnostics,0.0,"[0.0,0.0,0.0,0.0]",,0.0,"[0.0,0.0,0.0,0.0]",5540.329989434,,,,,
pose,,,2.4974388467465525e-07,,,5540.33037544,,,,5.3699982506682575,-2.218000342701056
wheel_odom,,,,,,5540.350544981,0.0,0.0,0.0,,
pose,,,2.040297025997962e-07,,,5540.351045025,,,,5.369998454573726,-2.218000338484138
wheel_odom,,,,,,5540.370304954,0.0,0.0,0.0,,
diagnostics,0.0,"[0.0,0.0,0.0,0.0]",,0.0,"[0.0,0.0,0.0,0.0]",5540.370778783,,,,,
pose,,,1.744490995844911e-07,,,5540.370960373,,,,5.369998620837934,-2.2180003350098354
wheel_odom,,,,,,5540.391034659,0.0,0.0,0.0,,
pose,,,1.601773566045754e-07,,,5540.391587097,,,,5.369998784258985,-2.2180003317060804
wheel_odom,,,,,,5540.410322667,0.0,0.0,0.0,,
pose,,,1.4756872123686858e-08,,,5540.410713955,,,,5.369998790616973,-2.218000331423802
diagnostics,0.0,"[0.0,0.0,0.0,0.0]",,0.0,"[0.0,0.0,0.0,0.0]",5540.429977811,,,,,
pose,,,1.1145666465188361e-07,,,5540.430376969,,,,5.369998917467185,-2.2180003292321517
wheel_odom,,,,,,5540.45330428,0.0,0.0,0.0,,
pose,,,1.0427153617657545e-07,,,5540.453937505,,,,5.369999048560271,-2.218000326775829
pose,,,0.0,,,5540.470448543,,,,5.369999048560271,-2.218000326775829
wheel_odom,,,,,,5540.490464336,0.0,0.0,0.0,,
diagnostics,0.0,"[0.0,0.0,0.0,0.0]",,0.0,"[0.0,0.0,0.0,0.0]",5540.490782018,,,,,
pose,,,8.280618721797814e-08,,,5540.49091644,,,,5.3699991553607305,-2.218000325080723
wheel_odom,,,,,,5540.510293147,0.0,0.0,0.0,,
pose,,,8.829941889681331e-08,,,5540.510678823,,,,5.369999260602791,-2.218000323335891
wheel_odom,,,,,,5540.530549217,0.0,0.0,0.0,,
pose,,,5.505440023367266e-08,,,5540.530921156,,,,5.369999346387134,-2.218000322221333
diagnostics,0.0,"[0.0,0.0,0.0,0.0]",,0.0,"[0.0,0.0,0.0,0.0]",5540.549978981,,,,,
pose,,,0.0,,,5540.550644803,,,,5.369999346387134,-2.218000322221333
wheel_odom,,,,,,5540.570278838,0.0,0.0,0.0,,
pose,,,5.9567559087838034e-08,,,5540.570563564,,,,5.36999943103162,-2.2180003210347596
wheel_odom,,,,,,5540.590291912,0.0,0.0,0.0,,
diagnostics,0.0,"[0.0,0.0,0.0,0.0]",,0.0,"[0.0,0.0,0.0,0.0]",5540.590751081,,,,,
pose,,,3.434505727254495e-08,,,5540.590916147,,,,5.3699995000774345,-2.2180003203357748
wheel_odom,,,,,,5540.610231399,0.0,0.0,0.0,,
pose,,,3.932396174314409e-08,,,5540.610520821,,,,5.369999568279069,-2.2180003195647795
wheel_odom,,,,,,5540.630499503,0.0,0.0,0.0,,
pose,,,8.815693342782393e-09,,,5540.631077918,,,,5.369999571047633,-2.218000319383586
diagnostics,0.0,"[0.0,0.0,0.0,0.0]",,0.0,"[0.0,0.0,0.0,0.0]",5540.650703172,,,,,
pose,,,1.1408905185819392e-08,,,5540.651403029,,,,5.369999623946089,-2.21800031915173
wheel_odom,,,,,,5540.671433508,0.0,0.0,0.0,,
pose,,,2.3148851354418245e-08,,,5540.671934735,,,,5.369999678975625,-2.218000318676369
wheel_odom,,,,,,5540.690927195,0.0,0.0,-0.0008726646259971648,,
diagnostics,3.0,"[0.0,0.0,-3.0,0.0]",,0.0,"[0.0,0.0,0.0,0.0]",5540.691694142,,,,,
pose,,,1.1069775204489262e-08,,,5540.692189209,,,,5.369999723910701,-2.2180003184521704
wheel_odom,,,,,,5540.710321605,0.0,0.0,0.0,,
pose,,,1.4736391449475371e-08,,,5540.710775208,,,,5.36999976835531,-2.2180003181782597
wheel_odom,,,,,,5540.730344291,0.0,0.0,0.0,,
pose,,,4.62556040797097e-09,,,5540.730764946,,,,5.369999770161695,-2.2180003180857923
diagnostics,0.0,"[0.0,0.0,0.0,0.0]",,0.0,"[0.0,0.0,0.0,0.0]",5540.750578368,,,,,
pose,,,6.160992901874284e-10,,,5540.751315918,,,,5.369999804657449,-2.2180003180731336
wheel_odom,,,,,,5540.771041925,0.0,0.0,0.0,,
pose,,,7.0140775075111795e-09,,,5540.771633645,,,,5.369999840576513,-2.2180003179306103
wheel_odom,,,,,,5540.790578579,0.0,0.0,0.0,,
diagnostics,0.0,"[0.0,0.0,0.0,0.0]",,0.0,"[0.0,0.0,0.0,0.0]",5540.790968517,,,,,
pose,,,1.7214291589033044e-09,,,5540.791388781,,,,5.3699998699204246,-2.218000317896598
wheel_odom,,,,,,5540.810368954,0.0,0.0,0.0,,
pose,,,3.144341815618274e-09,,,5540.810764686,,,,5.369999898961774,-2.218000317835674
wheel_odom,,,,,,5540.830463993,0.0,0.0,0.0,,
pose,,,1.9843378425563708e-09,,,5540.83090988,,,,5.369999900142776,-2.2180003177956995
diagnostics,0.0,"[0.0,0.0,0.0,0.0]",,0.0,"[0.0,0.0,0.0,0.0]",5540.85294548,,,,,
pose,,,-2.0219466403240426e-09,,,5540.853335523,,,,5.3699999226897726,-2.2180003178410312
wheel_odom,,,,,,5540.870512567,0.0,0.0,0.0,,
pose,,,7.476942705637257e-10,,,5540.871078198,,,,5.369999946176905,-2.2180003178277614
wheel_odom,,,,,,5540.890241952,0.0,0.0,0.0,,
diagnostics,0.0,"[0.0,0.0,0.0,0.0]",,0.0,"[0.0,0.0,0.0,0.0]",5540.890532722,,,,,
pose,,,-3.7688763190150337e-10,,,5540.890725012,,,,5.369999967589605,-2.218000317835167
wheel_odom,,,,,,5540.910976525,0.0,0.0,0.0,,
pose,,,-1.5618831864784356e-09,,,5540.911930409,,,,5.36999998507079,-2.2180003178682766
wheel_odom,,,,,,5540.930952518,0.0,0.0,0.0,,
pose,,,1.417982293130184e-09,,,5540.931570137,,,,5.369999986901628,-2.2180003178404246
diagnostics,0.0,"[0.0,0.0,0.0,0.0]",,0.0,"[0.0,0.0,0.0,0.0]",5540.950626871,,,,,
pose,,,-2.5620415499243676e-09,,,5540.951329404,,,,5.3700000022793475,-2.2180003178910463
wheel_odom,,,,,,5540.97039764,0.0,0.0,0.0,,
pose,,,-1.7622322731496653e-09,,,5540.970813584,,,,5.370000016317517,-2.2180003179253878
wheel_odom,,,,,,5540.990306488,0.0,0.0,0.0,,
diagnostics,0.0,"[0.0,0.0,0.0,0.0]",,0.0,"[0.0,0.0,0.0,0.0]",5540.990721501,,,,,
pose,,,-1.392318749172346e-09,,,5540.99088356,,,,5.370000030146918,-2.2180003179533325
wheel_odom,,,,,,5541.011166379,0.0,0.0,0.0,,
pose,,,-1.4834833660655558e-09,,,5541.012163878,,,,5.3700000414193365,-2.218000317984894
wheel_odom,,,,,,5541.0304384,0.0,0.0,0.0,,
pose,,,3.408771589362704e-10,,,5541.030825289,,,,5.370000042647407,-2.218000317978531
diagnostics,0.0,"[0.0,0.0,0.0,0.0]",,0.0,"[0.0,0.0,0.0,0.0]",5541.050299776,,,,,
pose,,,-1.7307764614025034e-09,,,5541.050548119,,,,5.370000052534789,-2.2180003180126704
wheel_odom,,,,,,5541.071027217,0.0,0.0,0.0,,
pose,,,-1.3296836127426801e-09,,,5541.071465093,,,,5.370000062639178,-2.218000318040483
wheel_odom,,,,,,5541.090245519,0.0,0.0,0.0,,
diagnostics,0.0,"[0.0,0.0,0.0,0.0]",,0.0,"[0.0,0.0,0.0,0.0]",5541.090633825,,,,,
pose,,,-1.31147553015152e-09,,,5541.090872049,,,,5.370000070873235,-2.2180003180659313
wheel_odom,,,,,,5541.110458751,0.0,0.0,0.0,,
pose,,,-1.1850020540266041e-09,,,5541.110864329,,,,5.370000078960009,-2.218000318089623
wheel_odom,,,,,,5541.131103825,0.0,0.0,0.0,,
pose,,,-1.5019208782470785e-11,,,5541.131921719,,,,5.370000079274347,-2.2180003180899392
diagnostics,0.0,"[0.0,0.0,0.0,0.0]",,0.0,"[0.0,0.0,0.0,0.0]",5541.150696793,,,,,
pose,,,-1.0167600252169946e-09,,,5541.151511468,,,,5.37000008554874,-2.2180003181098575
wheel_odom,,,,,,5541.171265601,0.0,0.0,0.0,,
pose,,,-9.465972929770763e-10,,,5541.17198189,,,,5.370000092029184,-2.2180003181292363
wheel_odom,,,,,,5541.190458498,0.0,0.0,0.0,,
diagnostics,0.0,"[0.0,0.0,0.0,0.0]",,0.0,"[0.0,0.0,0.0,0.0]",5541.190866436,,,,,
pose,,,-8.268163602611384e-10,,,5541.191057054,,,,5.37000009730716,-2.2180003181450108
wheel_odom,,,,,,5541.210306589,0.0,0.0,0.0,,
pose,,,-7.852768071207873e-10,,,5541.210693095,,,,5.37000010250611,-2.2180003181604304
wheel_odom,,,,,,5541.230724658,0.0,0.0,0.0,,
pose,,,-4.5742759287196254e-11,,,5541.231433442,,,,5.370000102716021,-2.218000318161379
diagnostics,0.0,"[0.0,0.0,0.0,0.0]",,0.0,"[0.0,0.0,0.0,0.0]",5541.250708108,,,,,
pose,,,-5.538909301766851e-10,,,5541.251616901,,,,5.370000106743036,-2.218000318172558
wheel_odom,,,,,,5541.271332809,0.0,0.0,0.0,,
pose,,,-5.932391736953181e-10,,,5541.271903272,,,,5.370000110922578,-2.2180003181845938
wheel_odom,,,,,,5541.290482932,0.0,0.0,0.0,,
diagnostics,0.0,"[0.0,0.0,0.0,0.0]",,0.0,"[0.0,0.0,0.0,0.0]",5541.290903976,,,,,
pose,,,-4.769756489400395e-10,,,5541.291267149,,,,5.370000114331484,-2.218000318193831
wheel_odom,,,,,,5541.310333364,0.0,0.0,0.0,,
pose,,,-4.747091070647559e-10,,,5541.310795345,,,,5.370000117698129,-2.2180003182031007
wheel_odom,,,,,,5541.330324439,0.0,0.0,0.0,,
pose,,,-3.8930337292520516e-11,,,5541.33072281,,,,5.370000117834756,-2.2180003182038766
diagnostics,0.0,"[0.0,0.0,0.0,0.0]",,0.0,"[0.0,0.0,0.0,0.0]",5541.350292753,,,,,
pose,,,-3.0804331941526505e-10,,,5541.350918582,,,,5.370000120445822,-2.218000318210097
wheel_odom,,,,,,5541.371337243,0.0,0.0,0.0,,
pose,,,-3.3635632748937455e-10,,,5541.371960559,,,,5.370000123161737,-2.2180003182171744
wheel_odom,,,,,,5541.39023984,0.0,0.0,0.0,,
diagnostics,0.0,"[0.0,0.0,0.0,0.0]",,0.0,"[0.0,0.0,0.0,0.0]",5541.390636126,,,,,
pose,,,-2.808115185983929e-10,,,5541.390791005,,,,5.3700001253793515,-2.218000318222463
wheel_odom,,,,,,5541.410303791,0.0,0.0,0.0,,
pose,,,-2.669814294227786e-10,,,5541.410932052,,,,5.3700001275725935,-2.21800031822784
wheel_odom,,,,,,5541.4302035,0.0,0.0,0.0,,
pose,,,-2.4587572271641654e-11,,,5541.430745745,,,,5.3700001276617195,-2.218000318228327
diagnostics,0.0,"[0.0,0.0,0.0,0.0]",,0.0,"[0.0,0.0,0.0,0.0]",5541.45060603,,,,,
pose,,,-1.6390896645356424e-10,,,5541.452197435,,,,5.370000129363974,-2.2180003182318426
wheel_odom,,,,,,5541.470903463,0.0,0.0,0.0,,
pose,,,-2.1110329441398428e-10,,,5541.471522611,,,,5.3700001311363605,-2.218000318235923
wheel_odom,,,,,,5541.490367331,0.0,0.0,0.0,,
diagnostics,0.0,"[0.0,0.0,0.0,0.0]",,0.0,"[0.0,0.0,0.0,0.0]",5541.490784316,,,,,
pose,,,-1.8331609724042336e-10,,,5541.490954121,,,,5.3700001327517075,-2.2180003182394854
wheel_odom,,,,,,5541.510198886,0.0,0.0,0.0,,
pose,,,-1.3559164962622299e-10,,,5541.510586329,,,,5.370000134070246,-2.2180003182421473
pose,,,0.0,,,5541.530076239,,,,5.370000134070246,-2.2180003182421473
wheel_odom,,,,,,5541.550193285,0.0,0.0,0.0,,
diagnostics,0.0,"[0.0,0.0,0.0,0.0]",,0.0,"[0.0,0.0,0.0,0.0]",5541.550600638,,,,,
pose,,,-1.3038468575904606e-10,,,5541.550773539,,,,5.370000135367913,-2.218000318244846
wheel_odom,,,,,,5541.571203048,0.0,0.0,0.0012217304763960308,,
pose,,,-9.704255583671834e-11,,,5541.571720219,,,,5.370000136426396,-2.2180003182468786
wheel_odom,,,,,,5541.591271485,0.0,0.0,0.0,,
diagnostics,0.0,"[0.0,0.0,0.0,0.0]",,0.0,"[0.0,0.0,0.0,0.0]",5541.591954596,,,,,
pose,,,-9.863872075348676e-11,,,5541.592457993,,,,5.370000137468975,-2.218000318248924
wheel_odom,,,,,,5541.610347513,0.0,0.0,-0.0008726646259971648,,
pose,,,-8.507849556962858e-11,,,5541.610944226,,,,5.37000013831873,-2.218000318250497
cmd,,,,,,5541.617357191,-0.052074577659368515,0.11000000000000001,0.00490101333707571,,
wheel_odom,,,,,,5541.63049871,0.0,0.0,0.0,,
pose,,,-1.534716674794995e-11,,,5541.630969013,,,,5.370000138411283,-2.2180003182508043
diagnostics,0.0,"[0.0,0.0,0.0,0.0]",,0.0,"[0.0,0.0,0.0,0.0]",5541.650622969,,,,,
pose,,,-6.228241708916302e-11,,,5541.651585287,,,,5.370000139156567,-2.218000318252088
cmd,,,,,,5541.667577717,0.012925422340631487,0.22000000000000003,0.006221679504960775,,
wheel_odom,,,,,,5541.670844913,0.0,-0.001,0.00034906585039886593,,
pose,,,-0.0004873220228229989,,,5541.671432585,,,,5.370000123184995,-2.218009991260913
wheel_odom,,,,,,5541.690911235,0.002,0.0,-0.00034906585039886593,,
diagnostics,8.0,"[8.0,0.0,0.0,-5.0]",,0.0,"[0.0,0.0,0.0,0.0]",5541.691553684,,,,,
pose,,,-6.088712227920981e-05,,,5541.692147728,,,,5.370024316296614,-2.218011252489976
wheel_odom,,,,,,5541.710386968,0.0,0.0,0.0,,
pose,,,3.602739618517277e-05,,,5541.710780058,,,,5.370027104954716,-2.2180105811102253
cmd,,,,,,5541.71732457,-0.052074577659368515,0.33000000000000007,0.005040341522544622,,
wheel_odom,,,,,,5541.730345265,0.0,0.0,0.0,,
pose,,,-9.404590675680466e-05,,,5541.730724159,,,,5.370035584113185,-2.2180124567490935
diagnostics,2.0,"[0.0,2.0,0.0,0.0]",,0.0,"[0.0,0.0,0.0,0.0]",5541.750955189,,,,,
pose,,,9.14261754655561e-05,,,5541.751955621,,,,5.370032222578234,-2.2180105159839543
cmd,,,,,,5541.76748652,-0.16207457765936853,0.3549562990665436,0.009461349807679653,,
wheel_odom,,,,,,5541.771107146,0.0,0.0,0.0,,
pose,,,3.018150011869654e-05,,,5541.771918217,,,,5.370033423533121,-2.2180099134196003
wheel_odom,,,,,,5541.790322086,0.0,0.0,0.0,,
diagnostics,0.0,"[0.0,0.0,0.0,0.0]",,0.0,"[0.0,0.0,0.0,0.0]",5541.790733596,,,,,
pose,,,5.994861714370133e-05,,,5541.791268515,,,,5.370031285248386,-2.2180087532194452
wheel_odom,,,,,,5541.811026923,-0.001,0.001,0.0020943951023931952,,
pose,,,0.00054843342827279,,,5541.811677849,,,,5.3700174524350475,-2.2179975605410522
cmd,,,,,,5541.817217642,-0.27207457765936854,0.34613776206970215,0.012247588485479355,,
wheel_odom,,,,,,5541.830222257,0.0,0.0,0.0,,
pose,,,8.156200166250858e-05,,,5541.830510031,,,,5.370015108499684,-2.2179960244324093
diagnostics,0.0,"[0.0,0.0,0.0,0.0]",,0.0,"[0.0,0.0,0.0,0.0]",5541.850043691,,,,,
pose,,,-3.336617445995083e-05,,,5541.850612826,,,,5.370013709464712,-2.217996695086243
cmd,,,,,,5541.867454972,-0.3820745776593686,0.45613776206970214,0.005764847155660391,,
wheel_odom,,,,,,5541.870458113,-0.001,0.001,-0.0017453292519943296,,
pose,,,0.0005759873481319711,,,5541.871058342,,,,5.369996872161095,-2.2179849191510517
wheel_odom,,,,,,5541.890266184,0.001,0.0,-0.00034906585039886593,,
diagnostics,3.0,"[2.0,-3.0,0.0,0.0]",,0.0,"[0.0,0.0,0.0,0.0]",5541.890679794,,,,,
pose,,,-7.666811412196952e-06,,,5541.890839597,,,,5.370005674967315,-2.2179850708255215
wheel_odom,,,,,,5541.910614838,0.001,-0.001,0.00034906585039886593,,
pose,,,-0.00043225136722055266,,,5541.911583557,,,,5.370017250505168,-2.217994035436185
cmd,,,,,,5541.917507094,-0.4920745776593686,0.4401942789554596,0.006924840621650219,,
wheel_odom,,,,,,5541.930879366,0.0,0.0,0.0,,
pose,,,-9.988382916763195e-06,,,5541.931401227,,,,5.3700200047849025,-2.217994233419199
pose,,,0.0,,,5541.950030977,,,,5.3700200047849025,-2.217994233419199
cmd,,,,,,5541.96729823,-0.6020745776593686,0.42620849609375,0.00925303716212511,,
diagnostics,0.0,"[0.0,0.0,0.0,0.0]",,0.0,"[0.0,0.0,0.0,0.0]",5541.970007917,,,,,
pose,,,-4.618270100091301e-05,,,5541.970357401,,,,5.370018168645765,-2.2179951721815203
wheel_odom,,,,,,5541.991169712,0.0,0.0,0.0012217304763960308,,
pose,,,-5.483658622498962e-05,,,5541.991646087,,,,5.370020268208996,-2.2179963395318554
wheel_odom,,,,,,5542.010097593,-0.003,0.003,-0.006283185307179586,,
diagnostics,23.0,"[4.0,0.0,23.0,0.0]",,75.0,"[-75.0,-5.0,75.0,5.0]",5542.010426663,,,,,
pose,,,0.0014974656141279311,,,5542.010527409,,,,5.369983920885513,-2.2179680637571932
cmd,,,,,,5542.017226796,-0.7120745776593685,0.5106964111328125,0.01878388412296772,,
wheel_odom,,,,,,5542.030130152,-0.055,0.055,-0.025132741228718343,,
pose,,,0.02789224966311723,,,5542.030568776,,,,5.3693068273765,-2.2174091256387674
wheel_odom,,,,,,5542.051149658,-0.022,0.019,-0.020594885173533087,,
pose,,,0.008330121672123787,,,5542.051806807,,,,5.368969333103737,-2.217232228765997
cmd,,,,,,5542.067576827,-0.8220745776593685,0.4057776629924774,0.02945762500166893,,
diagnostics,110.0,"[-51.0,-3.0,110.0,4.0]",,386.0,"[-386.0,-42.0,386.0,42.0]",5542.070037413,,,,,
pose,,,0.0,,,5542.070640798,,,,5.368969333103737,-2.217232228765997
wheel_odom,,,,,,5542.091226697,-0.041,0.039,-0.018500490071139894,,
pose,,,0.02912839124816748,,,5542.091868315,,,,5.368146018068961,-2.2166139172882486
wheel_odom,,,,,,5542.110904881,-0.076,0.047,-0.04904375198104066,,
diagnostics,238.0,"[-134.0,-40.0,238.0,85.0]",,757.0,"[-757.0,-109.0,757.0,109.0]",5542.111612686,,,,,
pose,,,0.03384634676716938,,,5542.111915641,,,,5.367048729797309,-2.2159353787929246
cmd,,,,,,5542.117414635,-0.9320745776593685,0.5157776629924774,0.028447698801755905,,
wheel_odom,,,,,,5542.130712098,-0.104,0.056,-0.08918632477691024,,
pose,,,0.05497653498496322,,,5542.131381631,,,,5.365103489109436,-2.2148654346501453
wheel_odom,,,,,,5542.150277638,-0.128,0.077,-0.02181661564992912,,
pose,,,0.06497912094055461,,,5542.150666527,,,,5.363149497311883,-2.2136118683004504
cmd,,,,,,5542.167330244,-1.0420745776593685,0.5561566352844238,0.0312914177775383,,
diagnostics,454.0,"[-356.0,-111.0,454.0,71.0]",,1053.0,"[-1053.0,-209.0,1053.0,209.0]",5542.169853599,,,,,
pose,,,0.0,,,5542.17028014,,,,5.363149497311883,-2.2136118683004504
wheel_odom,,,,,,5542.190754437,-0.17,0.128,-0.09634217471008698,,
pose,,,0.11020248415673886,,,5542.191315609,,,,5.359653864164213,-2.2112938067638623
wheel_odom,,,,,,5542.210819079,-0.217,0.151,-0.0942477796076938,,
diagnostics,784.0,"[-526.0,-78.0,784.0,150.0]",,1421.0,"[-1421.0,-354.0,1421.0,354.0]",5542.211522369,,,,,
pose,,,0.1172512669206948,,,5542.211816038,,,,5.35618055840991,-2.2088902860581445
cmd,,,,,,5542.217399567,-1.1520745776593686,0.5984545350074768,0.030647501349449158,,
wheel_odom,,,,,,5542.23057335,-0.28,0.183,-0.0778416846389471,,
pose,,,0.19935531870639225,,,5542.23097409,,,,5.35019344796598,-2.2050702661546846
wheel_odom,,,,,,5542.250472009,-0.323,0.202,-0.08621926504851989,,
pose,,,0.16785192137996574,,,5542.250870704,,,,5.34490333384915,-2.2017307163867037
cmd,,,,,,5542.267424261,-1.2620745776593687,0.6088431477546692,0.03049825318157673,,
diagnostics,1067.0,"[-796.0,-231.0,1067.0,194.0]",,1708.0,"[-1708.0,-455.0,1708.0,455.0]",5542.26981472,,,,,
pose,,,0.0,,,5542.270218765,,,,5.34490333384915,-2.2017307163867037
wheel_odom,,,,,,5542.290671411,-0.423,0.284,-0.10681415022205297,,
pose,,,0.280518691323504,,,5542.290996887,,,,5.335681597637924,-2.1959017189156045
wheel_odom,,,,,,5542.310614931,-0.451,0.267,-0.12531464029319286,,
diagnostics,1406.0,"[-1120.0,-377.0,1406.0,207.0]",,2089.0,"[-2089.0,-600.0,2089.0,600.0]",5542.311207022,,,,,
pose,,,0.21942265306201014,,,5542.311653186,,,,5.328237800123033,-2.1913697935001637
cmd,,,,,,5542.317415697,-1.3720745776593688,0.6197630763053894,0.029301386326551437,,
wheel_odom,,,,,,5542.330420193,-0.547,0.338,-0.1202531854624093,,
pose,,,0.37386926519169916,,,5542.330982212,,,,5.315754681284611,-2.1841425633737264
wheel_odom,,,,,,5542.35022356,-0.569,0.343,-0.027227136331111543,,
pose,,,0.28338766418605654,,,5542.35064329,,,,5.306256770974848,-2.178570842234593
cmd,,,,,,5542.367450874,-1.482074577659369,0.5974295735359192,0.021651113405823708,,
diagnostics,1640.0,"[-1344.0,-436.0,1640.0,261.0]",,2383.0,"[-2383.0,-729.0,2383.0,729.0]",5542.369761183,,,,,
pose,,,0.0,,,5542.370170584,,,,5.306256770974848,-2.178570842234593
wheel_odom,,,,,,5542.390387566,-0.681,0.409,-0.0582939970166106,,
pose,,,0.42034236221473414,,,5542.390898266,,,,5.29047651658681,-2.169858168599527
diagnostics,1941.0,"[-1752.0,-624.0,1941.0,366.0]",,2758.0,"[-2758.0,-928.0,2758.0,928.0]",5542.413452102,,,,,
wheel_odom,,,,,,5542.413848192,-0.69,0.389,-0.005061454830783556,,
pose,,,0.27562723789681587,,,5542.414069077,,,,5.278684604733786,-2.1634719417254638
cmd,,,,,,5542.41738897,-1.592074577659369,0.628261387348175,0.01635359413921833,,
wheel_odom,,,,,,5542.430274114,-0.785,0.459,-0.03735004599267865,,
pose,,,0.6015936214099397,,,5542.430683499,,,,5.259731801015451,-2.153475867526197
wheel_odom,,,,,,5542.450089182,-0.885,0.488,-0.10175269539126941,,
pose,,,0.38646980541076564,,,5542.450375094,,,,5.244932542347073,-2.1458649298240733
cmd,,,,,,5542.467565055,-1.702074577659369,0.6037122011184692,0.019843222573399544,,
diagnostics,2655.0,"[-2001.0,-844.0,2655.0,475.0]",,3052.0,"[-3052.0,-1127.0,3052.0,1127.0]",5542.470007466,,,,,
pose,,,0.0,,,5542.470715972,,,,5.244932542347073,-2.1458649298240733
wheel_odom,,,,,,5542.490904524,-0.973,0.5,-0.07504915783575616,,
pose,,,0.5261589614203155,,,5542.491507837,,,,5.221737908762748,-2.134924314491283
wheel_odom,,,,,,5542.51013193,-1.013,0.538,-0.07452555906015787,,
diagnostics,2871.0,"[-2369.0,-969.0,2871.0,600.0]",,3416.0,"[-3416.0,-1397.0,3416.0,1397.0]",5542.510410961,,,,,
pose,,,0.5846534954397785,,,5542.510502846,,,,5.197132590678979,-2.123817370235676
cmd,,,,,,5542.517283117,-1.8120745776593692,0.6035682559013367,0.021886970847845078,,
wheel_odom,,,,,,5542.530205948,-1.11,0.569,-0.05061454830783556,,
pose,,,0.3893094329522202,,,5542.530499313,,,,5.1788931785718235,-2.1160326866467463
wheel_odom,,,,,,5542.550414591,-1.217,0.593,-0.06824237375297829,,
pose,,,0.5757835253697874,,,5542.550815916,,,,5.149818260667889,-2.104335294252653
cmd,,,,,,5542.567261695,-1.9220745776593693,0.5708121657371521,0.024230413138866425,,
diagnostics,3367.0,"[-2731.0,-1269.0,3367.0,801.0]",,3834.0,"[-3792.0,-1746.0,3834.0,1788.0]",5542.569720381,,,,,
pose,,,0.0,,,5542.570146004,,,,5.149818260667889,-2.104335294252653
wheel_odom,,,,,,5542.590461948,-1.252,0.588,-0.09599310885968812,,
pose,,,0.36350428145394975,,,5542.590761911,,,,5.129119413412365,-2.096841276536593
wheel_odom,,,,,,5542.610188813,-1.357,0.603,-0.09634217471008698,,
diagnostics,3708.0,"[-2953.0,-1522.0,3708.0,1063.0]",,4057.0,"[-3974.0,-1935.0,4057.0,2018.0]",5542.610504022,,,,,
pose,,,0.5606860536128647,,,5542.610719042,,,,5.096156861982278,-2.0856513700435944
cmd,,,,,,5542.617201195,-2.0320745776593694,0.5274776816368103,0.022552847862243652,,
wheel_odom,,,,,,5542.63022013,-1.405,0.615,-0.04642575810304917,,
pose,,,0.3543992837650136,,,5542.630544343,,,,5.0724255782305665,-2.078625438265459
wheel_odom,,,,,,5542.650141628,-1.46,0.608,0.0,,
pose,,,0.5177524992834999,,,5542.650396623,,,,5.036083934641716,-2.0683465714178437
cmd,,,,,,5542.66968828,-2.1420745776593693,0.4174776816368103,0.01979704760015011,,
diagnostics,3716.0,"[-3242.0,-1706.0,3716.0,1236.0]",,4285.0,"[-4130.0,-2203.0,4285.0,2358.0]",5542.670437917,,,,,
pose,,,0.0,,,5542.671260225,,,,5.036083934641716,-2.0683465714178437
wheel_odom,,,,,,5542.690438173,-1.509,0.539,0.09512044423369097,,
pose,,,0.28348039852413637,,,5542.690732083,,,,5.010443740901384,-2.062825533823467
wheel_odom,,,,,,5542.710342622,-1.541,0.5,0.13700834628155487,,
diagnostics,3517.0,"[-3313.0,-2030.0,3517.0,1487.0]",,4370.0,"[-4167.0,-2317.0,4370.0,2520.0]",5542.710622656,,,,,
pose,,,0.4159910081077157,,,5542.710712765,,,,4.9708671421208805,-2.05451335791202
cmd,,,,,,5542.717286778,-2.2358639240264893,0.40456879138946533,0.011649573221802711,,
wheel_odom,,,,,,5542.730619739,-1.626,0.446,0.13997540600994524,,
pose,,,0.18886989934086834,,,5542.731353516,,,,4.943405329341243,-2.050616676118223
wheel_odom,,,,,,5542.750919985,-1.656,0.415,0.11972958668681101,,
diagnostics,3618.0,"[-3340.0,-2332.0,3618.0,1849.0]",,4443.0,"[-4199.0,-2629.0,4443.0,2873.0]",5542.751529368,,,,,
pose,,,0.3083257851411847,,,5542.751774184,,,,4.900975762861744,-2.0443187235998974
cmd,,,,,,5542.767387766,-2.2595338821411133,0.40921857953071594,-0.0018529625376686454,,
pose,,,0.0,,,5542.770340888,,,,4.900975762861744,-2.0443187235998974
wheel_odom,,,,,,5542.79032222,-1.728,0.39,-0.055326937288220246,,
pose,,,0.25243730101727335,,,5542.790593599,,,,4.8577476433131865,-2.0392055989995317
wheel_odom,,,,,,5542.811345957,-1.809,0.384,-0.1244419756671957,,
diagnostics,3942.0,"[-3428.0,-2505.0,3942.0,2347.0]",,4558.0,"[-4266.0,-2879.0,4558.0,3170.0]",5542.812033341,,,,,
pose,,,0.13419342399613363,,,5542.812257535,,,,4.8281355263069115,-2.036298967557042
cmd,,,,,,5542.81737525,-2.1945338821411133,0.5192185795307159,-0.005805181339383125,,
wheel_odom,,,,,,5542.830684851,-1.825,0.394,-0.13072516097437528,,
pose,,,0.26569356106286374,,,5542.831256722,,,,4.782056925645812,-2.0312506094909533
wheel_odom,,,,,,5542.850688944,-1.896,0.414,-0.14748032179352083,,
diagnostics,4114.0,"[-3686.0,-2501.0,4114.0,2521.0]",,4648.0,"[-4362.0,-2981.0,4648.0,3267.0]",5542.851130655,,,,,
pose,,,0.19318187190528713,,,5542.851559776,,,,4.75068693474439,-2.0273283575819265
cmd,,,,,,5542.867430345,-2.1295338821411134,0.6292185795307159,-0.004571640398353338,,
wheel_odom,,,,,,5542.870597778,-1.906,0.431,-0.27192229746071656,,
pose,,,0.269758817748056,,,5542.870857373,,,,4.694629617972651,-2.022122060146827
pose,,,0.04421518856746388,,,5542.890889853,,,,4.701806641832576,-2.0212364368173716
wheel_odom,,,,,,5542.91117861,-1.93,0.478,-0.3563962332572421,,
diagnostics,4442.0,"[-3790.0,-2371.0,4442.0,2584.0]",,4673.0,"[-4412.0,-2848.0,4673.0,3110.0]",5542.911878895,,,,,
pose,,,0.2435721567440973,,,5542.912353128,,,,4.669151518000023,-2.0160090680226905
cmd,,,,,,5542.918206764,-2.0645338821411134,0.6886998414993286,-0.012406930327415466,,
wheel_odom,,,,,,5542.930807759,-1.946,0.533,-0.33335788713091696,,
pose,,,0.40541189359453783,,,5542.931876122,,,,4.618248630941849,-2.008094659198861
wheel_odom,,,,,,5542.950214991,-1.914,0.559,-0.2399827721492203,,
diagnostics,4321.0,"[-4012.0,-2191.0,4321.0,2398.0]",,4750.0,"[-4524.0,-2495.0,4750.0,2721.0]",5542.950640264,,,,,
pose,,,0.35558391683067564,,,5542.950804595,,,,4.585081077866201,-2.0013624774419942
cmd,,,,,,5542.967299205,-1.9995338821411135,0.6316823363304138,-0.01802760735154152,,
wheel_odom,,,,,,5542.970241595,-1.911,0.576,-0.1244419756671957,,
pose,,,0.4525442766864092,,,5542.970455211,,,,4.527034139753663,-1.9924690040043544
pose,,,0.031716104648830006,,,5542.991062773,,,,4.53374382172205,-1.9918155759079152
wheel_odom,,,,,,5543.010460547,-1.914,0.567,-0.07871434926494426,,
diagnostics,4251.0,"[-4251.0,-2166.0,4204.0,2387.0]",,4742.0,"[-4555.0,-2228.0,4742.0,2416.0]",5543.01077012,,,,,
pose,,,0.36299632660933934,,,5543.01105131,,,,4.5001256905875335,-1.984558176193184
cmd,,,,,,5543.017275993,-1.9345338821411135,0.5276001691818237,-0.020050199702382088,,
wheel_odom,,,,,,5543.030245717,-1.9,0.557,-0.10227629416686772,,
pose,,,0.5284642373108646,,,5543.030645132,,,,4.447439710633175,-1.9742035483357285
wheel_odom,,,,,,5543.050246807,-1.91,0.537,-0.14782938764391973,,
diagnostics,4206.0,"[-4069.0,-2223.0,4206.0,2421.0]",,4529.0,"[-4356.0,-2222.0,4529.0,2395.0]",5543.050606328,,,,,
pose,,,0.35210582029285786,,,5543.050872296,,,,4.413315635539259,-1.9670815355981819
cmd,,,,,,5543.067425988,-1.8695338821411136,0.41760016918182374,-0.022886980324983597,,
wheel_odom,,,,,,5543.071618424,-1.877,0.489,-0.13159782560037245,,
pose,,,0.47229358727813103,,,5543.071840521,,,,4.355833749902695,-1.9571801692760362
pose,,,0.014549125364152099,,,5543.09071712,,,,4.360342286253233,-1.9569054769879397
wheel_odom,,,,,,5543.110134572,-1.883,0.499,-0.11938052083641214,,
diagnostics,4093.0,"[-3995.0,-2254.0,4093.0,2421.0]",,4237.0,"[-4078.0,-2295.0,4237.0,2454.0]",5543.110464906,,,,,
pose,,,0.373186831343447,,,5543.110598639,,,,4.32518353475662,-1.9494855663031492
cmd,,,,,,5543.117270291,-1.8475886583328247,0.30760016918182376,-0.022613346576690674,,
wheel_odom,,,,,,5543.130139533,-1.874,0.453,-0.053581608036225914,,
pose,,,0.5043388174697658,,,5543.130532292,,,,4.2720621620096,-1.939433015898889
wheel_odom,,,,,,5543.150708347,-1.88,0.455,-0.08709192967451705,,
diagnostics,3957.0,"[-3886.0,-2348.0,3957.0,2490.0]",,3934.0,"[-3790.0,-2379.0,3934.0,2522.0]",5543.151430516,,,,,
pose,,,0.32876226927645463,,,5543.151728027,,,,4.236644371861467,-1.9324660930084636
cmd,,,,,,5543.16763637,-1.8734675645828247,0.20091813802719116,-0.02121138572692871,,
wheel_odom,,,,,,5543.171128842,-1.859,0.387,-0.0778416846389471,,
pose,,,0.4531999206343817,,,5543.171815682,,,,4.179955805105502,-1.9233620407868657
pose,,,0.013652932538752048,,,5543.190331375,,,,4.183396975102282,-1.9231092188676824
wheel_odom,,,,,,5543.210787993,-1.835,0.371,-0.130201562198777,,
diagnostics,3756.0,"[-3677.0,-2365.0,3756.0,2609.0]",,3704.0,"[-3574.0,-2534.0,3704.0,2665.0]",5543.211607241,,,,,
pose,,,0.28629182521640045,,,5543.211965216,,,,4.14827273471675,-1.9169166018649806
cmd,,,,,,5543.217494571,-1.9370514154434204,0.1568099409341812,-0.018783779814839363,,
wheel_odom,,,,,,5543.230947758,-1.872,0.349,-0.12985249634837812,,
pose,,,0.4466066383223052,,,5543.231689456,,,,4.09492918108555,-1.9081072868172289
wheel_odom,,,,,,5543.250768512,-1.898,0.324,-0.1244419756671957,,
diagnostics,3772.0,"[-3757.0,-2524.0,3772.0,2814.0]",,3561.0,"[-3440.0,-2762.0,3561.0,2882.0]",5543.251447664,,,,,
pose,,,0.2826202568711407,,,5543.252094098,,,,4.058838935727729,-1.9023403778001209
cmd,,,,,,5543.267571451,-2.022439956665039,0.1286657154560089,-0.016460228711366653,,
wheel_odom,,,,,,5543.270657705,-1.921,0.296,-0.1361356816555577,,
pose,,,0.390260230247405,,,5543.270996072,,,,4.001627713814729,-1.8949620000285607
pose,,,0.04022143320422232,,,5543.290416478,,,,4.004477645149822,-1.8941809853064904
wheel_odom,,,,,,5543.310271336,-1.925,0.294,-0.1265363707695889,,
diagnostics,3746.0,"[-3746.0,-2577.0,3712.0,2887.0]",,3591.0,"[-3478.0,-2948.0,3591.0,3061.0]",5543.310667856,,,,,
pose,,,0.275624493349339,,,5543.310823063,,,,3.967764467968343,-1.888555838062139
cmd,,,,,,5543.317252623,-2.1162891387939453,0.12790018320083618,-0.013454615138471127,,
wheel_odom,,,,,,5543.330402687,-1.911,0.296,-0.07661995416255106,,
pose,,,0.4060491754676543,,,5543.330884694,,,,3.9130245266215624,-1.8804102946685282
wheel_odom,,,,,,5543.350961422,-1.947,0.262,-0.10297442586766545,,
diagnostics,3756.0,"[-3696.0,-2733.0,3756.0,2892.0]",,3685.0,"[-3576.0,-3140.0,3685.0,3250.0]",5543.351611419,,,,,
pose,,,0.2464669629330979,,,5543.35207407,,,,3.8759423923982372,-1.8751881694175492
cmd,,,,,,5543.367752495,-2.1855504512786865,0.11267941445112228,-0.011948010884225368,,
wheel_odom,,,,,,5543.371415831,-1.947,0.247,-0.08203047484373349,,
pose,,,0.2983981872468472,,,5543.372553154,,,,3.8177643407974626,-1.8690781493365527
pose,,,0.0,,,5543.390320476,,,,3.8177643407974626,-1.8690781493365527
pose,,,0.0685152961686949,,,5543.410359821,,,,3.819608418320693,-1.8677050705990865
cmd,,,,,,5543.417259941,-2.236849308013916,0.12284910678863525,-0.010053054429590702,,
wheel_odom,,,,,,5543.430904808,-1.988,0.262,-0.0783652834145454,,
diagnostics,3811.0,"[-3811.0,-2819.0,3791.0,3011.0]",,3837.0,"[-3728.0,-3296.0,3837.0,3405.0]",5543.431711492,,,,,
pose,,,0.2336338752376687,,,5543.432054589,,,,3.7819272597772113,-1.862637408627635
wheel_odom,,,,,,5543.450965714,-1.994,0.252,-0.11606439525762292,,
pose,,,0.35588766325436816,,,5543.451622439,,,,3.7246834420720254,-1.8556725856298892
cmd,,,,,,5543.467289638,-2.302288770675659,0.1070656031370163,-0.00964796356856823,,
wheel_odom,,,,,,5543.47031245,-2.012,0.243,-0.09337511498169662,,
diagnostics,3783.0,"[-3773.0,-2936.0,3783.0,3124.0]",,3935.0,"[-3826.0,-3444.0,3935.0,3554.0]",5543.470574232,,,,,
pose,,,0.2269965515857021,,,5543.471290066,,,,3.6866916418670925,-1.8512078928321911
wheel_odom,,,,,,5543.491655912,-2.028,0.202,-0.05619960191421741,,
pose,,,0.23197293285803555,,,5543.492349467,,,,3.626466596023383,-1.8463232759007149
pose,,,0.045908190667026005,,,5543.512333274,,,,3.628829876886862,-1.8454062709019237
cmd,,,,,,5543.517794466,-2.3348960876464844,0.11592482775449753,-0.008805876597762108,,
wheel_odom,,,,,,5543.530873196,-2.062,0.191,-0.10349802464326374,,
diagnostics,3888.0,"[-3813.0,-3054.0,3888.0,3237.0]",,4037.0,"[-3930.0,-3515.0,4037.0,3621.0]",5543.531472735,,,,,
pose,,,0.26025855521763924,,,5543.531974822,,,,3.5713154695471285,-1.8402915638496224
wheel_odom,,,,,,5543.55020106,-2.106,0.204,-0.11065387457644049,,
pose,,,0.1841238834331734,,,5543.550653713,,,,3.5320724700230524,-1.8368519279072475
cmd,,,,,,5543.567367737,-2.3407678604125977,0.11525306105613708,-0.008703960105776787,,
wheel_odom,,,,,,5543.570125019,-2.124,0.19,-0.11519173063162574,,
diagnostics,3988.0,"[-3880.0,-3190.0,3988.0,3333.0]",,4118.0,"[-4014.0,-3653.0,4118.0,3757.0]",5543.570492605,,,,,
pose,,,0.2243172556080274,,,5543.570653531,,,,3.473149100120388,-1.8323655338939364
wheel_odom,,,,,,5543.591264342,-2.141,0.177,-0.07539822368615504,,
pose,,,0.10245920202428568,,,5543.591718117,,,,3.430693303820717,-1.830207341049358
pose,,,0.030183659056230945,,,5543.611403261,,,,3.4333052376865445,-1.82961332911421
cmd,,,,,,5543.617455886,-2.331112861633301,0.11498493701219559,-0.008624347858130932,,
wheel_odom,,,,,,5543.630722306,-2.168,0.176,-0.05201081170943102,,
diagnostics,3938.0,"[-3914.0,-3315.0,3938.0,3402.0]",,4185.0,"[-4089.0,-3697.0,4185.0,3794.0]",5543.631332999,,,,,
pose,,,0.1867269189241711,,,5543.631898158,,,,3.3731581504267085,-1.82578582799214
wheel_odom,,,,,,5543.650949017,-2.174,0.163,-0.06702064327658225,,
pose,,,0.11244397901373437,,,5543.65191932,,,,3.3326558870111938,-1.8235346479204897
cmd,,,,,,5543.66741947,-2.317399263381958,0.11090809851884842,-0.008477824740111828,,
wheel_odom,,,,,,5543.670417631,-2.181,0.168,-0.09965830028887622,,
diagnostics,4045.0,"[-3958.0,-3324.0,4045.0,3427.0]",,4193.0,"[-4098.0,-3710.0,4193.0,3804.0]",5543.670790853,,,,,
pose,,,0.16398035738003236,,,5543.671149698,,,,3.2717211504597827,-1.8203806692402689
wheel_odom,,,,,,5543.69068583,-2.18,0.174,-0.05061454830783556,,
pose,,,0.092566350386306,,,5543.691107903,,,,3.228268695415822,-1.8185332575114819
wheel_odom,,,,,,5543.710513918,-2.198,0.16,-0.026354471705114377,,
pose,,,0.14428707961328938,,,5543.710920291,,,,3.1656936569972536,-1.815674524584847
cmd,,,,,,5543.717400575,-2.3018150329589844,0.09941927343606949,-0.008297989144921303,,
diagnostics,3979.0,"[-3979.0,-3378.0,3946.0,3459.0]",,4174.0,"[-4084.0,-3695.0,4174.0,3785.0]",5543.730264556,,,,,
pose,,,0.001024473947237454,,,5543.730682201,,,,3.16951702560797,-1.8156542772208546
wheel_odom,,,,,,5543.750444005,-2.198,0.155,-0.04310963252425994,,
pose,,,0.08367852335856565,,,5543.750816021,,,,3.127472608314249,-1.8139695123244743
cmd,,,,,,5543.76746826,-2.321650266647339,0.0569104366004467,-0.010063345544040203,,
wheel_odom,,,,,,5543.770337888,-2.202,0.157,-0.05742133239061344,,
diagnostics,4047.0,"[-3995.0,-3434.0,4047.0,3465.0]",,4142.0,"[-4054.0,-3679.0,4142.0,3768.0]",5543.770766259,,,,,
pose,,,0.11070002078054744,,,5543.77112249,,,,3.0656828409711885,-1.8117218919804936
wheel_odom,,,,,,5543.792331998,-2.212,0.143,-0.029670597283903602,,
pose,,,0.08715424207106877,,,5543.793452119,,,,3.0036809863345924,-1.8097762354928701
wheel_odom,,,,,,5543.810230742,-2.216,0.14,-0.015009831567151233,,
pose,,,0.06754885454805112,,,5543.81050022,,,,2.9594922519188662,-1.8086241067610422
cmd,,,,,,5543.817257012,-2.256650266647339,0.05953207239508629,-0.012759394012391567,,
diagnostics,3947.0,"[-3947.0,-3478.0,3923.0,3570.0]",,4096.0,"[-4009.0,-3675.0,4096.0,3762.0]",5543.830088706,,,,,
pose,,,-0.005745232821083112,,,5543.830460579,,,,2.9631127332964255,-1.8087387773107184
wheel_odom,,,,,,5543.850833932,-2.243,0.113,-0.05445427266222309,,
pose,,,0.060028931146444156,,,5543.851768087,,,,2.9002319919545383,-1.8074599265442957
cmd,,,,,,5543.867582462,-2.206249237060547,0.05888095498085022,-0.014275557361543179,,
wheel_odom,,,,,,5543.870218035,-2.243,0.091,-0.06492624817418906,,
diagnostics,3998.0,"[-3970.0,-3558.0,3998.0,3710.0]",,4059.0,"[-3972.0,-3780.0,4059.0,3866.0]",5543.870626621,,,,,
pose,,,0.013277456354826309,,,5543.870796792,,,,2.8589943454244553,-1.807207238691681
wheel_odom,,,,,,5543.890861392,-2.22,0.104,-0.0778416846389471,,
pose,,,0.03906152837527136,,,5543.89129957,,,,2.7957859528360296,-1.8064063783780706
wheel_odom,,,,,,5543.911521995,-2.224,0.109,-0.06161012259539983,,
pose,,,0.025207600315344816,,,5543.912201826,,,,2.751364158071003,-1.8058795867453208
cmd,,,,,,5543.917346999,-2.2150468826293945,0.09957589209079742,-0.01514026802033186,,
diagnostics,3912.0,"[-3912.0,-3524.0,3885.0,3626.0]",,3953.0,"[-3869.0,-3666.0,3953.0,3750.0]",5543.930167104,,,,,
pose,,,-0.0005062516330765366,,,5543.930615203,,,,2.753462887056835,-1.805888911006868
wheel_odom,,,,,,5543.951086743,-2.199,0.085,-0.029670597283903602,,
pose,,,0.021113061410216294,,,5543.951851667,,,,2.6903826231953345,-1.8054406752870757
cmd,,,,,,5543.967803194,-2.2409305572509766,0.1670956015586853,-0.013281597755849361,,
wheel_odom,,,,,,5543.97099994,-2.18,0.074,-0.030543261909900768,,
diagnostics,3829.0,"[-3767.0,-3481.0,3829.0,3567.0]",,3864.0,"[-3782.0,-3583.0,3864.0,3665.0]",5543.971472052,,,,,
pose,,,0.0004988995114314827,,,5543.971872652,,,,2.648499184058043,-1.8054306840091576
wheel_odom,,,,,,5543.990805867,-2.178,0.103,-0.06998770300497262,,
pose,,,0.020388293640801206,,,5543.99130204,,,,2.5858750003696938,-1.8050345417064182
wheel_odom,,,,,,5544.010390843,-2.182,0.106,-0.04991641660703782,,
pose,,,0.02084766562676391,,,5544.010648443,,,,2.5422120253633187,-1.8046311811552653
cmd,,,,,,5544.017222726,-2.2423365116119385,0.21268504858016968,-0.011143408715724945,,
diagnostics,3886.0,"[-3886.0,-3447.0,3865.0,3567.0]",,3946.0,"[-3868.0,-3531.0,3946.0,3609.0]",5544.029908495,,,,,
pose,,,-0.007612178077223587,,,5544.030212779,,,,2.5439449619686436,-1.8047801079081291
wheel_odom,,,,,,5544.050896732,-2.19,0.122,-0.031415926535897934,,
pose,,,0.032033457232206866,,,5544.051676448,,,,2.4812097174652235,-1.80409273779482
cmd,,,,,,5544.06729936,-2.243709087371826,0.2840883731842041,-0.008837342262268066,,
wheel_odom,,,,,,5544.070455905,-2.196,0.138,0.018500490071139894,,
diagnostics,3976.0,"[-3976.0,-3449.0,3944.0,3542.0]",,4102.0,"[-4027.0,-3463.0,4102.0,3538.0]",5544.070953852,,,,,
pose,,,0.03273239677281109,,,5544.071136865,,,,2.4389911199547534,-1.8034556445383427
wheel_odom,,,,,,5544.090668518,-2.214,0.134,-0.04066617157146788,,
pose,,,0.03917395278117977,,,5544.091404066,,,,2.3757083354651325,-1.802661845731666
wheel_odom,,,,,,5544.110186752,-2.204,0.157,-0.05899212871740834,,
pose,,,0.0602589472611813,,,5544.110575306,,,,2.3316663272768072,-1.8015068272380206
cmd,,,,,,5544.117300593,-2.2689599990844727,0.31550630927085876,-0.009171530604362488,,
diagnostics,4019.0,"[-3989.0,-3416.0,4019.0,3496.0]",,4178.0,"[-4109.0,-3390.0,4178.0,3459.0]",5544.130158196,,,,,
pose,,,-0.013101941112019466,,,5544.130672124,,,,2.3330794530789944,-1.8017702215477827
wheel_odom,,,,,,5544.151149574,-2.205,0.21,-0.006283185307179586,,
pose,,,0.09580288087249161,,,5544.151909933,,,,2.2684604743454804,-1.7997357920941959
cmd,,,,,,5544.167693934,-2.2039599990844727,0.34821033477783203,-0.008850382640957832,,
wheel_odom,,,,,,5544.170800964,-2.212,0.215,-0.03595378259108319,,
diagnostics,4071.0,"[-4071.0,-3305.0,4028.0,3425.0]",,4301.0,"[-4233.0,-3275.0,4301.0,3342.0]",5544.171334469,,,,,
pose,,,0.08584830507702697,,,5544.171809096,,,,2.225607156285814,-1.7980273359634318
wheel_odom,,,,,,5544.190596941,-2.231,0.234,-0.02600540585471551,,
pose,,,0.14077858114988584,,,5544.191042304,,,,2.160411671675777,-1.7953194332070168
wheel_odom,,,,,,5544.21030464,-2.22,0.239,-0.0322885911618951,,
pose,,,0.13497776964822664,,,5544.210724398,,,,2.1159785968152107,-1.792662770779793
cmd,,,,,,5544.217346888,-2.170657157897949,0.3744310140609741,-0.00890645943582058,,
diagnostics,4219.0,"[-4219.0,-3301.0,4181.0,3396.0]",,4393.0,"[-4333.0,-3266.0,4393.0,3326.0]",5544.230481458,,,,,
pose,,,-0.017434845436246158,,,5544.231277195,,,,2.11727193611878,-1.7930210275455367
wheel_odom,,,,,,5544.25032416,-2.213,0.26,-0.017976891295541596,,
pose,,,0.18650262335769946,,,5544.250740278,,,,2.0521203625711406,-1.7893903390135475
cmd,,,,,,5544.267453673,-2.1056571578979493,0.41044872999191284,-0.008626017719507217,,
wheel_odom,,,,,,5544.270189644,-2.181,0.292,-0.026354471705114377,,
diagnostics,4215.0,"[-4215.0,-3104.0,4147.0,3249.0]",,4324.0,"[-4268.0,-3005.0,4324.0,3061.0]",5544.27057243,,,,,
pose,,,0.15401146995283715,,,5544.270754139,,,,2.009447781961249,-1.786307689786305
wheel_odom,,,,,,5544.290466798,-2.166,0.296,0.0012217304763960308,,
pose,,,0.2294467351761475,,,5544.290831978,,,,1.9450287637801165,-1.7817012549508189
wheel_odom,,,,,,5544.310937702,-2.185,0.308,0.0054105206811824215,,
pose,,,0.19548555972676598,,,5544.31172281,,,,1.901203563415803,-1.7776181793425838
cmd,,,,,,5544.317494921,-2.0406571578979493,0.44768422842025757,-0.008028553798794746,,
diagnostics,4228.0,"[-4228.0,-3144.0,4158.0,3172.0]",,4323.0,"[-4269.0,-3006.0,4323.0,3060.0]",5544.330205836,,,,,
pose,,,-0.019348997089140448,,,5544.330721828,,,,1.9014650717733115,-1.7779858547706222
wheel_odom,,,,,,5544.350342266,-2.142,0.329,0.020943951023931952,,
pose,,,0.29081671498090544,,,5544.350818258,,,,1.8377046033052595,-1.7721413583618346
cmd,,,,,,5544.367388243,-1.9756571578979494,0.4983779191970825,-0.008331513032317162,,
wheel_odom,,,,,,5544.370306097,-2.04,0.318,0.018500490071139894,,
diagnostics,4018.0,"[-4018.0,-2884.0,3986.0,2942.0]",,3933.0,"[-3879.0,-2572.0,3933.0,2626.0]",5544.370722131,,,,,
pose,,,0.2148893990925683,,,5544.370900393,,,,1.7960814089739232,-1.767826027668953
wheel_odom,,,,,,5544.391939296,-1.989,0.343,-0.018500490071139894,,
pose,,,0.30495633570572434,,,5544.392696922,,,,1.7350357612060565,-1.7611801480951634
wheel_odom,,,,,,5544.410216926,-1.971,0.369,-0.015009831567151233,,
pose,,,0.3030568619923341,,,5544.410491012,,,,1.69477273629495,-1.7557856671576688
cmd,,,,,,5544.417447077,-1.9106571578979494,0.550192654132843,-0.00777695095166564,,
diagnostics,3956.0,"[-3956.0,-2702.0,3952.0,2728.0]",,3808.0,"[-3753.0,-2393.0,3808.0,2448.0]",5544.429978621,,,,,
pose,,,-0.009077530474220384,,,5544.430468393,,,,1.6946127918157468,-1.7559669935158382
wheel_odom,,,,,,5544.451060548,-1.92,0.39,-0.012566370614359171,,
pose,,,0.3508092371860321,,,5544.451928059,,,,1.635542533971305,-1.7484396365640396
cmd,,,,,,5544.467656798,-1.8456571578979495,0.6247854828834534,-0.00835629366338253,,
wheel_odom,,,,,,5544.470472382,-1.9,0.409,0.012566370614359171,,
diagnostics,3871.0,"[-3843.0,-2430.0,3871.0,2509.0]",,3766.0,"[-3712.0,-2040.0,3766.0,2094.0]",5544.470844086,,,,,
pose,,,0.29270706943052865,,,5544.471185102,,,,1.5962183422542648,-1.7428016019755344
wheel_odom,,,,,,5544.491389723,-1.866,0.441,-0.016755160819145562,,
pose,,,0.4109296892159727,,,5544.492157465,,,,1.5386694513641928,-1.7341859338186076
wheel_odom,,,,,,5544.510306546,-1.858,0.451,-0.02129301687433082,,
pose,,,0.47408550256863063,,,5544.510739049,,,,1.4826448908962557,-1.725374900201499
cmd,,,,,,5544.517335942,-1.7806571578979495,0.6934022903442383,-0.007764772046357393,,
diagnostics,3934.0,"[-3863.0,-2409.0,3934.0,2383.0]",,3764.0,"[-3713.0,-2042.0,3764.0,2093.0]",5544.529914127,,,,,
pose,,,0.0,,,5544.530353591,,,,1.4826448908962557,-1.725374900201499
wheel_odom,,,,,,5544.553358265,-1.841,0.487,-0.03769911184307752,,
pose,,,0.2935412162236344,,,5544.554049993,,,,1.444127977113311,-1.7184200082046264
cmd,,,,,,5544.567587373,-1.7156571578979496,0.7566030025482178,-0.007889999076724052,,
wheel_odom,,,,,,5544.57024133,-1.811,0.479,-0.010471975511965976,,
diagnostics,3917.0,"[-3838.0,-2185.0,3917.0,2264.0]",,3775.0,"[-3729.0,-1832.0,3775.0,1878.0]",5544.570636919,,,,,
pose,,,0.5884341574891326,,,5544.570812711,,,,1.3889777134948962,-1.708554108107267
wheel_odom,,,,,,5544.590692801,-1.807,0.513,-0.026878070480712675,,
pose,,,0.38556051929118584,,,5544.590951316,,,,1.3509253026476133,-1.7007886204393121
wheel_odom,,,,,,5544.610868335,-1.832,0.557,-0.0825540736193318,,
pose,,,0.6348132555423893,,,5544.611314826,,,,1.2955480941076862,-1.6878631921866556
cmd,,,,,,5544.617408673,-1.6506571578979496,0.8152448534965515,-0.006423084065318108,,
diagnostics,3986.0,"[-3979.0,-2148.0,3986.0,2216.0]",,4068.0,"[-4028.0,-1820.0,4068.0,1860.0]",5544.630221695,,,,,
pose,,,-0.07063284187353791,,,5544.630746924,,,,1.2960198429109266,-1.6892357296405458
wheel_odom,,,,,,5544.650214747,-1.79,0.576,0.012217304763960306,,
pose,,,0.446833793135047,,,5544.650613886,,,,1.2583601078083808,-1.6803582610426864
cmd,,,,,,5544.667568116,-1.5856571578979497,0.8632580637931824,-0.005932527128607035,,
wheel_odom,,,,,,5544.670462534,-1.756,0.632,0.03735004599267865,,
diagnostics,4125.0,"[-4125.0,-1875.0,3957.0,1874.0]",,4162.0,"[-4162.0,-1411.0,4162.0,1411.0]",5544.670857772,,,,,
pose,,,0.6575585257303638,,,5544.67124118,,,,1.203898277334287,-1.6667947145345237
wheel_odom,,,,,,5544.690881816,-1.742,0.672,0.035255650890285456,,
pose,,,0.5170213012009522,,,5544.691544046,,,,1.1673340965624361,-1.6562996520924052
wheel_odom,,,,,,5544.710547243,-1.738,0.708,0.058643062867009474,,
pose,,,0.8001130615204103,,,5544.711107598,,,,1.1140080999000515,-1.6406443510904367
cmd,,,,,,5544.717544748,-1.5206571578979498,0.9060522317886353,-0.005341582000255585,,
diagnostics,4261.0,"[-4261.0,-1771.0,4003.0,1797.0]",,4162.0,"[-4162.0,-1411.0,4162.0,1411.0]",5544.729859486,,,,,
pose,,,0.0,,,5544.730327396,,,,1.1140080999000515,-1.6406443510904367
wheel_odom,,,,,,5544.750346841,-1.717,0.728,0.06370451769779303,,
pose,,,0.5649632026663476,,,5544.750746571,,,,1.0781327858269558,-1.6291079431682336
cmd,,,,,,5544.767547413,-1.4556571578979498,0.9361763000488281,-0.006104076746851206,,
wheel_odom,,,,,,5544.770798554,-1.7,0.734,0.09128071987930345,,
diagnostics,4219.0,"[-4219.0,-1610.0,3973.0,1646.0]",,4134.0,"[-4134.0,-1220.0,4134.0,1220.0]",5544.771438454,,,,,
pose,,,0.8004488423762028,,,5544.771676018,,,,1.0259513671292593,-1.6123565316091184
wheel_odom,,,,,,5544.79126614,-1.645,0.745,0.02007128639793479,,
pose,,,0.851585294391151,,,5544.791659009,,,,0.9756972505282869,-1.595338111303175
pose,,,0.0,,,5544.810238259,,,,0.9756972505282869,-1.595338111303175
cmd,,,,,,5544.817242948,-1.3906571578979499,0.9708197116851807,-0.006453303620219231,,
wheel_odom,,,,,,5544.830270408,-1.624,0.762,0.013439035240356337,,
pose,,,0.5983643718781991,,,5544.83062532,,,,0.9423957147231359,-1.5831381139775689
diagnostics,4048.0,"[-4048.0,-1428.0,4024.0,1485.0]",,4097.0,"[-4097.0,-1038.0,4097.0,1038.0]",5544.8498784,,,,,
pose,,,0.0,,,5544.850379231,,,,0.9423957147231359,-1.5831381139775689
cmd,,,,,,5544.867374605,-1.32565715789795,1.012577772140503,-0.006993532180786133,,
wheel_odom,,,,,,5544.870184528,-1.564,0.791,0.027227136331111543,,
pose,,,0.9147991822389896,,,5544.870616389,,,,0.8940988552217762,-1.5646244044682005
wheel_odom,,,,,,5544.890485207,-1.546,0.812,0.031415926535897934,,
diagnostics,3995.0,"[-3995.0,-1212.0,3906.0,1234.0]",,4037.0,"[-4037.0,-877.0,4037.0,877.0]",5544.89082736,,,,,
pose,,,0.6510846442814009,,,5544.89121532,,,,0.8621183239682052,-1.5512127470391772
wheel_odom,,,,,,5544.911163385,-1.504,0.848,0.031415926535897934,,
pose,,,0.9960647574595708,,,5544.911625687,,,,0.8155366047739945,-1.5308828123397595
cmd,,,,,,5544.917324483,-1.26065715789795,1.0411109924316406,-0.0076784673146903515,,
wheel_odom,,,,,,5544.930310992,-1.494,0.867,0.04642575810304917,,
pose,,,0.7708851450821962,,,5544.930642179,,,,0.7845460116597258,-1.5162235170362053
diagnostics,4031.0,"[-4031.0,-1059.0,3978.0,1077.0]",,3987.0,"[-3987.0,-708.0,3987.0,708.0]",5544.950032999,,,,,
pose,,,0.0,,,5544.950397397,,,,0.7845460116597258,-1.5162235170362053
cmd,,,,,,5544.967702445,-1.19565715789795,1.036923885345459,-0.007429203018546104,,
wheel_odom,,,,,,5544.970930488,-1.454,0.903,0.015533430342749533,,
pose,,,1.0628281362278358,,,5544.971563148,,,,0.7387722163115742,-1.4937305333930757
wheel_odom,,,,,,5544.99048146,-1.414,0.926,0.013439035240356337,,
diagnostics,3926.0,"[-3926.0,-794.0,3860.0,839.0]",,3885.0,"[-3885.0,-371.0,3885.0,371.0]",5544.990898227,,,,,
pose,,,0.808030449643399,,,5544.991063074,,,,0.7091458520079151,-1.4779715858323323
wheel_odom,,,,,,5545.011385371,-1.295,0.853,0.029670597283903602,,
pose,,,1.1075592141644228,,,5545.012081769,,,,0.666394611907481,-1.4546964415985197
cmd,,,,,,5545.017477858,-1.13065715789795,1.0464056730270386,-0.0065183015540242195,,
wheel_odom,,,,,,5545.030362368,-1.288,0.898,-0.024783675378319478,,
pose,,,0.9009022281755816,,,5545.030745772,,,,0.6381948348092569,-1.4378786906948953
diagnostics,3703.0,"[-3679.0,-699.0,3703.0,659.0]",,3497.0,"[-3497.0,-334.0,3497.0,334.0]",5545.050210521,,,,,
pose,,,0.0,,,5545.050935857,,,,0.6381948348092569,-1.4378786906948953
cmd,,,,,,5545.067778256,-1.0656571578979501,1.0500423908233643,-0.0036248797550797462,,
wheel_odom,,,,,,5545.070723705,-1.251,0.916,0.038571776469074684,,
pose,,,1.2008249137981735,,,5545.071296587,,,,0.597584355652607,-1.4134258282564212
wheel_odom,,,,,,5545.091308099,-1.242,0.918,0.031415926535897934,,
diagnostics,3647.0,"[-3631.0,-584.0,3647.0,535.0]",,3391.0,"[-3391.0,-241.0,3391.0,241.0]",5545.092035654,,,,,
pose,,,0.8058450278197891,,,5545.092623277,,,,0.5704115092887679,-1.3962419219981723
wheel_odom,,,,,,5545.110426606,-1.201,0.928,0.035255650890285456,,
pose,,,1.3775099206816968,,,5545.1108212,,,,0.5314965006226701,-1.3711690608428468
cmd,,,,,,5545.117448531,-1.0006571578979502,1.0376042127609253,-0.0022343038581311703,,
wheel_odom,,,,,,5545.130790328,-1.179,0.935,-0.0017453292519943296,,
diagnostics,3544.0,"[-3533.0,-404.0,3544.0,322.0]",,3308.0,"[-3308.0,-128.0,3308.0,128.0]",5545.131398357,,,,,
pose,,,0.8477153412963901,,,5545.131625653,,,,0.5055353455677355,-1.3535341623642412
pose,,,0.0,,,5545.150794232,,,,0.5055353455677355,-1.3535341623642412
cmd,,,,,,5545.167647649,-0.9356571578979502,1.0375529527664185,-0.0005135336541570723,,
wheel_odom,,,,,,5545.170328118,-1.117,0.944,-0.02426007660272118,,
pose,,,1.2852289524534974,,,5545.170746342,,,,0.4687235095782481,-1.3278843122195068
wheel_odom,,,,,,5545.19041759,-1.082,0.933,-0.0041887902047863905,,
diagnostics,3386.0,"[-3386.0,-241.0,3352.0,307.0]",,3097.0,"[-3097.0,55.0,3097.0,-55.0]",5545.190842732,,,,,
pose,,,0.8750233107933258,,,5545.191017629,,,,0.4445112082578219,-1.3101461747972885
wheel_odom,,,,,,5545.211071293,-1.059,0.912,0.02181661564992912,,
pose,,,1.226864096650294,,,5545.211835939,,,,0.40978828650707194,-1.2846098562029913
cmd,,,,,,5545.217494249,-0.8706571578979503,1.0296286344528198,0.000515008345246315,,
diagnostics,3277.0,"[-3275.0,-183.0,3277.0,142.0]",,3097.0,"[-3097.0,55.0,3097.0,-55.0]",5545.233296898,,,,,
wheel_odom,,,,,,5545.233805156,-1.036,0.92,-0.008726646259971648,,
pose,,,0.7737838325014227,,,5545.234423479,,,,0.38666028594514146,-1.2671295594442413
wheel_odom,,,,,,5545.250290365,-0.959,0.887,0.0017453292519943296,,
pose,,,1.635984894270718,,,5545.250631286,,,,0.3554436218626051,-1.2406102083171964
cmd,,,,,,5545.267318772,-0.8056571578979503,1.0487843751907349,0.0007392190163955092,,
pose,,,-0.05941828285259114,,,5545.27037518,,,,0.3542711701955439,-1.2417832393632746
wheel_odom,,,,,,5545.291105204,-0.922,0.883,-0.023911010752322315,,
diagnostics,3076.0,"[-3066.0,-65.0,3076.0,85.0]",,2665.0,"[-2665.0,136.0,2665.0,-136.0]",5545.291795077,,,,,
pose,,,0.7836929886852565,,,5545.292465409,,,,0.3332297729440375,-1.2244744079294616
wheel_odom,,,,,,5545.311371097,-0.879,0.859,0.016406094968746697,,
pose,,,1.3087042788818126,,,5545.312073065,,,,0.30284557250929905,-1.1988115768387624
cmd,,,,,,5545.317222956,-0.7406571578979504,1.0670056343078613,0.00014628437929786742,,
diagnostics,2876.0,"[-2876.0,0.0,2843.0,-28.0]",,2505.0,"[-2505.0,327.0,2505.0,-327.0]",5545.330224104,,,,,
wheel_odom,,,,,,5545.330505774,-0.863,0.869,-0.013439035240356337,,
pose,,,0.8994419635109613,,,5545.33077151,,,,0.28318600104996444,-1.1819891366052198
wheel_odom,,,,,,5545.350222823,-0.818,0.86,0.03595378259108319,,
pose,,,1.308796984276554,,,5545.350553633,,,,0.2566385648995761,-1.1560999203104323
cmd,,,,,,5545.367576406,-0.6756571578979504,1.0926017761230469,0.0013036386808380485,,
pose,,,-0.03678123725890169,,,5545.371204073,,,,0.2549901090971687,-1.156859284843155
wheel_odom,,,,,,5545.39148316,-0.788,0.886,0.053581608036225914,,
diagnostics,2841.0,"[-2765.0,58.0,2841.0,-250.0]",,2442.0,"[-2442.0,440.0,2442.0,-440.0]",5545.392305595,,,,,
pose,,,0.7771407957298674,,,5545.392607322,,,,0.23685243711729229,-1.1402258396388654
wheel_odom,,,,,,5545.410678176,-0.732,0.863,0.053581608036225914,,
pose,,,1.3234067207903601,,,5545.411242731,,,,0.21095169919682413,-1.1155577911340453
cmd,,,,,,5545.417419043,-0.6106571578979505,1.0666661262512207,0.001866032020188868,,
diagnostics,2626.0,"[-2459.0,41.0,2626.0,-254.0]",,2135.0,"[-2135.0,386.0,2135.0,-386.0]",5545.43014337,,,,,
wheel_odom,,,,,,5545.430459517,-0.713,0.816,0.02548180707911721,,
pose,,,0.8227829237961815,,,5545.430779343,,,,0.19389160890121312,-1.0994835814036998
wheel_odom,,,,,,5545.450955751,-0.67,0.792,0.054105206811824215,,
pose,,,1.1832365761750931,,,5545.451650172,,,,0.17180457470294389,-1.0747921365714026
cmd,,,,,,5545.467801512,-0.5456571578979506,1.063950777053833,0.0010255170054733753,,
pose,,,-0.08383986811110877,,,5545.471809188,,,,0.1701568113604677,-1.0764819719553342
wheel_odom,,,,,,5545.490326917,-0.629,0.768,0.05619960191421741,,
diagnostics,2458.0,"[-2267.0,115.0,2458.0,-427.0]",,1981.0,"[-1981.0,540.0,1981.0,-540.0]",5545.490626988,,,,,
pose,,,0.7780737610715726,,,5545.49085752,,,,0.15479323192199448,-1.0616546692393785
wheel_odom,,,,,,5545.510340394,-0.618,0.787,0.03385938748868999,,
pose,,,1.1142862590582894,,,5545.510637415,,,,0.13304530826917965,-1.0396140290923341
cmd,,,,,,5545.517341606,-0.48065715789795055,1.073395848274231,0.001097960863262415,,
wheel_odom,,,,,,5545.530773836,-0.615,0.789,0.04014257279586958,,
diagnostics,2452.0,"[-2307.0,138.0,2452.0,-480.0]",,1981.0,"[-1981.0,540.0,1981.0,-540.0]",5545.531203803,,,,,
pose,,,0.9881188601628074,,,5545.532045208,,,,0.11223403074936626,-1.0184664782147121
wheel_odom,,,,,,5545.551055355,-0.583,0.764,0.0029670597283903604,,
pose,,,0.7872964922429174,,,5545.551710219,,,,0.10014333972450047,-1.0029834479257562
cmd,,,,,,5545.567745867,-0.41565715789795055,1.0737336874008179,-0.0006763429846614599,,
pose,,,-0.0889728722773667,,,5545.571164908,,,,0.09849685186859716,-1.0047141219902522
wheel_odom,,,,,,5545.591450386,-0.574,0.768,-0.0317649923862968,,
diagnostics,2266.0,"[-2171.0,297.0,2266.0,-296.0]",,1991.0,"[-1991.0,682.0,1975.0,-698.0]",5545.592178859,,,,,
pose,,,0.9572642953114435,,,5545.592799785,,,,0.07904153440048929,-0.9840011970991951
wheel_odom,,,,,,5545.610635175,-0.568,0.703,-0.061959188445798695,,
pose,,,0.7098429816630059,,,5545.611127306,,,,0.06597143950792235,-0.9709896212094867
cmd,,,,,,5545.617329791,-0.35065715789795054,1.0500764846801758,0.0008145575993694365,,
wheel_odom,,,,,,5545.630391121,-0.556,0.685,-0.013788101090755204,,
diagnostics,2119.0,"[-2068.0,286.0,2119.0,-302.0]",,1945.0,"[-1945.0,762.0,1893.0,-814.0]",5545.630848471,,,,,
pose,,,0.9826651002449844,,,5545.631047133,,,,0.04760817282095949,-0.9514151653042731
wheel_odom,,,,,,5545.650902971,-0.518,0.706,0.041015237421866746,,
pose,,,0.7025418752911117,,,5545.651622695,,,,0.03706236357780517,-0.9369624092117258
cmd,,,,,,5545.667498064,-0.28565715789795054,0.9905638694763184,0.00021491036750376225,,
pose,,,-0.0505387694055518,,,5545.6707629,,,,0.0354160204463697,-0.9379299039052306
wheel_odom,,,,,,5545.690673207,-0.515,0.77,0.050265482457436686,,
diagnostics,2206.0,"[-2206.0,414.0,2159.0,-492.0]",,2206.0,"[-2206.0,984.0,2135.0,-1055.0]",5545.691278213,,,,,
pose,,,0.9713614027188586,,,5545.691570321,,,,0.01851526626450629,-0.9177196050845814
wheel_odom,,,,,,5545.712090684,-0.517,0.812,0.0024434609527920616,,
pose,,,0.6843949407603561,,,5545.713259442,,,,0.006912746440234067,-0.9028775255316466
cmd,,,,,,5545.720449825,-0.22065715789795054,0.9475016593933105,0.004469307139515877,,
wheel_odom,,,,,,5545.730999696,-0.454,0.805,0.0715584993317675,,
diagnostics,2217.0,"[-2217.0,650.0,2025.0,-628.0]",,2195.0,"[-2195.0,1150.0,2115.0,-1230.0]",5545.731836107,,,,,
pose,,,1.092137183817175,,,5545.732617001,,,,-0.008456042690013689,-0.8817368950082891
wheel_odom,,,,,,5545.7505601,-0.448,0.823,0.07504915783575616,,
pose,,,0.8691942930106001,,,5545.751021853,,,,-0.017340057894622573,-0.8657355061307942
cmd,,,,,,5545.767430154,-0.15565715789795054,0.9097593426704407,0.00852170679718256,,
pose,,,-0.03259245080730042,,,5545.770248669,,,,-0.018790443076166646,-0.8663621529040045
wheel_odom,,,,,,5545.7912992,-0.393,0.803,0.0762708883121522,,
diagnostics,2087.0,"[-2087.0,646.0,1975.0,-706.0]",,2012.0,"[-2012.0,1187.0,1933.0,-1266.0]",5545.792030493,,,,,
pose,,,0.9699421197245692,,,5545.792542099,,,,-0.032483767131645684,-0.8447401265463838
wheel_odom,,,,,,5545.810562566,-0.394,0.836,0.03769911184307752,,
pose,,,1.2211800287160852,,,5545.810962417,,,,-0.04556394886386677,-0.822240823603989
cmd,,,,,,5545.817253616,-0.09065715789795054,0.951601505279541,0.01231750100851059,,
wheel_odom,,,,,,5545.830497555,-0.365,0.84,0.04729842272904633,,
diagnostics,2053.0,"[-2053.0,776.0,1952.0,-861.0]",,1835.0,"[-1835.0,1236.0,1763.0,-1309.0]",5545.83083294,,,,,
pose,,,0.7782426475369082,,,5545.831207815,,,,-0.053988640157259966,-0.806485800836285
wheel_odom,,,,,,5545.850868131,-0.326,0.837,0.08918632477691024,,
pose,,,1.2026721047270281,,,5545.851487131,,,,-0.06435004099744092,-0.7821004128225371
cmd,,,,,,5545.867339603,-0.025657157897950533,0.9595592021942139,0.012172522023320198,,
pose,,,-0.0593898662890384,,,5545.870771734,,,,-0.06538825099940417,-0.7832458045959871
wheel_odom,,,,,,5545.890229086,-0.315,0.858,0.08168140899333462,,
diagnostics,1968.0,"[-1968.0,910.0,1939.0,-959.0]",,1792.0,"[-1792.0,1421.0,1728.0,-1485.0]",5545.890666442,,,,,
pose,,,0.8142348282932512,,,5545.890826251,,,,-0.07276347562577488,-0.7669156704700576
wheel_odom,,,,,,5545.91147882,-0.269,0.876,0.07452555906015787,,
pose,,,1.1135080522268053,,,5545.912478955,,,,-0.08258725714426622,-0.7428104370195723
cmd,,,,,,5545.917541854,0.03934284210204947,0.9352446794509888,0.009669383056461811,,
wheel_odom,,,,,,5545.930526301,-0.236,0.888,0.0841248699461267,,
diagnostics,1913.0,"[-1913.0,1017.0,1866.0,-1149.0]",,1694.0,"[-1694.0,1546.0,1634.0,-1606.0]",5545.930960996,,,,,
pose,,,0.9086449637593179,,,5545.931160353,,,,-0.08862696033429264,-0.7258313100459177
wheel_odom,,,,,,5545.950327068,-0.21,0.875,0.07661995416255106,,
pose,,,1.3049039845629609,,,5545.950710888,,,,-0.09567618846459836,-0.7003195680825659
cmd,,,,,,5545.967690092,0.14934284210204948,0.8658438324928284,0.005900622811168432,,
pose,,,-0.04692967270293886,,,5545.970766753,,,,-0.09660840227495676,-0.701260670021488
wheel_odom,,,,,,5545.990992794,-0.164,0.856,0.04782202150464463,,
diagnostics,1739.0,"[-1739.0,1155.0,1701.0,-1241.0]",,1667.0,"[-1535.0,1620.0,1489.0,-1667.0]",5545.991899524,,,,,
pose,,,0.7919912344052236,,,5545.992232658,,,,-0.10120362080558687,-0.6842609290267803
wheel_odom,,,,,,5546.01034788,-0.152,0.863,0.020943951023931952,,
pose,,,1.3489826625596961,,,5546.010612948,,,,-0.10745147191183167,-0.6594595387851969
cmd,,,,,,5546.017280833,0.2593428421020495,0.7794076204299927,0.002863610163331032,,
wheel_odom,,,,,,5546.030367461,-0.103,0.847,0.013788101090755204,,
diagnostics,1624.0,"[-1624.0,1261.0,1556.0,-1233.0]",,1697.0,"[-1383.0,1658.0,1344.0,-1697.0]",5546.030855433,,,,,
pose,,,0.7932137917132985,,,5546.031814326,,,,-0.11084251787485347,-0.6426461025344292
pose,,,0.0,,,5546.051400412,,,,-0.11084251787485347,-0.6426461025344292
cmd,,,,,,5546.067458062,0.3693428421020495,0.67238849401474,0.0008831782615743577,,
wheel_odom,,,,,,5546.070256247,-0.065,0.848,0.04991641660703782,,
pose,,,1.3148229650340477,,,5546.070686269,,,,-0.11504703665587153,-0.6172810164883389
wheel_odom,,,,,,5546.0902039,-0.041,0.835,0.012217304763960306,,
pose,,,0.8448470793298042,,,5546.09060124,,,,-0.11716352316920134,-0.600455467859278
diagnostics,1527.0,"[-1497.0,1276.0,1527.0,-1357.0]",,1713.0,"[-1210.0,1713.0,1210.0,-1713.0]",5546.110201686,,,,,
pose,,,0.0,,,5546.110950251,,,,-0.11716352316920134,-0.600455467859278
cmd,,,,,,5546.117419581,0.47934284210204947,0.5662434101104736,-0.000625801389105618,,
wheel_odom,,,,,,5546.130497298,-0.007,0.802,0.014311699866353502,,
pose,,,1.245473785737433,,,5546.130903826,,,,-0.11951368793812156,-0.5755994491248237
wheel_odom,,,,,,5546.150061805,0.056,0.751,-0.015533430342749533,,
diagnostics,1398.0,"[-1114.0,1322.0,1171.0,-1398.0]",,1747.0,"[-832.0,1747.0,832.0,-1747.0]",5546.150485594,,,,,
pose,,,0.7933707592206043,,,5546.150660057,,,,-0.12002391359610001,-0.5599255703901698
cmd,,,,,,5546.167656835,0.5893428421020495,0.4654494524002075,-0.0012116103898733854,,
wheel_odom,,,,,,5546.170543441,0.091,0.75,0.044331363000655974,,
pose,,,1.1548490901158868,,,5546.17119157,,,,-0.12007533557879932,-0.5362180660675143
wheel_odom,,,,,,5546.191116591,0.166,0.713,0.045727626402251434,,
pose,,,0.7296595400624997,,,5546.191779911,,,,-0.11876670899104007,-0.5211956391784772
diagnostics,1509.0,"[-905.0,1443.0,945.0,-1509.0]",,1757.0,"[-460.0,1757.0,460.0,-1757.0]",5546.21047768,,,,,
pose,,,0.0,,,5546.2112083,,,,-0.11876670899104007,-0.5211956391784772
cmd,,,,,,5546.217362669,0.6993428421020494,0.38104942440986633,-0.0008891550241969526,,
wheel_odom,,,,,,5546.230676157,0.216,0.687,-0.0322885911618951,,
pose,,,1.1381375969692356,,,5546.230952296,,,,-0.11582566917472412,-0.49872084174195297
wheel_odom,,,,,,5546.250379695,0.231,0.659,-0.03316125578789226,,
diagnostics,1545.0,"[-601.0,1439.0,734.0,-1545.0]",,1765.0,"[-185.0,1765.0,185.0,-1765.0]",5546.250816067,,,,,
pose,,,0.7452678225124356,,,5546.250981345,,,,-0.11313720881675589,-0.48379549720896
cmd,,,,,,5546.267423904,0.8093428421020494,0.2978675663471222,-0.00039396953070536256,,
wheel_odom,,,,,,5546.270314681,0.259,0.612,-0.02303834612632515,,
pose,,,1.0684360376462896,,,5546.270582378,,,,-0.10833216444863737,-0.4628505854997547
wheel_odom,,,,,,5546.290161686,0.296,0.583,0.030543261909900768,,
pose,,,0.6848529440838573,,,5546.290432905,,,,-0.10442601990587454,-0.44925625935351887
diagnostics,1551.0,"[-394.0,1406.0,443.0,-1551.0]",,1775.0,"[94.0,1775.0,-94.0,-1775.0]",5546.310368041,,,,,
pose,,,0.0,,,5546.311157684,,,,-0.10442601990587454,-0.44925625935351887
cmd,,,,,,5546.317611966,0.9193428421020494,0.20828507840633392,1.2760097888531163e-05,,
wheel_odom,,,,,,5546.331307804,0.372,0.518,0.013788101090755204,,
pose,,,0.9147427471811811,,,5546.33174875,,,,-0.09716605705333926,-0.43041740506831305
wheel_odom,,,,,,5546.350253801,0.458,0.479,0.006283185307179586,,
diagnostics,1603.0,"[2.0,1525.0,56.0,-1603.0]",,1829.0,"[550.0,1829.0,-550.0,-1829.0]",5546.350609642,,,,,
pose,,,0.6211690433752551,,,5546.350740547,,,,-0.09066770837402602,-0.4186191146848274
cmd,,,,,,5546.367572639,1.0117697715759277,0.11295121908187866,0.00013085061800666153,,
wheel_odom,,,,,,5546.370402437,0.463,0.471,0.022689280275926284,,
pose,,,0.8616770698197038,,,5546.370765897,,,,-0.08061967330706478,-0.401365038661494
wheel_odom,,,,,,5546.390164105,0.485,0.45,0.0008726646259971648,,
pose,,,0.5516700798545913,,,5546.390566079,,,,-0.07310615382713252,-0.39044199645741245
diagnostics,1673.0,"[106.0,1500.0,-9.0,-1673.0]",,1858.0,"[788.0,1858.0,-788.0,-1858.0]",5546.410290493,,,,,
pose,,,0.0,,,5546.410876047,,,,-0.07310615382713252,-0.39044199645741245
cmd,,,,,,5546.417471426,0.9467697715759278,0.12386414408683777,0.001016495400108397,,
wheel_odom,,,,,,5546.431420148,0.495,0.431,0.023387411976724018,,
pose,,,0.7365080652003002,,,5546.432165021,,,,-0.061402784395137515,-0.3747621816537181
wheel_odom,,,,,,5546.450165298,0.556,0.403,-0.022689280275926284,,
diagnostics,1643.0,"[320.0,1642.0,-323.0,-1643.0]",,1888.0,"[1163.0,1888.0,-1163.0,-1888.0]",5546.450494051,,,,,
pose,,,0.5401292190370954,,,5546.450709862,,,,-0.05262651742039197,-0.3647436277825826
cmd,,,,,,5546.467511041,0.8817697715759278,0.15446917712688446,0.0007260197307914495,,
wheel_odom,,,,,,5546.470120883,0.631,0.346,0.03595378259108319,,
pose,,,0.7167143275558946,,,5546.470433185,,,,-0.037930952688358686,-0.3506079886411643
wheel_odom,,,,,,5546.490239838,0.664,0.306,-0.02844886680750757,,
pose,,,0.41750499394152357,,,5546.490497472,,,,-0.027159454565827065,-0.34223081356331775
diagnostics,1645.0,"[613.0,1623.0,-630.0,-1645.0]",,1807.0,"[1389.0,1807.0,-1389.0,-1807.0]",5546.510009882,,,,,
pose,,,0.0,,,5546.510390158,,,,-0.027159454565827065,-0.34223081356331775
cmd,,,,,,5546.517338869,0.8167697715759279,0.19237841665744781,0.000684676575474441,,
wheel_odom,,,,,,5546.530792127,0.673,0.286,0.03769911184307752,,
pose,,,0.5830801586662291,,,5546.531309733,,,,-0.010246292454642552,-0.3300339060703146
wheel_odom,,,,,,5546.551126421,0.66,0.294,0.026354471705114377,,
diagnostics,1636.0,"[684.0,1636.0,-699.0,-1631.0]",,1748.0,"[1228.0,1748.0,-1228.0,-1748.0]",5546.551888148,,,,,
pose,,,0.5223335326416653,,,5546.552184622,,,,0.006437490708899134,-0.31913115675963566
cmd,,,,,,5546.567738471,0.751769771575928,0.22798164188861847,0.00016818326548673213,,
wheel_odom,,,,,,5546.570974614,0.668,0.302,-0.04276056667386108,,
pose,,,0.3759648903391618,,,5546.571604617,,,,0.017970951979366302,-0.31182988362451136
wheel_odom,,,,,,5546.590537512,0.663,0.281,-0.033510321638291124,,
pose,,,0.5324604517990542,,,5546.59123759,,,,0.03563984090565464,-0.30137624464978446
diagnostics,1613.0,"[636.0,1613.0,-643.0,-1595.0]",,1703.0,"[1055.0,1703.0,-1055.0,-1703.0]",5546.610288794,,,,,
pose,,,0.0,,,5546.611013955,,,,0.03563984090565464,-0.30137624464978446
cmd,,,,,,5546.61766808,0.686769771575928,0.25503304600715637,-7.060966163408011e-05,,
wheel_odom,,,,,,5546.631288925,0.687,0.245,-0.014660765716752368,,
pose,,,0.2985359925496312,,,5546.631926931,,,,0.04777914288206364,-0.2951284245860845
wheel_odom,,,,,,5546.650648341,0.665,0.268,0.013788101090755204,,
diagnostics,1559.0,"[767.0,1559.0,-733.0,-1545.0]",,1654.0,"[884.0,1654.0,-884.0,-1654.0]",5546.651102803,,,,,
pose,,,0.4828328539452511,,,5546.651232227,,,,0.06597110717961212,-0.28580595109324675
cmd,,,,,,5546.667333109,0.621769771575928,0.2689424455165863,-0.0001761112071108073,,
wheel_odom,,,,,,5546.670124469,0.696,0.258,0.022689280275926284,,
pose,,,0.3076516059282003,,,5546.670396352,,,,0.07855079495882356,-0.27991008525954797
wheel_odom,,,,,,5546.69032951,0.676,0.266,-0.06161012259539983,,
pose,,,0.4303903158075898,,,5546.690639293,,,,0.09727657801413708,-0.2711975275356299
diagnostics,1592.0,"[682.0,1592.0,-699.0,-1587.0]",,1654.0,"[884.0,1654.0,-884.0,-1654.0]",5546.710449942,,,,,
pose,,,0.0,,,5546.711372373,,,,0.09727657801413708,-0.2711975275356299
cmd,,,,,,5546.717587691,0.5567697715759281,0.27438050508499146,-0.0004919131170026958,,
wheel_odom,,,,,,5546.730752871,0.645,0.28,-0.032637657012293965,,
pose,,,0.2893059274512992,,,5546.731043262,,,,0.109489330904565,-0.2655048388893152
wheel_odom,,,,,,5546.750167914,0.619,0.274,-0.0024434609527920616,,
diagnostics,1515.0,"[592.0,1515.0,-589.0,-1474.0]",,1504.0,"[595.0,1504.0,-595.0,-1504.0]",5546.750438937,,,,,
pose,,,0.4280978344629414,,,5546.75052516,,,,0.12758505227907022,-0.25716454783425086
cmd,,,,,,5546.767460005,0.4917697715759281,0.2732158899307251,-0.0010070267599076033,,
wheel_odom,,,,,,5546.770365503,0.602,0.255,0.007504915783575617,,
pose,,,0.2550909722789545,,,5546.770926531,,,,0.13918773933986434,-0.2519609396930571
diagnostics,1454.0,"[523.0,1454.0,-524.0,-1394.0]",,1402.0,"[477.0,1402.0,-477.0,-1402.0]",5546.791913226,,,,,
wheel_odom,,,,,,5546.792573328,0.582,0.259,-0.015533430342749533,,
pose,,,0.3468909709281872,,,5546.793154856,,,,0.15647821093320974,-0.24425155635757564
wheel_odom,,,,,,5546.810904519,0.562,0.26,0.016406094968746697,,
pose,,,0.4569746911209105,,,5546.811271312,,,,0.17393736892507158,-0.23597049269131798
cmd,,,,,,5546.817473769,0.4267697715759281,0.2696390748023987,-0.0015605057124048471,,
pose,,,-0.043809860425194073,,,5546.83010144,,,,0.17297398044169943,-0.2367954323631235
wheel_odom,,,,,,5546.851128695,0.527,0.279,-0.010471975511965976,,
diagnostics,1413.0,"[483.0,1370.0,-411.0,-1413.0]",,1291.0,"[369.0,1291.0,-369.0,-1291.0]",5546.851794116,,,,,
pose,,,0.23623997911928865,,,5546.852079405,,,,0.18337085153740149,-0.23160421001554998
cmd,,,,,,5546.86768955,0.3617697715759281,0.2634131610393524,-0.002081838436424732,,
wheel_odom,,,,,,5546.870221112,0.521,0.263,-0.08883725892651137,,
pose,,,0.4190931314126787,,,5546.870619159,,,,0.19924772012141548,-0.22383337972463727
wheel_odom,,,,,,5546.890330705,0.5,0.268,-0.06789330790257943,,
diagnostics,1257.0,"[357.0,1257.0,-363.0,-1250.0]",,1176.0,"[265.0,1176.0,-265.0,-1176.0]",5546.890740263,,,,,
pose,,,0.2495280788270014,,,5546.890901375,,,,0.20916455684317858,-0.2187723084998532
wheel_odom,,,,,,5546.911486089,0.468,0.265,-0.029670597283903602,,
pose,,,0.3765390270195958,,,5546.912454931,,,,0.2241194096455045,-0.21065909626281565
cmd,,,,,,5546.917477049,0.2967697715759281,0.25602710247039795,-0.002559379208832979,,
pose,,,-0.020877628907787604,,,5546.930336497,,,,0.22381970077853663,-0.2110325493803517
wheel_odom,,,,,,5546.950350873,0.407,0.284,-0.016406094968746697,,
diagnostics,1180.0,"[318.0,1180.0,-264.0,-1160.0]",,1055.0,"[167.0,1055.0,-167.0,-1055.0]",5546.950778571,,,,,
pose,,,0.2674985311362508,,,5546.950936963,,,,0.23260902424654475,-0.20552163933644174
cmd,,,,,,5546.967504832,0.2317697715759281,0.2452247142791748,-0.0029200101271271706,,
wheel_odom,,,,,,5546.970966657,0.412,0.285,-0.028099800957108706,,
pose,,,0.38959912910997824,,,5546.971644375,,,,0.24576572094622312,-0.19745524650379642
wheel_odom,,,,,,5546.990339547,0.392,0.274,0.0066322511575784525,,
diagnostics,1095.0,"[152.0,1077.0,-293.0,-1095.0]",,933.0,"[69.0,933.0,-69.0,-933.0]",5546.990806702,,,,,
pose,,,0.27723974979692767,,,5546.990968272,,,,0.25403039704948516,-0.1920970147297593
wheel_odom,,,,,,5547.011560206,0.345,0.25,0.03385938748868999,,
pose,,,0.37002238948319427,,,5547.012511563,,,,0.2656773631542328,-0.18412765233608225
cmd,,,,,,5547.017511667,0.1667697715759281,0.23553957045078278,-0.0032728719525039196,,
pose,,,-0.01615523438690776,,,5547.031232284,,,,0.2656163554413973,-0.18443011771026196
wheel_odom,,,,,,5547.052745137,0.335,0.265,0.0041887902047863905,,
diagnostics,1018.0,"[129.0,962.0,-74.0,-1018.0]",,805.0,"[-21.0,805.0,21.0,-805.0]",5547.053515543,,,,,
pose,,,0.23116312287870588,,,5547.053792448,,,,0.2728050968155734,-0.1792151772894485
cmd,,,,,,5547.067355638,0.10176977157592809,0.22332856059074402,-0.0036338819190859795,,
wheel_odom,,,,,,5547.070047952,0.272,0.252,0.013439035240356337,,
pose,,,0.4571234403465522,,,5547.070409156,,,,0.28253586512754797,-0.17161677226818658
wheel_odom,,,,,,5547.090087081,0.257,0.25,-0.031066860685499065,,
diagnostics,879.0,"[33.0,872.0,4.0,-879.0]",,680.0,"[-116.0,680.0,116.0,-680.0]",5547.090415054,,,,,
pose,,,0.24363374538125884,,,5547.090522425,,,,0.28833411082762533,-0.16671638865094549
wheel_odom,,,,,,5547.111544929,0.246,0.245,-0.024783675378319478,,
pose,,,0.3498944777415457,,,5547.112382674,,,,0.29665932875856244,-0.15906993189297203
cmd,,,,,,5547.11792712,0.03676977157592809,0.2131831794977188,-0.003966641612350941,,
pose,,,-0.025809015185815447,,,5547.130777182,,,,0.296699611244539,-0.1595448193983517
wheel_odom,,,,,,5547.150763163,0.222,0.225,0.017627825445142728,,
diagnostics,764.0,"[-3.0,707.0,8.0,-764.0]",,548.0,"[-204.0,548.0,204.0,-548.0]",5547.151619153,,,,,
pose,,,0.21654325831291216,,,5547.151952865,,,,0.3016653176364827,-0.15496029545936416
cmd,,,,,,5547.167428298,-0.028230228424071913,0.20142242312431335,-0.004149246960878372,,
wheel_odom,,,,,,5547.170249194,0.21,0.232,0.003839724354387525,,
pose,,,0.3692982680896649,,,5547.170651582,,,,0.30879783530607147,-0.14805374720027378
wheel_odom,,,,,,5547.190767796,0.161,0.223,-0.03316125578789226,,
diagnostics,645.0,"[-82.0,634.0,119.0,-645.0]",,422.0,"[-297.0,422.0,297.0,-422.0]",5547.191344454,,,,,
pose,,,0.215215420312422,,,5547.191821168,,,,0.31268068901793283,-0.1434979003912033
wheel_odom,,,,,,5547.210670022,0.155,0.201,-0.013788101090755204,,
pose,,,0.34977457571006954,,,5547.211084878,,,,0.3182550343312509,-0.13675944457155306
cmd,,,,,,5547.21734249,-0.13823022842407193,0.19298942387104034,-0.004257071763277054,,
pose,,,-0.010161080990946553,,,5547.230896397,,,,0.31832956325250644,-0.13696072842242582
wheel_odom,,,,,,5547.250582596,0.122,0.177,-0.008726646259971648,,
diagnostics,541.0,"[-74.0,541.0,127.0,-484.0]",,386.0,"[-386.0,292.0,386.0,-292.0]",5547.250987391,,,,,
pose,,,0.1868760507895123,,,5547.251483526,,,,0.32129447672014994,-0.13311319085926335
cmd,,,,,,5547.267437791,-0.24823022842407194,0.18322113156318665,-0.004172818269580603,,
wheel_odom,,,,,,5547.270756545,0.103,0.179,-0.04066617157146788,,
pose,,,0.28669884622962044,,,5547.271689677,,,,0.32536996594758144,-0.1273208483568696
wheel_odom,,,,,,5547.290255653,0.057,0.189,-0.0066322511575784525,,
diagnostics,349.0,"[-157.0,349.0,190.0,-331.0]",,516.0,"[-516.0,141.0,516.0,-141.0]",5547.290653693,,,,,
pose,,,0.19398734273401097,,,5547.290811711,,,,0.32707188877041776,-0.12361069842847512
wheel_odom,,,,,,5547.311491522,0.013,0.178,0.028099800957108706,,
pose,,,0.27299577635849887,,,5547.312158322,,,,0.3290731767013625,-0.11778408296255226
cmd,,,,,,5547.317475515,-0.35823022842407193,0.17602407932281494,-0.004018742591142654,,
pose,,,-0.019240995379106438,,,5547.330699805,,,,0.3290722967455856,-0.11814086464153722
wheel_odom,,,,,,5547.35053235,-0.041,0.158,-0.018500490071139894,,
diagnostics,336.0,"[-289.0,236.0,336.0,-237.0]",,727.0,"[-727.0,-109.0,727.0,109.0]",5547.350960097,,,,,
pose,,,0.15338251705670164,,,5547.351141234,,,,0.3290287263923615,-0.11500524743944783
cmd,,,,,,5547.367724853,-0.44547706842422485,0.16726426780223846,-0.0037909417878836393,,
wheel_odom,,,,,,5547.370992098,-0.049,0.148,0.0024434609527920616,,
pose,,,0.22611530770483296,,,5547.371761503,,,,0.3289096768266066,-0.1103432228278834
wheel_odom,,,,,,5547.390623921,-0.086,0.131,-0.02897246558310587,,
diagnostics,399.0,"[-390.0,58.0,399.0,-88.0]",,860.0,"[-860.0,-259.0,860.0,259.0]",5547.391047799,,,,,
pose,,,0.13419170298948524,,,5547.391207715,,,,0.3277996427999799,-0.10773339415036534
pose,,,0.0,,,5547.410271283,,,,0.3277996427999799,-0.10773339415036534
cmd,,,,,,5547.417373711,-0.45643940567970276,0.15989089012145996,-0.0034752925857901573,,
wheel_odom,,,,,,5547.431163019,-0.128,0.128,-0.01972222054753592,,
pose,,,0.21284590363588582,,,5547.431608044,,,,0.32557526293121464,-0.10319206180306191
pose,,,-0.023108098611307755,,,5547.451026612,,,,0.3256138107384304,-0.10364068735151381
cmd,,,,,,5547.467700944,-0.4641914367675781,0.1516866534948349,-0.0031062073539942503,,
wheel_odom,,,,,,5547.470541106,-0.156,0.131,-0.004537856055185257,,
diagnostics,548.0,"[-526.0,-38.0,548.0,60.0]",,1033.0,"[-1033.0,-469.0,1033.0,469.0]",5547.471209073,,,,,
pose,,,0.12214578441513502,,,5547.471507914,,,,0.3230822228310451,-0.10113886832441249
wheel_odom,,,,,,5547.490479771,-0.193,0.145,-0.026354471705114377,,
pose,,,0.2019879617869783,,,5547.490895634,,,,0.318851506819825,-0.09722190645801863
diagnostics,596.0,"[-593.0,-193.0,596.0,154.0]",,1039.0,"[-1039.0,-499.0,1039.0,499.0]",5547.510114019,,,,,
wheel_odom,,,,,,5547.510423339,-0.214,0.108,0.005934119456780721,,
pose,,,0.11528272573897588,,,5547.510810817,,,,0.3150039447004556,-0.0949259543679926
cmd,,,,,,5547.517518153,-0.46891143918037415,0.14380784332752228,-0.002731833141297102,,
wheel_odom,,,,,,5547.530854906,-0.227,0.119,0.009250245035569947,,
pose,,,0.19139012996730767,,,5547.531291771,,,,0.30923306202971246,-0.09100611608296255
pose,,,-0.01663680794020724,,,5547.550375881,,,,0.3092140237360457,-0.0913235739123681
cmd,,,,,,5547.567494282,-0.46877092123031616,0.13471242785453796,-0.0023561897687613964,,
wheel_odom,,,,,,5547.57021546,-0.255,0.126,0.015009831567151233,,
diagnostics,697.0,"[-697.0,-264.0,692.0,276.0]",,1039.0,"[-1039.0,-526.0,1039.0,526.0]",5547.570635865,,,,,
pose,,,0.17002855711548054,,,5547.570812352,,,,0.30264973205674134,-0.08784848962518041
wheel_odom,,,,,,5547.591102363,-0.285,0.149,0.05899212871740834,,
pose,,,0.1272247194300062,,,5547.591743732,,,,0.29716917451514446,-0.08518546187379386
wheel_odom,,,,,,5547.610649885,-0.304,0.136,0.03979350694547071,,
diagnostics,808.0,"[-808.0,-289.0,747.0,236.0]",,1034.0,"[-1034.0,-548.0,1034.0,548.0]",5547.611155142,,,,,
pose,,,0.1894245818143993,,,5547.611356265,,,,0.2891549650726743,-0.08147056623370488
cmd,,,,,,5547.617406138,-0.4661243259906769,0.12634550034999847,-0.0020186551846563816,,
wheel_odom,,,,,,5547.632835109,-0.319,0.133,-0.013788101090755204,,
pose,,,0.11890552702228756,,,5547.633575966,,,,0.28312576121177674,-0.07882892584935401
pose,,,-0.0015365505016815305,,,5547.650241771,,,,0.2829281078873544,-0.07885454197932124
cmd,,,,,,5547.66738477,-0.4585472047328949,0.11650628596544266,-0.0019390825182199478,,
wheel_odom,,,,,,5547.670259904,-0.348,0.147,-0.013439035240356337,,
diagnostics,771.0,"[-771.0,-365.0,759.0,366.0]",,1019.0,"[-1019.0,-563.0,1019.0,563.0]",5547.670538542,,,,,
pose,,,0.1921706824756332,,,5547.67064228,,,,0.27356125582154556,-0.07493398333110099
wheel_odom,,,,,,5547.691984915,-0.348,0.131,-0.007504915783575617,,
pose,,,0.12082205414683422,,,5547.692798573,,,,0.2666807729873867,-0.07225757052158922
wheel_odom,,,,,,5547.710332548,-0.358,0.135,-0.022165681500327987,,
diagnostics,825.0,"[-825.0,-277.0,747.0,380.0]",,999.0,"[-999.0,-573.0,999.0,573.0]",5547.710721677,,,,,
pose,,,0.20490418785915412,,,5547.710945406,,,,0.25663780928376084,-0.06853834805084873
cmd,,,,,,5547.717350339,-0.44935256242752075,0.10791417211294174,-0.0018490549409762025,,
wheel_odom,,,,,,5547.730364319,-0.363,0.137,-0.11344640137963143,,
pose,,,0.13576559392110338,,,5547.730791343,,,,0.2495513557209969,-0.06584410902911364
pose,,,0.005957583595828839,,,5547.751285779,,,,0.2494028656623053,-0.06572204568949297
cmd,,,,,,5547.767475848,-0.43328920006752014,0.09733051061630249,-0.001724593574181199,,
wheel_odom,,,,,,5547.770324462,-0.379,0.119,0.0158824961931484,,
diagnostics,887.0,"[-842.0,-413.0,887.0,431.0]",,972.0,"[-972.0,-577.0,972.0,577.0]",5547.770700725,,,,,
pose,,,0.19175829160577723,,,5547.771076092,,,,0.2386015098737283,-0.061925790682887054
wheel_odom,,,,,,5547.790449375,-0.379,0.123,0.04223696789826278,,
pose,,,0.12185663421915092,,,5547.790905127,,,,0.2309518869565509,-0.05950958724099161
wheel_odom,,,,,,5547.810545115,-0.375,0.129,0.0804596785169386,,
diagnostics,844.0,"[-844.0,-373.0,770.0,449.0]",,940.0,"[-940.0,-575.0,940.0,575.0]",5547.811098629,,,,,
pose,,,0.1759421315200325,,,5547.811509185,,,,0.21994061123055528,-0.055884850319881725
cmd,,,,,,5547.817604377,-0.41781389713287354,0.08870110660791397,-0.0013922766083851457,,
wheel_odom,,,,,,5547.831292128,-0.374,0.107,0.008726646259971648,,
pose,,,0.17375938172334057,,,5547.831894033,,,,0.20877542305358393,-0.05234319659429275
pose,,,-0.014128273150061243,,,5547.851065563,,,,0.20909222039806138,-0.05261406620654524
cmd,,,,,,5547.869819204,-0.3968648910522461,0.07896079123020172,-0.0014061121037229896,,
wheel_odom,,,,,,5547.871335472,-0.38,0.108,-0.06998770300497262,,
diagnostics,869.0,"[-869.0,-471.0,807.0,472.0]",,894.0,"[-894.0,-567.0,894.0,567.0]",5547.87205915,,,,,
pose,,,0.09959590412219206,,,5547.872713028,,,,0.20158769977872848,-0.05045811635907014
wheel_odom,,,,,,5547.890523721,-0.392,0.109,-0.03892084231947355,,
pose,,,0.16952983115735087,,,5547.890950954,,,,0.19038886799460283,-0.047365599969281885
wheel_odom,,,,,,5547.910185547,-0.366,0.102,-0.010821041362364843,,
diagnostics,812.0,"[-812.0,-425.0,772.0,485.0]",,855.0,"[-855.0,-555.0,855.0,555.0]",5547.910582503,,,,,
pose,,,0.1015436171641598,,,5547.9107411,,,,0.18296415543513941,-0.045356028938271134
cmd,,,,,,5547.917417294,-0.37689316272735596,0.07122776657342911,-0.0014877594076097012,,
wheel_odom,,,,,,5547.931055657,-0.377,0.094,-0.028099800957108706,,
pose,,,0.14852984386748833,,,5547.931769187,,,,0.1716698230608244,-0.042233305269877064
pose,,,-0.01500932003410522,,,5547.951118292,,,,0.1718924865974976,-0.042523737113474076
cmd,,,,,,5547.967501895,-0.3509569764137268,0.06269142776727676,-0.0013869667891412973,,
wheel_odom,,,,,,5547.970403228,-0.383,0.102,-0.02007128639793479,,
diagnostics,788.0,"[-785.0,-469.0,788.0,458.0]",,803.0,"[-803.0,-536.0,803.0,536.0]",5547.970798746,,,,,
pose,,,0.09857592348928709,,,5547.971225739,,,,0.1643443979182562,-0.04054137450355705
wheel_odom,,,,,,5547.990492935,-0.363,0.104,-0.030543261909900768,,
pose,,,0.14611555184546673,,,5547.990913304,,,,0.15327288169183992,-0.03766466218516643
wheel_odom,,,,,,5548.010578454,-0.369,0.087,-0.0024434609527920616,,
diagnostics,775.0,"[-775.0,-486.0,755.0,466.0]",,756.0,"[-756.0,-516.0,756.0,516.0]",5548.010983441,,,,,
pose,,,0.08341975436658099,,,5548.011150656,,,,0.1458804234063268,-0.03597645941087658
cmd,,,,,,5548.017424202,-0.3270409405231476,0.05627930536866188,-0.001247043372131884,,
wheel_odom,,,,,,5548.030827331,-0.35,0.081,-0.015009831567151233,,
pose,,,0.137797118591403,,,5548.031214614,,,,0.13502888295136412,-0.03321148595370479
pose,,,-0.006779495902539916,,,5548.050517328,,,,0.13511984464680424,-0.03334234484121607
cmd,,,,,,5548.067532598,-0.2981298565864563,0.04902556538581848,-0.0009860905120149255,,
wheel_odom,,,,,,5548.070535972,-0.348,0.067,0.025132741228718343,,
diagnostics,749.0,"[-672.0,-471.0,749.0,483.0]",,698.0,"[-698.0,-486.0,698.0,486.0]",5548.07098832,,,,,
pose,,,0.06709507645337202,,,5548.071136033,,,,0.12814299185403508,-0.03195892669040475
wheel_odom,,,,,,5548.090401736,-0.348,0.083,-0.029670597283903602,,
pose,,,0.11827740147863575,,,5548.09080702,,,,0.11758725167234818,-0.02963222379810076
wheel_odom,,,,,,5548.110784124,-0.322,0.077,0.02897246558310587,,
diagnostics,679.0,"[-679.0,-450.0,638.0,498.0]",,646.0,"[-646.0,-457.0,646.0,457.0]",5548.111251733,,,,,
pose,,,0.06956968217964071,,,5548.111780394,,,,0.11093025820937394,-0.02817331924791376
cmd,,,,,,5548.117389582,-0.27197232842445374,0.043457966297864914,-0.0007424916257150471,,
wheel_odom,,,,,,5548.130486717,-0.305,0.075,0.010821041362364843,,
pose,,,0.11549730043580601,,,5548.130863927,,,,0.10113725949664873,-0.02596906158493016
wheel_odom,,,,,,5548.150480379,-0.309,0.06,0.0033161255787892262,,
pose,,,0.0685207748408551,,,5548.150911724,,,,0.09482478185724103,-0.024595421020822603
cmd,,,,,,5548.167459739,-0.24224664270877838,0.03751370310783386,-0.0006748617743141949,,
diagnostics,637.0,"[-637.0,-377.0,575.0,416.0]",,585.0,"[-585.0,-420.0,585.0,420.0]",5548.170448268,,,,,
pose,,,-0.0031866404274184636,,,5548.170716998,,,,0.09465681887805935,-0.02465854143674842
wheel_odom,,,,,,5548.190162454,-0.307,0.057,0.03769911184307752,,
pose,,,0.09274790193562416,,,5548.19043037,,,,0.0851823402816082,-0.02283019731578569
wheel_odom,,,,,,5548.210504741,-0.273,0.047,0.038571776469074684,,
diagnostics,535.0,"[-503.0,-319.0,535.0,330.0]",,450.0,"[-450.0,-325.0,450.0,325.0]",5548.211065738,,,,,
pose,,,0.044974987761274475,,,5548.211246884,,,,0.07919837396342808,-0.02189413231081716
cmd,,,,,,5548.217446941,-0.17724664270877838,0.0,0.0,,
wheel_odom,,,,,,5548.23107075,-0.226,0.079,-0.06073745796940267,,
pose,,,0.09289845401432303,,,5548.231961638,,,,0.07104930208394952,-0.019970047958194227
wheel_odom,,,,,,5548.250567873,-0.135,0.049,-0.06492624817418906,,
pose,,,0.06031893951304726,,,5548.250823725,,,,0.06739513330479636,-0.018831936816682656
cmd,,,,,,5548.267553018,-0.11224664270877838,0.0,0.0,,
diagnostics,408.0,"[-302.0,-72.0,408.0,202.0]",,0.0,"[0.0,0.0,0.0,0.0]",5548.270177034,,,,,
pose,,,-0.009422137008828354,,,5548.270410631,,,,0.06708199821408507,-0.019016490871321262
wheel_odom,,,,,,5548.2903831,-0.176,0.015,0.010821041362364843,,
pose,,,0.05363488771270545,,,5548.29089331,,,,0.06080175493373205,-0.01791801903271625
wheel_odom,,,,,,5548.311275769,-0.156,0.027,0.051487212933832724,,
diagnostics,305.0,"[-224.0,-270.0,305.0,171.0]",,0.0,"[0.0,0.0,0.0,0.0]",5548.312061952,,,,,
pose,,,0.021223141292935437,,,5548.312697351,,,,0.05702641095791863,-0.01745532976390312
cmd,,,,,,5548.317554175,-0.047246642708778375,0.0,0.0,,
wheel_odom,,,,,,5548.330593944,-0.146,0.025,-0.05689773361501514,,
pose,,,0.046436494888294155,,,5548.330998587,,,,0.05174401671762753,-0.016605324584639383
wheel_odom,,,,,,5548.350405679,-0.135,0.039,-0.010122909661567111,,
pose,,,0.039730668871666625,,,5548.35080421,,,,0.04878186221411287,-0.015818439060680103
cmd,,,,,,5548.36770155,0.0,0.0,0.0,,
diagnostics,270.0,"[-270.0,-157.0,226.0,159.0]",,0.0,"[0.0,0.0,0.0,0.0]",5548.370448072,,,,,
pose,,,-0.009175835603407095,,,5548.371391231,,,,0.0486158678018572,-0.016007298081875038
wheel_odom,,,,,,5548.390776703,-0.058,0.014,0.0024434609527920616,,
pose,,,0.028466854951259186,,,5548.391335649,,,,0.04506980260373465,-0.015439420734698667
wheel_odom,,,,,,5548.41031998,-0.044,0.022,-0.031066860685499065,,
diagnostics,122.0,"[-122.0,-34.0,121.0,39.0]",,0.0,"[0.0,0.0,0.0,0.0]",5548.410744916,,,,,
pose,,,0.018334424066156773,,,5548.41090483,,,,0.04360014380458289,-0.015080616385749732
cmd,,,,,,5548.417348142,0.0,0.0,0.0,,
wheel_odom,,,,,,5548.431685448,-0.036,0.018,-0.010821041362364843,,
pose,,,0.022269689239159552,,,5548.432659087,,,,0.04160623511056844,-0.014596321662827821
wheel_odom,,,,,,5548.45081492,-0.025,0.017,-0.032637657012293965,,
pose,,,0.022354447853055365,,,5548.451488435,,,,0.040788620544037854,-0.014175312678843621
cmd,,,,,,5548.467532282,0.0,0.0,0.0,,
diagnostics,62.0,"[-44.0,-5.0,62.0,29.0]",,0.0,"[0.0,0.0,0.0,0.0]",5548.470182858,,,,,
pose,,,-0.014451262129489294,,,5548.471032709,,,,0.040807173802160986,-0.014457767062604817
wheel_odom,,,,,,5548.49040638,-0.032,0.016,-0.008028514559173916,,
pose,,,0.021692356228350567,,,5548.49076055,,,,0.03961501362563683,-0.014029740452754211
wheel_odom,,,,,,5548.511288578,-0.021,0.024,0.031415926535897934,,
diagnostics,95.0,"[-95.0,0.0,41.0,-7.0]",,0.0,"[0.0,0.0,0.0,0.0]",5548.512160418,,,,,
pose,,,0.010641366860600082,,,5548.51295251,,,,0.03911346878497265,-0.013793663676317895
cmd,,,,,,5548.517595088,0.0,0.0,0.0,,
wheel_odom,,,,,,5548.530912771,0.001,0.001,-0.0012217304763960308,,
pose,,,0.0071939272451807855,,,5548.531390184,,,,0.038657282036348495,-0.013660994608134585
wheel_odom,,,,,,5548.55111853,0.0,0.001,-0.0029670597283903604,,
pose,,,0.014127872080712778,,,5548.551744821,,,,0.03831501301459312,-0.013373448558381436
cmd,,,,,,5548.567417491,0.0,0.0,0.0,,
diagnostics,4.0,"[4.0,0.0,4.0,0.0]",,0.0,"[0.0,0.0,0.0,0.0]",5548.570328084,,,,,
pose,,,-0.013899432979006126,,,5548.571151825,,,,0.038479363490617764,-0.01364318690373443
wheel_odom,,,,,,5548.591105574,0.0,0.0,-0.0008726646259971648,,
pose,,,-0.0064735288056868585,,,5548.591947077,,,,0.03855061856980811,-0.013777812422042915
wheel_odom,,,,,,5548.61034483,0.0,-0.001,-0.0024434609527920616,,
diagnostics,4.0,"[4.0,0.0,0.0,2.0]",,0.0,"[0.0,0.0,0.0,0.0]",5548.610640161,,,,,
pose,,,-0.004653128882990772,,,5548.610751584,,,,0.03858022400349641,-0.013865333127854734
cmd,,,,,,5548.617243578,0.0,0.0,0.0,,
wheel_odom,,,,,,5548.630451616,0.001,0.001,0.0020943951023931952,,
pose,,,-0.006412110045938602,,,5548.630872878,,,,0.03879264677481955,-0.013994344224129285
wheel_odom,,,,,,5548.650606142,0.0,0.0,0.0,,
pose,,,-0.005256209071168154,,,5548.651086856,,,,0.03897636062529896,-0.014100586427501668
cmd,,,,,,5548.66738832,0.0,0.0,0.0,,
diagnostics,5.0,"[-5.0,0.0,0.0,0.0]",,0.0,"[0.0,0.0,0.0,0.0]",5548.669756642,,,,,
pose,,,0.0,,,5548.670245331,,,,0.03897636062529896,-0.014100586427501668
wheel_odom,,,,,,5548.690253194,0.0,0.0,0.0,,
pose,,,-0.006029416211753793,,,5548.690660099,,,,0.03916003294287615,-0.01422367590431946
wheel_odom,,,,,,5548.710506912,0.0,0.0,0.0012217304763960308,,
diagnostics,3.0,"[-3.0,0.0,0.0,0.0]",,0.0,"[0.0,0.0,0.0,0.0]",5548.711333147,,,,,
pose,,,-0.005040918050263693,,,5548.711710969,,,,0.03933477309662376,-0.01432975835993712
cmd,,,,,,5548.71764098,0.0,0.0,0.0,,
wheel_odom,,,,,,5548.73054318,0.0,0.0,0.0,,
pose,,,-0.0052022286819869545,,,5548.730955505,,,,0.03949077514103933,-0.014429897714146553
wheel_odom,,,,,,5548.750361909,0.0,0.0,0.0,,
pose,,,-0.0046411778193265725,,,5548.750825506,,,,0.039642306370473064,-0.014522115420464369
cmd,,,,,,5548.767624981,0.0,0.0,0.0,,
diagnostics,0.0,"[0.0,0.0,0.0,0.0]",,0.0,"[0.0,0.0,0.0,0.0]",5548.770081788,,,,,
pose,,,0.0,,,5548.770693867,,,,0.039642306370473064,-0.014522115420464369
wheel_odom,,,,,,5548.791464126,0.0,0.0,0.0012217304763960308,,
pose,,,-0.0035571459430595266,,,5548.792243997,,,,0.03977133350014747,-0.014598772545154945
pose,,,0.0,,,5548.811119029,,,,0.03977133350014747,-0.014598772545154945
cmd,,,,,,5548.817453637,0.0,0.0,0.0,,
wheel_odom,,,,,,5548.830032559,0.0,0.0,0.0,,
diagnostics,0.0,"[0.0,0.0,0.0,0.0]",,0.0,"[0.0,0.0,0.0,0.0]",5548.830295861,,,,,
pose,,,-0.0038328400723272866,,,5548.830390329,,,,0.03989786392043913,-0.01467265820323046
wheel_odom,,,,,,5548.850472462,0.0,0.0,0.0,,
pose,,,-0.0031887045218166174,,,5548.85090079,,,,0.040014490780062695,-0.01473805578749782
cmd,,,,,,5548.867448569,0.0,0.0,0.0,,
wheel_odom,,,,,,5548.871151762,0.0,0.0,0.0012217304763960308,,
pose,,,-0.0022361227897991255,,,5548.871992313,,,,0.04011087760237403,-0.014785208604652942
diagnostics,0.0,"[0.0,0.0,0.0,0.0]",,0.0,"[0.0,0.0,0.0,0.0]",5548.889822946,,,,,
pose,,,0.0,,,5548.890272118,,,,0.04011087760237403,-0.014785208604652942
wheel_odom,,,,,,5548.910672933,0.0,0.0,0.0,,
pose,,,-0.0022513128452914615,,,5548.911312785,,,,0.040205445180649696,-0.01483257189088931
cmd,,,,,,5548.917417447,0.0,0.0,0.0,,
wheel_odom,,,,,,5548.930847404,0.0,0.0,0.0,,
diagnostics,0.0,"[0.0,0.0,0.0,0.0]",,0.0,"[0.0,0.0,0.0,0.0]",5548.931546028,,,,,
pose,,,-0.0015509334717522237,,,5548.931873467,,,,0.04028300112790492,-0.01486445907531314
wheel_odom,,,,,,5548.950736738,0.0,0.0,0.0,,
pose,,,-0.001697339192454294,,,5548.951383592,,,,0.04035927781951514,-0.014897579339843425
cmd,,,,,,5548.967523839,0.0,0.0,0.0,,
wheel_odom,,,,,,5548.970684837,0.0,0.0,0.0,,
pose,,,-0.0010489178477279633,,,5548.971267881,,,,0.04042158622728817,-0.014918437769824716
diagnostics,0.0,"[0.0,0.0,0.0,0.0]",,0.0,"[0.0,0.0,0.0,0.0]",5548.9901907,,,,,
pose,,,0.0,,,5548.990874932,,,,0.04042158622728817,-0.014918437769824716
wheel_odom,,,,,,5549.011099308,0.0,0.0,0.0,,
pose,,,-0.0010577952199581533,,,5549.011998251,,,,0.04048297888342548,-0.014940777851643286
cmd,,,,,,5549.017425245,0.0,0.0,0.0,,
wheel_odom,,,,,,5549.03027928,0.0,0.0,0.0,,
diagnostics,0.0,"[0.0,0.0,0.0,0.0]",,0.0,"[0.0,0.0,0.0,0.0]",5549.030488659,,,,,
pose,,,-0.0006986229959201729,,,5549.030778107,,,,0.040533070420332995,-0.014953902790348023
wheel_odom,,,,,,5549.050633653,0.0,0.0,0.0,,
pose,,,-0.0007182808473244724,,,5549.050974852,,,,0.04058250182879962,-0.014968409525778074
cmd,,,,,,5549.069794962,0.0,0.0,0.0,,
wheel_odom,,,,,,5549.070991965,0.0,0.0,0.0,,
pose,,,-0.0003715481851683107,,,5549.072192887,,,,0.040622830883093555,-0.014976290245215539
diagnostics,0.0,"[0.0,0.0,0.0,0.0]",,0.0,"[0.0,0.0,0.0,0.0]",5549.09034348,,,,,
pose,,,0.0,,,5549.091336718,,,,0.040622830883093555,-0.014976290245215539
wheel_odom,,,,,,5549.110169286,0.0,0.0,0.0012217304763960308,,
pose,,,-0.0004725565495326147,,,5549.110435455,,,,0.04066267451541192,-0.014985318519373802
cmd,,,,,,5549.11735066,0.0,0.0,0.0,,
wheel_odom,,,,,,5549.130308094,0.0,0.0,0.0,,
diagnostics,0.0,"[0.0,0.0,0.0,0.0]",,0.0,"[0.0,0.0,0.0,0.0]",5549.13056578,,,,,
pose,,,-0.00021717513757052722,,,5549.130925659,,,,0.04069518918740231,-0.014989768423826263
wheel_odom,,,,,,5549.153066136,0.0,0.0,0.0,,
pose,,,-0.00022971103715249512,,,5549.154167604,,,,0.04072733821336021,-0.014995105685807624
cmd,,,,,,5549.167465477,0.0,0.0,0.0,,
wheel_odom,,,,,,5549.170143115,0.0,0.0,0.0,,
pose,,,-0.00014110728607767407,,,5549.170410465,,,,0.04075358217304875,-0.01499739872492513
diagnostics,0.0,"[0.0,0.0,0.0,0.0]",,0.0,"[0.0,0.0,0.0,0.0]",5549.189900422,,,,,
pose,,,0.0,,,5549.190215534,,,,0.04075358217304875,-0.01499739872492513
wheel_odom,,,,,,5549.211295918,0.0,0.0,0.0,,
pose,,,-0.0001305630083922468,,,5549.212782323,,,,0.0407795439465428,-0.015000343542636076
wheel_odom,,,,,,5549.231312594,0.0,0.0,0.0,,
diagnostics,0.0,"[0.0,0.0,0.0,0.0]",,0.0,"[0.0,0.0,0.0,0.0]",5549.232031828,,,,,
pose,,,-5.02947333150199e-05,,,5549.2326839,,,,0.04080074207124916,-0.015001344837748419
wheel_odom,,,,,,5549.250754401,0.0,0.0,0.0,,
pose,,,-7.828302335831934e-05,,,5549.251319797,,,,0.04082172009890217,-0.015002803976470322
wheel_odom,,,,,,5549.270486654,0.0,0.0,0.0,,
diagnostics,0.0,"[0.0,0.0,0.0,0.0]",,0.0,"[0.0,0.0,0.0,0.0]",5549.270898837,,,,,
pose,,,-1.3726146057124446e-05,,,5549.271249815,,,,0.04083885266368642,-0.015003077545287048
pose,,,0.0,,,5549.290326327,,,,0.04083885266368642,-0.015003077545287048
wheel_odom,,,,,,5549.310532021,0.0,0.0,0.0,,
pose,,,-2.82707303447028e-05,,,5549.310951013,,,,0.04085581097369914,-0.015003660636959694
wheel_odom,,,,,,5549.33039364,0.0,0.0,0.0,,
diagnostics,0.0,"[0.0,0.0,0.0,0.0]",,0.0,"[0.0,0.0,0.0,0.0]",5549.330779785,,,,,
pose,,,4.964513225927138e-06,,,5549.331105111,,,,0.04086966307903846,-0.015003560576699174
wheel_odom,,,,,,5549.351607176,0.0,0.0,0.0,,
pose,,,-4.711227218855904e-06,,,5549.35260125,,,,0.04088337609864281,-0.015003661828119038
wheel_odom,,,,,,5549.370802412,0.0,0.0,0.0,,
diagnostics,0.0,"[0.0,0.0,0.0,0.0]",,0.0,"[0.0,0.0,0.0,0.0]",5549.371450993,,,,,
pose,,,1.3737661869088629e-05,,,5549.371676952,,,,0.04089457887433309,-0.015003399737681392
wheel_odom,,,,,,5549.390173689,0.0,0.0,0.0,,
pose,,,-1.945516140010694e-05,,,5549.390532057,,,,0.040895813884006774,-0.015003766612550927
pose,,,2.5397211941244517e-05,,,5549.410352617,,,,0.04090567004060124,-0.015003263243873797
wheel_odom,,,,,,5549.431304058,0.0,0.0,0.0,,
diagnostics,0.0,"[0.0,0.0,0.0,0.0]",,0.0,"[0.0,0.0,0.0,0.0]",5549.431897331,,,,,
pose,,,1.4032813815426129e-05,,,5549.432120631,,,,0.040914731869981895,-0.0150029578027435
wheel_odom,,,,,,5549.450373391,0.0,0.0,0.0,,
pose,,,1.2471622001993766e-05,,,5549.450623813,,,,0.040923703831953824,-0.0150027269889011
wheel_odom,,,,,,5549.47025218,0.0,0.0,0.0,,
diagnostics,0.0,"[0.0,0.0,0.0,0.0]",,0.0,"[0.0,0.0,0.0,0.0]",5549.470677518,,,,,
pose,,,1.4061006132579318e-05,,,5549.471124769,,,,0.04093103480261978,-0.015002438758607605
wheel_odom,,,,,,5549.490348612,0.0,0.0,0.0012217304763960308,,
pose,,,-3.7017346327259842e-06,,,5549.490746592,,,,0.040931842124384374,-0.015002511395147687
pose,,,1.626762522613804e-05,,,5549.510372147,,,,0.04093829324150632,-0.01500219214654896
wheel_odom,,,,,,5549.530563041,0.0,0.0,0.0,,
diagnostics,0.0,"[0.0,0.0,0.0,0.0]",,0.0,"[0.0,0.0,0.0,0.0]",5549.531151144,,,,,
pose,,,1.1661364526757785e-05,,,5549.531395107,,,,0.04094422451591925,-0.015001947009028717
wheel_odom,,,,,,5549.551191358,0.0,0.0,0.0,,
pose,,,1.095698494750459e-05,,,5549.551836559,,,,0.04095009718322652,-0.015001723046448489
wheel_odom,,,,,,5549.57119929,0.0,0.0,0.0,,
diagnostics,0.0,"[0.0,0.0,0.0,0.0]",,0.0,"[0.0,0.0,0.0,0.0]",5549.571870484,,,,,
pose,,,1.0278942358371613e-05,,,5549.572498854,,,,0.04095545201310492,-0.015001510662448097
wheel_odom,,,,,,5549.590506465,0.0,0.0,0.0,,
pose,,,3.9656108406103514e-07,,,5549.591072322,,,,0.04095564855475217,-0.015001503296469912
pose,,,8.67335179843658e-06,,,5549.610302219,,,,0.0409598240738033,-0.015001336501036867
wheel_odom,,,,,,5549.631623215,0.0,0.0,0.0,,
diagnostics,0.0,"[0.0,0.0,0.0,0.0]",,0.0,"[0.0,0.0,0.0,0.0]",5549.632494173,,,,,
pose,,,7.3027987492804715e-06,,,5549.633212412,,,,0.04096412852531468,-0.015001169211130214
wheel_odom,,,,,,5549.650676469,0.0,0.0,0.0,,
pose,,,7.179982049174488e-06,,,5549.650970472,,,,0.04096764022211882,-0.015001041669583706
wheel_odom,,,,,,5549.669970158,0.0,0.0,0.0,,
diagnostics,0.0,"[0.0,0.0,0.0,0.0]",,0.0,"[0.0,0.0,0.0,0.0]",5549.670239895,,,,,
pose,,,6.472610792390956e-06,,,5549.670495162,,,,0.04097109997077011,-0.015000915292039218
wheel_odom,,,,,,5549.690468732,0.0,0.0,-0.0008726646259971648,,
pose,,,6.586288874845428e-07,,,5549.690954729,,,,0.04097123842052381,-0.015000901819323625
pose,,,3.781747143717237e-06,,,5549.711445283,,,,0.0409739202284149,-0.015000824343063194
wheel_odom,,,,,,5549.730327953,0.001,0.001,0.0020943951023931952,,
diagnostics,3.0,"[0.0,0.0,0.0,-3.0]",,0.0,"[0.0,0.0,0.0,0.0]",5549.730743907,,,,,
pose,,,0.0005288491160520472,,,5549.730907281,,,,0.040988739837115845,-0.014990528601644319
wheel_odom,,,,,,5549.75078577,0.0,0.0,-0.0008726646259971648,,
pose,,,-1.5975149441729042e-06,,,5549.751187134,,,,0.040992394499607954,-0.014990560999202656
wheel_odom,,,,,,5549.770845375,-0.001,-0.002,-0.005934119456780721,,
diagnostics,8.0,"[2.0,0.0,0.0,8.0]",,0.0,"[0.0,0.0,0.0,0.0]",5549.771600837,,,,,
pose,,,-0.0009214173723841499,,,5549.772307952,,,,0.040985226566362325,-0.015010019832197364
wheel_odom,,,,,,5549.790974166,-0.008,-0.008,-0.0041887902047863905,,
pose,,,-0.004907432701232973,,,5549.791557968,,,,0.04088002068874946,-0.01510449093467531
pose,,,-0.007191475290551695,,,5549.810688086,,,,0.040891469425530916,-0.015242062958046526
wheel_odom,,,,,,5549.831121378,-0.001,-0.013,0.031066860685499065,,
diagnostics,47.0,"[0.0,-47.0,-47.0,16.0]",,0.0,"[0.0,0.0,0.0,0.0]",5549.831988929,,,,,
pose,,,-0.012992937437514967,,,5549.832850235,,,,0.04084710982084195,-0.015529952384179565
wheel_odom,,,,,,5549.850787552,-0.013,-0.016,-0.0012217304763960308,,
pose,,,-0.017249357835272313,,,5549.851304746,,,,0.040668875850344594,-0.015848371683217354
wheel_odom,,,,,,5549.870329099,-0.002,-0.006,0.026354471705114377,,
diagnostics,38.0,"[-3.0,-38.0,-15.0,-9.0]",,0.0,"[0.0,0.0,0.0,0.0]",5549.870747545,,,,,
pose,,,-0.014932113280869271,,,5549.870912471,,,,0.04054392908388805,-0.016141175865833204
wheel_odom,,,,,,5549.890352734,-0.025,-0.034,-0.0017453292519943296,,
pose,,,-0.02806322324987064,,,5549.890864247,,,,0.040123894681483516,-0.016701046121853174
pose,,,-0.010280125481400866,,,5549.911535062,,,,0.040112613237014635,-0.016913492131572973
wheel_odom,,,,,,5549.930477763,-0.015,-0.034,-0.0029670597283903604,,
diagnostics,94.0,"[25.0,-72.0,-40.0,94.0]",,0.0,"[0.0,0.0,0.0,0.0]",5549.931046402,,,,,
pose,,,-0.030623908311377835,,,5549.931274823,,,,0.03975234324819426,-0.017518164569818948
wheel_odom,,,,,,5549.950379002,-0.015,-0.034,-0.0029670597283903604,,
pose,,,-0.05255494255618638,,,5549.95078358,,,,0.03919970902045373,-0.01854359117235737
wheel_odom,,,,,,5549.970919492,-0.015,-0.034,-0.0029670597283903604,,
diagnostics,94.0,"[25.0,-72.0,-40.0,94.0]",,0.0,"[0.0,0.0,0.0,0.0]",5549.97148824,,,,,
pose,,,-0.048123627366853564,,,5549.972202603,,,,0.038824547058164516,-0.0195741384886427
wheel_odom,,,,,,5549.990525602,-0.015,-0.034,-0.0029670597283903604,,
pose,,,-0.04765392199979562,,,5549.990933022,,,,0.03838342012839436,-0.020466854563419633
pose,,,-0.028014829060420337,,,5550.011222877,,,,0.03815837471284534,-0.021035205800173488
wheel_odom,,,,,,5550.030046736,-0.015,-0.034,-0.0029670597283903604,,
diagnostics,94.0,"[25.0,-72.0,-40.0,94.0]",,0.0,"[0.0,0.0,0.0,0.0]",5550.030313689,,,,,
pose,,,-0.30782208725267485,,,5550.03059687,,,,0.03500014621635546,-0.027000318264267208
wheel_odom,,,,,,5550.050325474,-0.015,-0.034,-0.0029670597283903604,,
pose,,,-0.14853657311881574,,,5550.050795556,,,,0.03300014621635546,-0.030000318264267207
wheel_odom,,,,,,5550.07032311,-0.015,-0.034,-0.0029670597283903604,,
diagnostics,94.0,"[25.0,-72.0,-40.0,94.0]",,0.0,"[0.0,0.0,0.0,0.0]",5550.070700043,,,,,
pose,,,-0.147789839890749,,,5550.071095607,,,,0.03100014621635546,-0.033000318264267206
wheel_odom,,,,,,5550.090170568,-0.015,-0.034,-0.0029670597283903604,,
pose,,,0.0,,,5550.090444669,,,,0.03100014621635546,-0.033000318264267206
pose,,,-0.1932866893871679,,,5550.111148004,,,,0.029000146216355462,-0.03700031826426721
wheel_odom,,,,,,5550.130061901,-0.015,-0.034,-0.0029670597283903604,,
diagnostics,94.0,"[25.0,-72.0,-40.0,94.0]",,0.0,"[0.0,0.0,0.0,0.0]",5550.130389075,,,,,
pose,,,-0.205439799366269,,,5550.130609755,,,,0.02700014621635546,-0.041000318264267206
wheel_odom,,,,,,5550.150933203,-0.015,-0.034,-0.0029670597283903604,,
pose,,,-0.18996690728514087,,,5550.151671407,,,,0.02400014621635546,-0.04500031826426721
wheel_odom,,,,,,5550.170499497,-0.015,-0.034,-0.0029670597283903604,,
diagnostics,94.0,"[25.0,-72.0,-40.0,94.0]",,0.0,"[0.0,0.0,0.0,0.0]",5550.171181858,,,,,
pose,,,-0.20210242095780873,,,5550.171463155,,,,0.02200014621635546,-0.049000318264267206
wheel_odom,,,,,,5550.190882655,-0.015,-0.034,-0.0029670597283903604,,
pose,,,-0.19951516816688045,,,5550.191510811,,,,0.01900014621635546,-0.05300031826426721
pose,,,0.0,,,5550.210150908,,,,0.01900014621635546,-0.05300031826426721
wheel_odom,,,,,,5550.230136891,-0.015,-0.034,-0.0029670597283903604,,
pose,,,0.0,,,5550.230542085,,,,0.01900014621635546,-0.05300031826426721
diagnostics,94.0,"[25.0,-72.0,-40.0,94.0]",,0.0,"[0.0,0.0,0.0,0.0]",5550.252906341,,,,,
wheel_odom,,,,,,5550.253833647,-0.015,-0.034,-0.0029670597283903604,,
pose,,,-0.37533292030161447,,,5550.254524667,,,,0.012000146216355461,-0.062000318264267204
pose,,,0.0,,,5550.270194302,,,,0.012000146216355461,-0.062000318264267204
wheel_odom,,,,,,5550.290117122,-0.015,-0.034,-0.0029670597283903604,,
diagnostics,94.0,"[25.0,-72.0,-40.0,94.0]",,0.0,"[0.0,0.0,0.0,0.0]",5550.29054838,,,,,
pose,,,-0.19493939285228545,,,5550.290712554,,,,0.00900014621635546,-0.06600031826426721
wheel_odom,,,,,,5550.310659465,-0.015,-0.034,-0.0029670597283903604,,
pose,,,-0.2880234935075344,,,5550.311550209,,,,0.004000146216355461,-0.07200031826426721
wheel_odom,,,,,,5550.330355102,-0.015,-0.034,-0.0029670597283903604,,
pose,,,0.0,,,5550.330865754,,,,0.004000146216355461,-0.07200031826426721
diagnostics,94.0,"[25.0,-72.0,-40.0,94.0]",,0.0,"[0.0,0.0,0.0,0.0]",5550.350334339,,,,,
pose,,,-0.19935287067821372,,,5550.350931319,,,,0.0010001462163554606,-0.0760003182642672
wheel_odom,,,,,,5550.370853522,-0.015,-0.034,-0.0029670597283903604,,
pose,,,-0.24277354204661147,,,5550.371527424,,,,-0.003999853783644539,-0.08100031826426721
wheel_odom,,,,,,5550.390798275,-0.015,-0.034,-0.0029670597283903604,,
diagnostics,94.0,"[25.0,-72.0,-40.0,94.0]",,0.0,"[0.0,0.0,0.0,0.0]",5550.391526453,,,,,
pose,,,-0.14779646554770245,,,5550.39182641,,,,-0.006999853783644539,-0.08400031826426721
wheel_odom,,,,,,5550.410116242,-0.015,-0.034,-0.0029670597283903604,,
pose,,,-0.2666935920554545,,,5550.41057134,,,,-0.010999853783644539,-0.08900031826426721
wheel_odom,,,,,,5550.430317604,-0.015,-0.034,-0.0029670597283903604,,
pose,,,0.0,,,5550.430939032,,,,-0.010999853783644539,-0.08900031826426721
diagnostics,94.0,"[25.0,-72.0,-40.0,94.0]",,0.0,"[0.0,0.0,0.0,0.0]",5550.450413997,,,,,
pose,,,-0.19675328549283838,,,5550.4512702,,,,-0.01399985378364454,-0.0930003182642672
wheel_odom,,,,,,5550.470281707,-0.015,-0.034,-0.0029670597283903604,,
pose,,,-0.2574188101105458,,,5550.470689684,,,,-0.017999853783644538,-0.09800031826426721
wheel_odom,,,,,,5550.490150285,-0.015,-0.034,-0.0029670597283903604,,
diagnostics,94.0,"[25.0,-72.0,-40.0,94.0]",,0.0,"[0.0,0.0,0.0,0.0]",5550.490549329,,,,,
pose,,,-0.1498918305594115,,,5550.490704412,,,,-0.021999853783644538,-0.10100031826426721
wheel_odom,,,,,,5550.510853153,-0.015,-0.034,-0.0029670597283903604,,
pose,,,-0.1903456586767738,,,5550.511726469,,,,-0.02499985378364454,-0.1050003182642672
wheel_odom,,,,,,5550.53052465,-0.015,-0.034,-0.0029670597283903604,,
pose,,,0.0,,,5550.530967977,,,,-0.02499985378364454,-0.1050003182642672
diagnostics,94.0,"[25.0,-72.0,-40.0,94.0]",,0.0,"[0.0,0.0,0.0,0.0]",5550.55002101,,,,,
pose,,,-0.15392999438046118,,,5550.550457315,,,,-0.02699985378364454,-0.1080003182642672
wheel_odom,,,,,,5550.57057659,-0.015,-0.034,-0.0029670597283903604,,
pose,,,-0.1447594404504655,,,5550.571183901,,,,-0.029999853783644538,-0.1110003182642672
wheel_odom,,,,,,5550.590172772,-0.015,-0.034,-0.0029670597283903604,,
diagnostics,94.0,"[25.0,-72.0,-40.0,94.0]",,0.0,"[0.0,0.0,0.0,0.0]",5550.59057455,,,,,
pose,,,-0.1534059103572747,,,5550.590736943,,,,-0.03199985378364454,-0.11400031826426721
wheel_odom,,,,,,5550.610575541,-0.015,-0.034,-0.0029670597283903604,,
pose,,,-0.14548413604353816,,,5550.611363111,,,,-0.03399985378364454,-0.11700031826426721
wheel_odom,,,,,,5550.630244809,-0.015,-0.034,-0.0029670597283903604,,
pose,,,0.0,,,5550.630765951,,,,-0.03399985378364454,-0.11700031826426721
diagnostics,94.0,"[25.0,-72.0,-40.0,94.0]",,0.0,"[0.0,0.0,0.0,0.0]",5550.650096451,,,,,
pose,,,-0.10114781017779444,,,5550.650537599,,,,-0.035999853783644536,-0.11900031826426721
wheel_odom,,,,,,5550.670489124,-0.015,-0.034,-0.0029670597283903604,,
pose,,,-0.14679697801615096,,,5550.670974741,,,,-0.03799985378364454,-0.1220003182642672
wheel_odom,,,,,,5550.69011446,-0.015,-0.034,-0.0029670597283903604,,
diagnostics,94.0,"[25.0,-72.0,-40.0,94.0]",,0.0,"[0.0,0.0,0.0,0.0]",5550.690697834,,,,,
pose,,,-0.10027614546134102,,,5550.69092033,,,,-0.03999985378364454,-0.1240003182642672
wheel_odom,,,,,,5550.710938705,-0.015,-0.034,-0.0029670597283903604,,
pose,,,-0.09542248783784453,,,5550.711883747,,,,-0.04099985378364454,-0.12600031826426722
wheel_odom,,,,,,5550.730470308,-0.015,-0.034,-0.0029670597283903604,,
pose,,,0.0,,,5550.731084976,,,,-0.04099985378364454,-0.12600031826426722
diagnostics,94.0,"[25.0,-72.0,-40.0,94.0]",,0.0,"[0.0,0.0,0.0,0.0]",5550.750266363,,,,,
pose,,,-0.10183868213130559,,,5550.750722685,,,,-0.04299985378364454,-0.12800031826426722
wheel_odom,,,,,,5550.770901702,-0.015,-0.034,-0.0029670597283903604,,
pose,,,-0.09609896809828246,,,5550.771536952,,,,-0.04399985378364454,-0.1300003182642672
wheel_odom,,,,,,5550.790225665,-0.015,-0.034,-0.0029670597283903604,,
diagnostics,94.0,"[25.0,-72.0,-40.0,94.0]",,0.0,"[0.0,0.0,0.0,0.0]",5550.79068227,,,,,
pose,,,-0.051751592150453635,,,5550.790857376,,,,-0.04599985378364454,-0.1310003182642672
wheel_odom,,,,,,5550.810031413,-0.015,-0.034,-0.0029670597283903604,,
pose,,,-0.10224142338750299,,,5550.810422362,,,,-0.04699985378364454,-0.1330003182642672
wheel_odom,,,,,,5550.830582965,-0.015,-0.034,-0.0029670597283903604,,
pose,,,0.0,,,5550.831408426,,,,-0.04699985378364454,-0.1330003182642672
diagnostics,94.0,"[25.0,-72.0,-40.0,94.0]",,0.0,"[0.0,0.0,0.0,0.0]",5550.850391212,,,,,
pose,,,-0.05078665480956275,,,5550.851096532,,,,-0.04799985378364454,-0.1340003182642672
wheel_odom,,,,,,5550.870926059,-0.015,-0.034,-0.0029670597283903604,,
pose,,,-0.048771922979959054,,,5550.871599731,,,,-0.04799985378364454,-0.1350003182642672
wheel_odom,,,,,,5550.890123463,-0.015,-0.034,-0.0029670597283903604,,
diagnostics,94.0,"[25.0,-72.0,-40.0,94.0]",,0.0,"[0.0,0.0,0.0,0.0]",5550.890551138,,,,,
pose,,,0.0,,,5550.89072063,,,,-0.04899985378364454,-0.1350003182642672
wheel_odom,,,,,,5550.910443584,-0.015,-0.034,-0.0029670597283903604,,
pose,,,-0.04904280220468373,,,5550.911116097,,,,-0.04999985378364454,-0.1360003182642672
wheel_odom,,,,,,5550.930117021,-0.015,-0.034,-0.0029670597283903604,,
pose,,,0.0,,,5550.930590649,,,,-0.04999985378364454,-0.1360003182642672
diagnostics,94.0,"[25.0,-72.0,-40.0,94.0]",,0.0,"[0.0,0.0,0.0,0.0]",5550.950710697,,,,,
pose,,,0.0,,,5550.95156061,,,,-0.04999985378364454,-0.1360003182642672
wheel_odom,,,,,,5550.970574214,-0.015,-0.034,-0.0029670597283903604,,
pose,,,0.0,,,5550.971036299,,,,-0.050999853783644536,-0.1360003182642672
wheel_odom,,,,,,5550.989888832,-0.015,-0.034,-0.0029670597283903604,,
diagnostics,94.0,"[25.0,-72.0,-40.0,94.0]",,0.0,"[0.0,0.0,0.0,0.0]",5550.990187262,,,,,
pose,,,-0.051064268723020285,,,5550.990619107,,,,-0.05199985378364454,-0.1370003182642672
wheel_odom,,,,,,5551.010946597,-0.015,-0.034,-0.0029670597283903604,,
pose,,,0.0,,,5551.011882559,,,,-0.05199985378364454,-0.1370003182642672
wheel_odom,,,,,,5551.03114734,-0.015,-0.034,-0.0029670597283903604,,
pose,,,0.0,,,5551.03212669,,,,-0.05299985378364454,-0.1370003182642672
diagnostics,94.0,"[25.0,-72.0,-40.0,94.0]",,0.0,"[0.0,0.0,0.0,0.0]",5551.050301227,,,,,
pose,,,0.0,,,5551.050924232,,,,-0.05299985378364454,-0.1370003182642672
wheel_odom,,,,,,5551.070946819,-0.015,-0.034,-0.0029670597283903604,,
pose,,,-0.04877311235743793,,,5551.071425146,,,,-0.05299985378364454,-0.1380003182642672
wheel_odom,,,,,,5551.090016694,-0.015,-0.034,-0.0029670597283903604,,
diagnostics,94.0,"[25.0,-72.0,-40.0,94.0]",,0.0,"[0.0,0.0,0.0,0.0]",5551.090359477,,,,,
pose,,,-0.05209970946751457,,,5551.090617399,,,,-0.05399985378364454,-0.1390003182642672
wheel_odom,,,,,,5551.110779368,-0.015,-0.034,-0.0029670597283903604,,
pose,,,-0.04780414755332663,,,5551.111542419,,,,-0.05499985378364454,-0.1400003182642672
wheel_odom,,,,,,5551.129991713,-0.015,-0.034,-0.0029670597283903604,,
pose,,,-0.053300957622877926,,,5551.130297454,,,,-0.05499985378364454,-0.1410003182642672
diagnostics,94.0,"[25.0,-72.0,-40.0,94.0]",,0.0,"[0.0,0.0,0.0,0.0]",5551.149907704,,,,,
pose,,,0.0,,,5551.150329487,,,,-0.05499985378364454,-0.1410003182642672
wheel_odom,,,,,,5551.170852887,-0.015,-0.034,-0.0029670597283903604,,
pose,,,-0.095548683059607,,,5551.171261547,,,,-0.05599985378364454,-0.1430003182642672
wheel_odom,,,,,,5551.190130544,-0.015,-0.034,-0.0029670597283903604,,
diagnostics,94.0,"[25.0,-72.0,-40.0,94.0]",,0.0,"[0.0,0.0,0.0,0.0]",5551.190489818,,,,,
pose,,,-0.05165673212885123,,,5551.190619915,,,,-0.05699985378364454,-0.1440003182642672
wheel_odom,,,,,,5551.21031828,-0.015,-0.034,-0.0029670597283903604,,
pose,,,-0.048956981304849746,,,5551.211048704,,,,-0.05799985378364454,-0.1450003182642672
wheel_odom,,,,,,5551.230593356,-0.015,-0.034,-0.0029670597283903604,,
pose,,,0.0,,,5551.231198757,,,,-0.05799985378364454,-0.1450003182642672
diagnostics,94.0,"[25.0,-72.0,-40.0,94.0]",,0.0,"[0.0,0.0,0.0,0.0]",5551.24980328,,,,,
pose,,,0.0,,,5551.250077448,,,,-0.05799985378364454,-0.1450003182642672
wheel_odom,,,,,,5551.270186829,-0.015,-0.034,-0.0029670597283903604,,
pose,,,0.0,,,5551.270498428,,,,-0.05799985378364454,-0.1450003182642672
wheel_odom,,,,,,5551.290278136,-0.015,-0.034,-0.0029670597283903604,,
diagnostics,94.0,"[25.0,-72.0,-40.0,94.0]",,0.0,"[0.0,0.0,0.0,0.0]",5551.290741577,,,,,
pose,,,0.0,,,5551.290917336,,,,-0.05799985378364454,-0.1450003182642672
wheel_odom,,,,,,5551.30995041,-0.015,-0.034,-0.0029670597283903604,,
pose,,,0.05111852443305621,,,5551.310479418,,,,-0.05799985378364454,-0.1440003182642672
wheel_odom,,,,,,5551.329930953,-0.015,-0.034,-0.0029670597283903604,,
pose,,,0.0,,,5551.330437418,,,,-0.05699985378364454,-0.1440003182642672
diagnostics,94.0,"[25.0,-72.0,-40.0,94.0]",,0.0,"[0.0,0.0,0.0,0.0]",5551.351183116,,,,,
pose,,,0.0,,,5551.351546965,,,,-0.05699985378364454,-0.1440003182642672
wheel_odom,,,,,,5551.370387445,-0.015,-0.034,-0.0029670597283903604,,
pose,,,0.051957172118428936,,,5551.370787621,,,,-0.05699985378364454,-0.1430003182642672
wheel_odom,,,,,,5551.389932684,-0.015,-0.034,-0.0029670597283903604,,
diagnostics,94.0,"[25.0,-72.0,-40.0,94.0]",,0.0,"[0.0,0.0,0.0,0.0]",5551.390297972,,,,,
pose,,,0.0,,,5551.390596215,,,,-0.05699985378364454,-0.1430003182642672
wheel_odom,,,,,,5551.410629443,-0.015,-0.034,-0.0029670597283903604,,
pose,,,0.0,,,5551.411620345,,,,-0.05699985378364454,-0.1430003182642672
wheel_odom,,,,,,5551.430808473,-0.015,-0.034,-0.0029670597283903604,,
pose,,,0.05000694346348519,,,5551.431617175,,,,-0.05699985378364454,-0.1420003182642672
diagnostics,94.0,"[25.0,-72.0,-40.0,94.0]",,0.0,"[0.0,0.0,0.0,0.0]",5551.450325453,,,,,
pose,,,0.0,,,5551.451036897,,,,-0.05699985378364454,-0.1420003182642672
wheel_odom,,,,,,5551.471284892,-0.015,-0.034,-0.0029670597283903604,,
pose,,,0.0,,,5551.471994138,,,,-0.05699985378364454,-0.1420003182642672
wheel_odom,,,,,,5551.49015377,-0.015,-0.034,-0.0029670597283903604,,
diagnostics,94.0,"[25.0,-72.0,-40.0,94.0]",,0.0,"[0.0,0.0,0.0,0.0]",5551.490548409,,,,,
pose,,,0.0,,,5551.490707496,,,,-0.05699985378364454,-0.1420003182642672
wheel_odom,,,,,,5551.510492665,-0.015,-0.034,-0.0029670597283903604,,
pose,,,-0.04866296792330432,,,5551.511258365,,,,-0.05699985378364454,-0.1430003182642672
wheel_odom,,,,,,5551.53041178,-0.015,-0.034,-0.0029670597283903604,,
pose,,,0.0,,,5551.530876214,,,,-0.05699985378364454,-0.1430003182642672
diagnostics,94.0,"[25.0,-72.0,-40.0,94.0]",,0.0,"[0.0,0.0,0.0,0.0]",5551.550190992,,,,,
pose,,,0.0,,,5551.550868529,,,,-0.05699985378364454,-0.1430003182642672
wheel_odom,,,,,,5551.570252022,-0.015,-0.034,-0.0029670597283903604,,
pose,,,0.0,,,5551.570538654,,,,-0.05699985378364454,-0.1430003182642672
pose,,,0.0,,,5551.590241652,,,,-0.05699985378364454,-0.1430003182642672
wheel_odom,,,,,,5551.610159382,-0.015,-0.034,-0.0029670597283903604,,
diagnostics,94.0,"[25.0,-72.0,-40.0,94.0]",,0.0,"[0.0,0.0,0.0,0.0]",5551.610499304,,,,,
pose,,,0.0,,,5551.610718034,,,,-0.05699985378364454,-0.1430003182642672
wheel_odom,,,,,,5551.630046353,-0.015,-0.034,-0.0029670597283903604,,
pose,,,0.0,,,5551.630420559,,,,-0.05699985378364454,-0.1430003182642672
wheel_odom,,,,,,5551.65021524,-0.015,-0.034,-0.0029670597283903604,,
diagnostics,94.0,"[25.0,-72.0,-40.0,94.0]",,0.0,"[0.0,0.0,0.0,0.0]",5551.650665024,,,,,
pose,,,0.0,,,5551.650995903,,,,-0.05699985378364454,-0.1430003182642672
wheel_odom,,,,,,5551.670242062,-0.015,-0.034,-0.0029670597283903604,,
pose,,,0.0,,,5551.670535827,,,,-0.05699985378364454,-0.1430003182642672
pose,,,0.0,,,5551.690514291,,,,-0.05699985378364454,-0.1430003182642672
wheel_odom,,,,,,5551.710771136,-0.015,-0.034,-0.0029670597283903604,,
diagnostics,94.0,"[25.0,-72.0,-40.0,94.0]",,0.0,"[0.0,0.0,0.0,0.0]",5551.711637589,,,,,
pose,,,0.0,,,5551.71251247,,,,-0.05699985378364454,-0.1430003182642672
wheel_odom,,,,,,5551.730675543,-0.015,-0.034,-0.0029670597283903604,,
pose,,,0.0,,,5551.731344136,,,,-0.05699985378364454,-0.1430003182642672
wheel_odom,,,,,,5551.750597104,-0.015,-0.034,-0.0029670597283903604,,
diagnostics,94.0,"[25.0,-72.0,-40.0,94.0]",,0.0,"[0.0,0.0,0.0,0.0]",5551.751286223,,,,,
pose,,,0.0,,,5551.75182007,,,,-0.05699985378364454,-0.1430003182642672
wheel_odom,,,,,,5551.77072825,-0.015,-0.034,-0.0029670597283903604,,
pose,,,0.0,,,5551.77113668,,,,-0.05699985378364454,-0.1430003182642672
pose,,,0.0,,,5551.790496925,,,,-0.05699985378364454,-0.1430003182642672
wheel_odom,,,,,,5551.810040196,-0.015,-0.034,-0.0029670597283903604,,
diagnostics,94.0,"[25.0,-72.0,-40.0,94.0]",,0.0,"[0.0,0.0,0.0,0.0]",5551.810465278,,,,,
pose,,,0.0,,,5551.810627024,,,,-0.05699985378364454,-0.1430003182642672
wheel_odom,,,,,,5551.829943076,-0.015,-0.034,-0.0029670597283903604,,
pose,,,0.0,,,5551.83020579,,,,-0.05699985378364454,-0.1430003182642672
wheel_odom,,,,,,5551.850086026,-0.015,-0.034,-0.0029670597283903604,,
diagnostics,94.0,"[25.0,-72.0,-40.0,94.0]",,0.0,"[0.0,0.0,0.0,0.0]",5551.850405903,,,,,
pose,,,0.0,,,5551.850514819,,,,-0.05699985378364454,-0.1430003182642672
wheel_odom,,,,,,5551.870175876,-0.015,-0.034,-0.0029670597283903604,,
pose,,,0.0,,,5551.870436768,,,,-0.05699985378364454,-0.1430003182642672
pose,,,0.0,,,5551.890706444,,,,-0.05699985378364454,-0.1430003182642672
wheel_odom,,,,,,5551.910554422,-0.015,-0.034,-0.0029670597283903604,,
diagnostics,94.0,"[25.0,-72.0,-40.0,94.0]",,0.0,"[0.0,0.0,0.0,0.0]",5551.911177046,,,,,
pose,,,0.0,,,5551.911731629,,,,-0.05699985378364454,-0.1430003182642672
wheel_odom,,,,,,5551.930053747,-0.015,-0.034,-0.0029670597283903604,,
pose,,,0.0,,,5551.930329821,,,,-0.05699985378364454,-0.1430003182642672
wheel_odom,,,,,,5551.950021058,-0.015,-0.034,-0.0029670597283903604,,
diagnostics,94.0,"[25.0,-72.0,-40.0,94.0]",,0.0,"[0.0,0.0,0.0,0.0]",5551.95034256,,,,,
pose,,,0.0,,,5551.95064219,,,,-0.05699985378364454,-0.1430003182642672
wheel_odom,,,,,,5551.970836347,-0.015,-0.034,-0.0029670597283903604,,
pose,,,0.0,,,5551.971292958,,,,-0.05699985378364454,-0.1430003182642672
pose,,,0.0,,,5551.990474855,,,,-0.05699985378364454,-0.1430003182642672
wheel_odom,,,,,,5552.010014319,-0.015,-0.034,-0.0029670597283903604,,
diagnostics,94.0,"[25.0,-72.0,-40.0,94.0]",,0.0,"[0.0,0.0,0.0,0.0]",5552.01030474,,,,,
pose,,,0.0,,,5552.010496602,,,,-0.05699985378364454,-0.1430003182642672
wheel_odom,,,,,,5552.029988176,-0.015,-0.034,-0.0029670597283903604,,
pose,,,0.0,,,5552.030513903,,,,-0.05699985378364454,-0.1430003182642672
wheel_odom,,,,,,5552.050233468,-0.015,-0.034,-0.0029670597283903604,,
diagnostics,94.0,"[25.0,-72.0,-40.0,94.0]",,0.0,"[0.0,0.0,0.0,0.0]",5552.050811696,,,,,
pose,,,0.0,,,5552.051359128,,,,-0.05699985378364454,-0.1430003182642672
wheel_odom,,,,,,5552.070420409,-0.015,-0.034,-0.0029670597283903604,,
pose,,,0.0,,,5552.070846882,,,,-0.05699985378364454,-0.1430003182642672
pose,,,0.0,,,5552.090908668,,,,-0.05699985378364454,-0.1430003182642672
wheel_odom,,,,,,5552.110014058,-0.015,-0.034,-0.0029670597283903604,,
diagnostics,94.0,"[25.0,-72.0,-40.0,94.0]",,0.0,"[0.0,0.0,0.0,0.0]",5552.110418375,,,,,
pose,,,0.0,,,5552.110559864,,,,-0.05699985378364454,-0.1430003182642672
wheel_odom,,,,,,5552.130111163,-0.015,-0.034,-0.0029670597283903604,,
pose,,,0.0,,,5552.130498194,,,,-0.05699985378364454,-0.1430003182642672
wheel_odom,,,,,,5552.149969684,-0.015,-0.034,-0.0029670597283903604,,
diagnostics,94.0,"[25.0,-72.0,-40.0,94.0]",,0.0,"[0.0,0.0,0.0,0.0]",5552.150363841,,,,,
pose,,,0.0,,,5552.150507201,,,,-0.05699985378364454,-0.1430003182642672
wheel_odom,,,,,,5552.170565079,-0.015,-0.034,-0.0029670597283903604,,
pose,,,0.0,,,5552.171077021,,,,-0.05699985378364454,-0.1430003182642672
pose,,,0.0,,,5552.190290743,,,,-0.05699985378364454,-0.1430003182642672
wheel_odom,,,,,,5552.211134978,-0.015,-0.034,-0.0029670597283903604,,
diagnostics,94.0,"[25.0,-72.0,-40.0,94.0]",,0.0,"[0.0,0.0,0.0,0.0]",5552.21235178,,,,,
pose,,,0.0,,,5552.213480901,,,,-0.05699985378364454,-0.1430003182642672
wheel_odom,,,,,,5552.230464777,-0.015,-0.034,-0.0029670597283903604,,
pose,,,0.0,,,5552.231406506,,,,-0.05699985378364454,-0.1430003182642672
wheel_odom,,,,,,5552.250685535,-0.015,-0.034,-0.0029670597283903604,,
diagnostics,94.0,"[25.0,-72.0,-40.0,94.0]",,0.0,"[0.0,0.0,0.0,0.0]",5552.25140318,,,,,
pose,,,0.0,,,5552.251991394,,,,-0.05699985378364454,-0.1430003182642672
wheel_odom,,,,,,5552.270150708,-0.015,-0.034,-0.0029670597283903604,,
pose,,,0.0,,,5552.270401899,,,,-0.05699985378364454,-0.1430003182642672
pose,,,0.0,,,5552.290267223,,,,-0.05699985378364454,-0.1430003182642672
wheel_odom,,,,,,5552.31065411,-0.015,-0.034,-0.0029670597283903604,,
diagnostics,94.0,"[25.0,-72.0,-40.0,94.0]",,0.0,"[0.0,0.0,0.0,0.0]",5552.311457292,,,,,
pose,,,0.0,,,5552.312172876,,,,-0.05699985378364454,-0.1430003182642672
wheel_odom,,,,,,5552.330228519,-0.015,-0.034,-0.0029670597283903604,,
pose,,,0.0,,,5552.330687541,,,,-0.05699985378364454,-0.1430003182642672
wheel_odom,,,,,,5552.350497647,-0.015,-0.034,-0.0029670597283903604,,
diagnostics,94.0,"[25.0,-72.0,-40.0,94.0]",,0.0,"[0.0,0.0,0.0,0.0]",5552.351190416,,,,,
pose,,,0.0,,,5552.351474591,,,,-0.05699985378364454,-0.1430003182642672
wheel_odom,,,,,,5552.370549154,-0.015,-0.034,-0.0029670597283903604,,
pose,,,0.0,,,5552.370994981,,,,-0.05699985378364454,-0.1430003182642672
pose,,,0.0,,,5552.39029487,,,,-0.05699985378364454,-0.1430003182642672
wheel_odom,,,,,,5552.410432726,-0.015,-0.034,-0.0029670597283903604,,
diagnostics,94.0,"[25.0,-72.0,-40.0,94.0]",,0.0,"[0.0,0.0,0.0,0.0]",5552.411489419,,,,,
pose,,,0.0,,,5552.411979559,,,,-0.05699985378364454,-0.1430003182642672
wheel_odom,,,,,,5552.43094839,-0.015,-0.034,-0.0029670597283903604,,
pose,,,0.0,,,5552.43225279,,,,-0.05699985378364454,-0.1430003182642672
wheel_odom,,,,,,5552.45046451,-0.015,-0.034,-0.0029670597283903604,,
diagnostics,94.0,"[25.0,-72.0,-40.0,94.0]",,0.0,"[0.0,0.0,0.0,0.0]",5552.451116965,,,,,
pose,,,0.0,,,5552.451267359,,,,-0.05699985378364454,-0.1430003182642672
wheel_odom,,,,,,5552.470542111,-0.015,-0.034,-0.0029670597283903604,,
pose,,,0.0,,,5552.470936198,,,,-0.05699985378364454,-0.1430003182642672
pose,,,0.0,,,5552.490971301,,,,-0.05699985378364454,-0.1430003182642672
wheel_odom,,,,,,5552.51074298,-0.015,-0.034,-0.0029670597283903604,,
diagnostics,94.0,"[25.0,-72.0,-40.0,94.0]",,0.0,"[0.0,0.0,0.0,0.0]",5552.511526595,,,,,
pose,,,0.0,,,5552.511844706,,,,-0.05699985378364454,-0.1430003182642672
wheel_odom,,,,,,5552.530176805,-0.015,-0.034,-0.0029670597283903604,,
pose,,,0.0,,,5552.530576135,,,,-0.05699985378364454,-0.1430003182642672
wheel_odom,,,,,,5552.550324536,-0.015,-0.034,-0.0029670597283903604,,
diagnostics,94.0,"[25.0,-72.0,-40.0,94.0]",,0.0,"[0.0,0.0,0.0,0.0]",5552.550954729,,,,,
pose,,,0.0,,,5552.551584297,,,,-0.05699985378364454,-0.1430003182642672
wheel_odom,,,,,,5552.570717886,-0.015,-0.034,-0.0029670597283903604,,
pose,,,0.0,,,5552.571453655,,,,-0.05699985378364454,-0.1430003182642672
pose,,,0.0,,,5552.591392263,,,,-0.05699985378364454,-0.1430003182642672
diagnostics,94.0,"[25.0,-72.0,-40.0,94.0]",,0.0,"[0.0,0.0,0.0,0.0]",5552.610249995,,,,,
wheel_odom,,,,,,5552.610590187,-0.015,-0.034,-0.0029670597283903604,,
pose,,,0.05100014081252041,,,5552.610994433,,,,-0.05799985378364454,-0.1420003182642672
wheel_odom,,,,,,5552.630260862,-0.015,-0.034,-0.0029670597283903604,,
pose,,,0.0,,,5552.630810601,,,,-0.05799985378364454,-0.1420003182642672
wheel_odom,,,,,,5552.650715413,-0.015,-0.034,-0.0029670597283903604,,
diagnostics,94.0,"[25.0,-72.0,-40.0,94.0]",,0.0,"[0.0,0.0,0.0,0.0]",5552.651404513,,,,,
pose,,,0.0,,,5552.651677923,,,,-0.05799985378364454,-0.1420003182642672
wheel_odom,,,,,,5552.670245768,-0.015,-0.034,-0.0029670597283903604,,
pose,,,0.0,,,5552.670625706,,,,-0.05799985378364454,-0.1420003182642672
pose,,,0.0,,,5552.690416302,,,,-0.05799985378364454,-0.1420003182642672
wheel_odom,,,,,,5552.711417545,-0.015,-0.034,-0.0029670597283903604,,
diagnostics,94.0,"[25.0,-72.0,-40.0,94.0]",,0.0,"[0.0,0.0,0.0,0.0]",5552.712417674,,,,,
pose,,,0.0,,,5552.713951258,,,,-0.05799985378364454,-0.1420003182642672
wheel_odom,,,,,,5552.730681629,-0.015,-0.034,-0.0029670597283903604,,
pose,,,0.0,,,5552.731272188,,,,-0.05799985378364454,-0.1420003182642672
wheel_odom,,,,,,5552.750695068,-0.015,-0.034,-0.0029670597283903604,,
diagnostics,94.0,"[25.0,-72.0,-40.0,94.0]",,0.0,"[0.0,0.0,0.0,0.0]",5552.751339976,,,,,
pose,,,0.0,,,5552.751508744,,,,-0.05799985378364454,-0.1420003182642672
wheel_odom,,,,,,5552.770122649,-0.015,-0.034,-0.0029670597283903604,,
pose,,,0.0,,,5552.770398393,,,,-0.05799985378364454,-0.1420003182642672
wheel_odom,,,,,,5552.790075786,-0.015,-0.034,-0.0029670597283903604,,
pose,,,0.0,,,5552.790339247,,,,-0.05799985378364454,-0.1420003182642672
diagnostics,94.0,"[25.0,-72.0,-40.0,94.0]",,0.0,"[0.0,0.0,0.0,0.0]",5552.810237858,,,,,
pose,,,-0.04948445119452211,,,5552.810547423,,,,-0.05799985378364454,-0.1430003182642672
wheel_odom,,,,,,5552.829964775,-0.015,-0.034,-0.0029670597283903604,,
pose,,,0.0,,,5552.830336569,,,,-0.05799985378364454,-0.1430003182642672
pose,,,0.0,,,5552.850894437,,,,-0.05799985378364454,-0.1430003182642672
pose,,,0.0,,,5552.870331974,,,,-0.05799985378364454,-0.1430003182642672
pose,,,0.0,,,5552.890447025,,,,-0.05799985378364454,-0.1430003182642672
pose,,,0.0,,,5552.910637166,,,,-0.05799985378364454,-0.1430003182642672
pose,,,0.0,,,5552.931027045,,,,-0.05799985378364454,-0.1430003182642672
pose,,,0.0,,,5552.950830609,,,,-0.05799985378364454,-0.1430003182642672
pose,,,0.0,,,5552.970307444,,,,-0.05799985378364454,-0.1430003182642672
pose,,,0.0,,,5552.99061124,,,,-0.05799985378364454,-0.1430003182642672
pose,,,0.0,,,5553.011081068,,,,-0.05799985378364454,-0.1430003182642672
pose,,,0.0,,,5553.031122378,,,,-0.05799985378364454,-0.1430003182642672
pose,,,0.0,,,5553.050828196,,,,-0.05799985378364454,-0.1430003182642672
pose,,,0.0,,,5553.070989367,,,,-0.05799985378364454,-0.1430003182642672
pose,,,0.0,,,5553.09060361,,,,-0.05799985378364454,-0.1430003182642672
pose,,,0.0,,,5553.110308241,,,,-0.05799985378364454,-0.1430003182642672
pose,,,0.0,,,5553.130307984,,,,-0.05799985378364454,-0.1430003182642672
pose,,,0.0,,,5553.150929516,,,,-0.05799985378364454,-0.1430003182642672
pose,,,0.0,,,5553.170500906,,,,-0.05799985378364454,-0.1430003182642672
pose,,,0.0,,,5553.190768261,,,,-0.05799985378364454,-0.1430003182642672
pose,,,0.0,,,5553.211388248,,,,-0.05799985378364454,-0.1430003182642672
pose,,,0.0,,,5553.230594057,,,,-0.05799985378364454,-0.1430003182642672
pose,,,0.0,,,5553.250697201,,,,-0.05799985378364454,-0.1430003182642672
pose,,,0.0,,,5553.271188851,,,,-0.05799985378364454,-0.1430003182642672
pose,,,0.0,,,5553.291172632,,,,-0.05799985378364454,-0.1430003182642672
wheel_odom,,,,,,5556.631832293,0.0,0.0,0.0,,
diagnostics,0.0,"[0.0,0.0,0.0,0.0]",,0.0,"[0.0,0.0,0.0,0.0]",5556.634126583,,,,,
pose,,,0.042761130524065674,,,5556.63533812,,,,0.0,-0.0
wheel_odom,,,,,,5556.650895443,0.0,0.0,0.0,,
pose,,,0.0,,,5556.65169827,,,,0.0,0.0
wheel_odom,,,,,,5556.670330901,0.0,0.0,0.0,,
pose,,,0.0,,,5556.670593581,,,,0.0,0.0
diagnostics,0.0,"[0.0,0.0,0.0,0.0]",,0.0,"[0.0,0.0,0.0,0.0]",5556.690242192,,,,,
pose,,,0.0,,,5556.690670736,,,,0.0,0.0
wheel_odom,,,,,,5556.711633137,0.0,0.0,0.0,,
pose,,,0.0,,,5556.712926257,,,,0.0,0.0
wheel_odom,,,,,,5556.731206026,0.0,0.0,0.0,,
diagnostics,0.0,"[0.0,0.0,0.0,0.0]",,0.0,"[0.0,0.0,0.0,0.0]",5556.731838784,,,,,
pose,,,0.0,,,5556.732116112,,,,0.0,0.0
wheel_odom,,,,,,5556.750193406,0.0,0.0,0.0,,
pose,,,0.0,,,5556.750602827,,,,0.0,0.0
wheel_odom,,,,,,5556.770796466,0.0,0.0,0.0,,
pose,,,0.0,,,5556.771547133,,,,0.0,0.0
diagnostics,0.0,"[0.0,0.0,0.0,0.0]",,0.0,"[0.0,0.0,0.0,0.0]",5556.790647688,,,,,
pose,,,0.0,,,5556.791398211,,,,0.0,0.0
wheel_odom,,,,,,5556.810279958,0.0,0.0,0.0,,
pose,,,0.0,,,5556.810699387,,,,0.0,0.0
wheel_odom,,,,,,5556.830600444,0.0,0.0,0.0,,
diagnostics,0.0,"[0.0,0.0,0.0,0.0]",,0.0,"[0.0,0.0,0.0,0.0]",5556.831118109,,,,,
pose,,,0.0,,,5556.831275811,,,,0.0,0.0
wheel_odom,,,,,,5556.850857386,0.0,0.0,0.0,,
pose,,,0.0,,,5556.851569012,,,,0.0,0.0
wheel_odom,,,,,,5556.870355726,0.0,0.0,0.0,,
pose,,,0.0,,,5556.87065324,,,,0.0,0.0
diagnostics,0.0,"[0.0,0.0,0.0,0.0]",,0.0,"[0.0,0.0,0.0,0.0]",5556.890413526,,,,,
pose,,,0.0,,,5556.890666274,,,,0.0,0.0
wheel_odom,,,,,,5556.911371474,0.0,0.0,0.0,,
pose,,,0.0,,,5556.912210521,,,,0.0,0.0
wheel_odom,,,,,,5556.931725019,0.0,0.0,0.0,,
diagnostics,0.0,"[0.0,0.0,0.0,0.0]",,0.0,"[0.0,0.0,0.0,0.0]",5556.932444689,,,,,
pose,,,0.0,,,5556.932690137,,,,0.0,0.0
wheel_odom,,,,,,5556.951107674,0.0,0.0,0.0,,
pose,,,0.0,,,5556.95172945,,,,0.0,0.0
wheel_odom,,,,,,5556.97075081,0.0,0.0,0.0,,
pose,,,0.0,,,5556.971311488,,,,0.0,0.0
diagnostics,0.0,"[0.0,0.0,0.0,0.0]",,0.0,"[0.0,0.0,0.0,0.0]",5556.990339144,,,,,
pose,,,0.0,,,5556.99086594,,,,0.0,0.0
wheel_odom,,,,,,5557.010244938,0.0,0.0,0.0,,
pose,,,0.0,,,5557.010706438,,,,0.0,0.0
wheel_odom,,,,,,5557.032191579,0.0,0.0,0.0,,
diagnostics,0.0,"[0.0,0.0,0.0,0.0]",,0.0,"[0.0,0.0,0.0,0.0]",5557.032909432,,,,,
pose,,,0.0,,,5557.034280597,,,,0.0,0.0
wheel_odom,,,,,,5557.050862098,0.0,0.0,0.0,,
pose,,,0.0,,,5557.051370054,,,,0.0,0.0
wheel_odom,,,,,,5557.070047778,0.0,0.0,0.0,,
pose,,,0.0,,,5557.070293467,,,,0.0,0.0
diagnostics,0.0,"[0.0,0.0,0.0,0.0]",,0.0,"[0.0,0.0,0.0,0.0]",5557.090632471,,,,,
pose,,,0.0,,,5557.091214226,,,,0.0,0.0
wheel_odom,,,,,,5557.110235864,0.0,0.0,0.0,,
pose,,,0.0,,,5557.110713625,,,,0.0,0.0
wheel_odom,,,,,,5557.130639209,0.0,0.0,0.0,,
diagnostics,0.0,"[0.0,0.0,0.0,0.0]",,0.0,"[0.0,0.0,0.0,0.0]",5557.130964987,,,,,
pose,,,0.0,,,5557.131261392,,,,0.0,0.0
wheel_odom,,,,,,5557.150969525,0.0,0.0,0.0,,
pose,,,0.0,,,5557.151676315,,,,0.0,0.0
pose,,,0.0,,,5557.171245713,,,,0.0,0.0
wheel_odom,,,,,,5557.191093304,0.0,0.0,0.0,,
diagnostics,0.0,"[0.0,0.0,0.0,0.0]",,0.0,"[0.0,0.0,0.0,0.0]",5557.191809681,,,,,
pose,,,0.0,,,5557.192118467,,,,0.0,0.0
wheel_odom,,,,,,5557.210264147,0.0,0.0,0.0,,
pose,,,0.0,,,5557.210662782,,,,0.0,0.0
wheel_odom,,,,,,5557.230527235,0.0,0.0,0.0,,
diagnostics,0.0,"[0.0,0.0,0.0,0.0]",,0.0,"[0.0,0.0,0.0,0.0]",5557.230909841,,,,,
pose,,,0.0,,,5557.231074213,,,,0.0,0.0
wheel_odom,,,,,,5557.253426956,0.0,0.0,0.0,,
pose,,,0.0,,,5557.253630205,,,,0.0,0.0
wheel_odom,,,,,,5557.270246973,0.0,0.0,0.0,,
pose,,,0.0,,,5557.270511209,,,,0.0,0.0
diagnostics,0.0,"[0.0,0.0,0.0,0.0]",,0.0,"[0.0,0.0,0.0,0.0]",5557.289961476,,,,,
pose,,,0.0,,,5557.290272119,,,,0.0,0.0
wheel_odom,,,,,,5557.311174473,0.0,0.0,0.0,,
pose,,,0.0,,,5557.311903216,,,,0.0,0.0
wheel_odom,,,,,,5557.331363677,0.0,0.0,0.0,,
diagnostics,0.0,"[0.0,0.0,0.0,0.0]",,0.0,"[0.0,0.0,0.0,0.0]",5557.332089361,,,,,
pose,,,0.0,,,5557.332554753,,,,0.0,0.0
wheel_odom,,,,,,5557.350076345,0.0,0.0,0.0,,
pose,,,0.0,,,5557.350603755,,,,0.0,0.0
wheel_odom,,,,,,5557.370800634,0.0,0.0,0.0,,
pose,,,0.0,,,5557.37143151,,,,0.0,0.0
diagnostics,0.0,"[0.0,0.0,0.0,0.0]",,0.0,"[0.0,0.0,0.0,0.0]",5557.392566986,,,,,
pose,,,0.0,,,5557.393490841,,,,0.0,0.0
wheel_odom,,,,,,5557.411219247,0.0,0.0,0.0,,
pose,,,0.0,,,5557.412575698,,,,0.0,0.0
wheel_odom,,,,,,5557.431969353,0.0,0.0,0.0,,
diagnostics,0.0,"[0.0,0.0,0.0,0.0]",,0.0,"[0.0,0.0,0.0,0.0]",5557.432744443,,,,,
pose,,,0.0,,,5557.433659312,,,,0.0,0.0
wheel_odom,,,,,,5557.451260385,0.0,0.0,0.0,,
pose,,,0.0,,,5557.45235546,,,,0.0,0.0
pose,,,0.0,,,5557.470375324,,,,0.0,0.0
wheel_odom,,,,,,5557.490518636,0.0,0.0,0.0,,
diagnostics,0.0,"[0.0,0.0,0.0,0.0]",,0.0,"[0.0,0.0,0.0,0.0]",5557.491545422,,,,,
pose,,,0.0,,,5557.492213897,,,,0.0,0.0
wheel_odom,,,,,,5557.510167086,0.0,0.0,0.0,,
pose,,,0.0,,,5557.510516608,,,,0.0,0.0
wheel_odom,,,,,,5557.53052638,0.0,0.0,0.0,,
diagnostics,0.0,"[0.0,0.0,0.0,0.0]",,0.0,"[0.0,0.0,0.0,0.0]",5557.530806634,,,,,
pose,,,0.0,,,5557.531095461,,,,0.0,0.0
wheel_odom,,,,,,5557.550803383,0.0,0.0,0.0,,
pose,,,0.0,,,5557.551349402,,,,0.0,0.0
cmd,,,,,,5557.567500856,0.11000000000000001,-0.010249623097479343,0.0008728271350264549,,
pose,,,0.0,,,5557.570950141,,,,0.0,0.0
wheel_odom,,,,,,5557.590682642,0.0,0.0,0.0,,
diagnostics,0.0,"[0.0,0.0,0.0,0.0]",,0.0,"[0.0,0.0,0.0,0.0]",5557.591330085,,,,,
pose,,,0.0,,,5557.591588856,,,,0.0,0.0
pose,,,0.0,,,5557.610657663,,,,0.0,0.0
cmd,,,,,,5557.617570946,0.22000000000000003,0.013701513409614563,0.022948842495679855,,
wheel_odom,,,,,,5557.63113857,0.0,0.0,0.0,,
pose,,,0.0,,,5557.632290569,,,,0.0,0.0
wheel_odom,,,,,,5557.650663912,0.0,0.0,0.0,,
diagnostics,0.0,"[0.0,0.0,0.0,0.0]",,0.0,"[0.0,0.0,0.0,0.0]",5557.651072758,,,,,
pose,,,0.0,,,5557.651228329,,,,0.0,0.0
cmd,,,,,,5557.667590293,0.33000000000000007,-0.013500411063432693,0.04667529836297035,,
wheel_odom,,,,,,5557.670519928,0.0,0.0,0.0,,
pose,,,0.0,,,5557.67105854,,,,0.0,0.0
wheel_odom,,,,,,5557.690775121,0.0,0.0,0.0,,
pose,,,0.0,,,5557.691366558,,,,0.0,0.0
diagnostics,0.0,"[0.0,0.0,0.0,0.0]",,0.0,"[0.0,0.0,0.0,0.0]",5557.709814111,,,,,
pose,,,0.0,,,5557.71016583,,,,0.0,0.0
cmd,,,,,,5557.717414187,0.44000000000000006,0.03723510354757309,0.05272972583770752,,
wheel_odom,,,,,,5557.730324534,0.0,0.0,0.0,,
pose,,,0.0,,,5557.730614837,,,,0.0,0.0
wheel_odom,,,,,,5557.751364536,0.0,0.0,0.0,,
diagnostics,0.0,"[0.0,0.0,0.0,0.0]",,0.0,"[0.0,0.0,0.0,0.0]",5557.752124681,,,,,
pose,,,0.0,,,5557.752715337,,,,0.0,0.0
cmd,,,,,,5557.7676663,0.55,0.030794905498623848,0.06721074879169464,,
wheel_odom,,,,,,5557.770721426,0.0,0.0,0.0,,
pose,,,0.0,,,5557.771365808,,,,0.0,0.0
wheel_odom,,,,,,5557.790423687,0.0,0.0,0.0,,
pose,,,0.0,,,5557.790863631,,,,0.0,0.0
diagnostics,0.0,"[0.0,0.0,0.0,0.0]",,0.0,"[0.0,0.0,0.0,0.0]",5557.809858957,,,,,
pose,,,0.0,,,5557.810442184,,,,0.0,0.0
cmd,,,,,,5557.819429074,0.66,0.04487374424934387,0.07867036759853363,,
wheel_odom,,,,,,5557.830840236,0.0,0.0,0.0,,
pose,,,0.0,,,5557.831543205,,,,0.0,0.0
wheel_odom,,,,,,5557.850287021,0.0,0.0,0.0,,
diagnostics,0.0,"[0.0,0.0,0.0,0.0]",,0.0,"[0.0,0.0,0.0,0.0]",5557.850628326,,,,,
pose,,,0.0,,,5557.850763815,,,,0.0,0.0
cmd,,,,,,5557.867547402,0.77,0.047816693782806396,0.08633646368980408,,
wheel_odom,,,,,,5557.870492984,0.0,0.0,0.0,,
pose,,,0.0,,,5557.871094925,,,,0.0,0.0
wheel_odom,,,,,,5557.890631113,0.0,0.0,0.0,,
pose,,,0.0,,,5557.891082538,,,,0.0,0.0
diagnostics,0.0,"[0.0,0.0,0.0,0.0]",,0.0,"[0.0,0.0,0.0,0.0]",5557.909841279,,,,,
pose,,,0.0,,,5557.910154865,,,,0.0,0.0
cmd,,,,,,5557.917333195,0.8412045836448669,0.07190558314323425,0.07271133363246918,,
wheel_odom,,,,,,5557.930307454,0.0,0.0,0.0,,
pose,,,0.0,,,5557.93064083,,,,0.0,0.0
wheel_odom,,,,,,5557.951209117,0.0,0.0,0.0,,
diagnostics,0.0,"[0.0,0.0,0.0,0.0]",,0.0,"[0.0,0.0,0.0,0.0]",5557.952030821,,,,,
pose,,,0.0,,,5557.952309152,,,,0.0,0.0
cmd,,,,,,5557.967589579,0.8971048593521118,0.0704059973359108,0.07471084594726562,,
wheel_odom,,,,,,5557.970829744,0.0,0.0,0.0,,
pose,,,0.0,,,5557.971759566,,,,0.0,0.0
wheel_odom,,,,,,5557.991137373,0.0,0.0,0.0,,
pose,,,0.0,,,5557.991812537,,,,0.0,0.0
diagnostics,0.0,"[0.0,0.0,0.0,0.0]",,0.0,"[0.0,0.0,0.0,0.0]",5558.00979434,,,,,
pose,,,0.0,,,5558.010109468,,,,0.0,0.0
cmd,,,,,,5558.017365282,0.9420628547668457,0.027408216148614883,0.08199663460254669,,
wheel_odom,,,,,,5558.030566543,0.0,0.0,0.0,,
pose,,,0.0,,,5558.030996703,,,,0.0,0.0
wheel_odom,,,,,,5558.051043796,0.0,0.0,0.0,,
diagnostics,0.0,"[0.0,0.0,0.0,0.0]",,0.0,"[0.0,0.0,0.0,0.0]",5558.051571608,,,,,
pose,,,0.0,,,5558.052056756,,,,0.0,0.0
cmd,,,,,,5558.067533171,0.9670392870903015,-0.03223351389169693,0.08366423100233078,,
wheel_odom,,,,,,5558.070157309,0.0,0.0,0.0,,
pose,,,0.0,,,5558.070530117,,,,0.0,0.0
wheel_odom,,,,,,5558.090381762,0.0,0.0,0.0,,
pose,,,0.0,,,5558.090787435,,,,0.0,0.0
diagnostics,0.0,"[0.0,0.0,0.0,0.0]",,0.0,"[0.0,0.0,0.0,0.0]",5558.110145898,,,,,
pose,,,0.0,,,5558.111169244,,,,0.0,0.0
cmd,,,,,,5558.117670693,0.9868212938308716,-0.06340760737657547,0.06397759914398193,,
wheel_odom,,,,,,5558.131234023,0.0,0.0,0.0,,
pose,,,0.0,,,5558.131952924,,,,0.0,0.0
wheel_odom,,,,,,5558.150947853,0.0,0.0,0.0,,
diagnostics,0.0,"[0.0,0.0,0.0,0.0]",,0.0,"[0.0,0.0,0.0,0.0]",5558.151476546,,,,,
pose,,,0.0,,,5558.151701751,,,,0.0,0.0
cmd,,,,,,5558.167718447,0.9951503276824951,-0.07246816158294678,0.04427449032664299,,
wheel_odom,,,,,,5558.170776078,0.0,0.0,0.0,,
pose,,,0.0,,,5558.171396801,,,,0.0,0.0
wheel_odom,,,,,,5558.190867185,0.0,0.0,0.0,,
pose,,,0.0,,,5558.191481043,,,,0.0,0.0
diagnostics,0.0,"[0.0,0.0,0.0,0.0]",,0.0,"[0.0,0.0,0.0,0.0]",5558.209849174,,,,,
pose,,,0.0,,,5558.210203325,,,,0.0,0.0
cmd,,,,,,5558.217305221,0.9989290833473206,-0.06128084659576416,0.024128643795847893,,
wheel_odom,,,,,,5558.230305721,0.0,0.0,0.0,,
pose,,,0.0,,,5558.230540905,,,,0.0,0.0
wheel_odom,,,,,,5558.251302989,0.0,0.0,0.0,,
diagnostics,0.0,"[0.0,0.0,0.0,0.0]",,0.0,"[0.0,0.0,0.0,0.0]",5558.252024083,,,,,
pose,,,0.0,,,5558.252323468,,,,0.0,0.0
cmd,,,,,,5558.267590498,1.0094267129898071,-0.03835231810808182,0.007170034572482109,,
wheel_odom,,,,,,5558.270663488,0.0,0.0,0.0,,
pose,,,0.0,,,5558.271351164,,,,0.0,0.0
wheel_odom,,,,,,5558.291204006,0.0,0.0,0.0,,
pose,,,0.0,,,5558.291982048,,,,0.0,0.0
diagnostics,0.0,"[0.0,0.0,0.0,0.0]",,0.0,"[0.0,0.0,0.0,0.0]",5558.310143456,,,,,
pose,,,0.0,,,5558.310802721,,,,0.0,0.0
cmd,,,,,,5558.317529697,1.0354125499725342,-0.01965264230966568,-0.005714031867682934,,
wheel_odom,,,,,,5558.330860424,0.0,0.0,0.0,,
pose,,,0.0,,,5558.331542695,,,,0.0,0.0
wheel_odom,,,,,,5558.353625032,0.0,0.0,0.0,,
diagnostics,0.0,"[0.0,0.0,0.0,0.0]",,0.0,"[0.0,0.0,0.0,0.0]",5558.354416121,,,,,
pose,,,0.0,,,5558.354760888,,,,0.0,0.0
cmd,,,,,,5558.367624018,1.0723047256469727,-0.006850278005003929,-0.014411869458854198,,
wheel_odom,,,,,,5558.370210729,0.0,0.0,0.0,,
pose,,,0.0,,,5558.370545796,,,,0.0,0.0
wheel_odom,,,,,,5558.39032055,0.0,0.0,0.0,,
pose,,,0.0,,,5558.39061306,,,,0.0,0.0
diagnostics,0.0,"[0.0,0.0,0.0,0.0]",,0.0,"[0.0,0.0,0.0,0.0]",5558.41024824,,,,,
pose,,,0.0,,,5558.411586278,,,,0.0,0.0
cmd,,,,,,5558.417665567,1.112764835357666,0.008199261501431465,-0.018868479877710342,,
wheel_odom,,,,,,5558.430885226,0.0,0.0,0.0,,
pose,,,0.0,,,5558.431602164,,,,0.0,0.0
wheel_odom,,,,,,5558.450835748,0.0,0.0,0.0,,
diagnostics,0.0,"[0.0,0.0,0.0,0.0]",,0.0,"[0.0,0.0,0.0,0.0]",5558.451315817,,,,,
pose,,,0.0,,,5558.451490102,,,,0.0,0.0
cmd,,,,,,5558.467360097,1.1453627347946167,0.02238701656460762,-0.022530924528837204,,
wheel_odom,,,,,,5558.469963706,0.0,0.0,0.0,,
pose,,,0.0,,,5558.470246864,,,,0.0,0.0
wheel_odom,,,,,,5558.491869742,0.0,0.0,0.0,,
pose,,,0.0,,,5558.492632561,,,,0.0,0.0
diagnostics,0.0,"[0.0,0.0,0.0,0.0]",,0.0,"[0.0,0.0,0.0,0.0]",5558.509845759,,,,,
pose,,,0.0,,,5558.510302313,,,,0.0,0.0
cmd,,,,,,5558.517387197,1.1733359098434448,0.02753690630197525,-0.020341267809271812,,
wheel_odom,,,,,,5558.530332749,0.0,0.0,0.0,,
pose,,,0.0,,,5558.530746333,,,,0.0,0.0
wheel_odom,,,,,,5558.551536019,0.0,0.0,0.0,,
diagnostics,0.0,"[0.0,0.0,0.0,0.0]",,0.0,"[0.0,0.0,0.0,0.0]",5558.552291266,,,,,
pose,,,0.0,,,5558.552560052,,,,0.0,0.0
cmd,,,,,,5558.567625636,1.1842414140701294,0.03300778195261955,-0.01516126748174429,,
wheel_odom,,,,,,5558.570481263,0.0,0.0,0.0,,
pose,,,0.0,,,5558.57107557,,,,0.0,0.0
wheel_odom,,,,,,5558.59042821,0.0,0.0,0.0,,
pose,,,0.0,,,5558.590815936,,,,0.0,0.0
diagnostics,0.0,"[0.0,0.0,0.0,0.0]",,0.0,"[0.0,0.0,0.0,0.0]",5558.609771733,,,,,
pose,,,0.0,,,5558.610121822,,,,0.0,0.0
cmd,,,,,,5558.617501605,1.1863335371017456,0.03355066850781441,-0.00957469828426838,,
wheel_odom,,,,,,5558.630384648,0.0,0.0,0.0,,
pose,,,0.0,,,5558.630935169,,,,0.0,0.0
wheel_odom,,,,,,5558.650824814,0.0,0.0,0.0,,
diagnostics,0.0,"[0.0,0.0,0.0,0.0]",,0.0,"[0.0,0.0,0.0,0.0]",5558.651163118,,,,,
pose,,,0.0,,,5558.651471203,,,,0.0,0.0
cmd,,,,,,5558.667574052,1.1850775480270386,0.028008371591567993,-0.004228762350976467,,
wheel_odom,,,,,,5558.670147229,0.0,0.0,0.0,,
pose,,,0.0,,,5558.670522437,,,,0.0,0.0
wheel_odom,,,,,,5558.690254726,0.0,0.0,0.0,,
pose,,,0.0,,,5558.690699351,,,,0.0,0.0
diagnostics,0.0,"[0.0,0.0,0.0,0.0]",,0.0,"[0.0,0.0,0.0,0.0]",5558.710243057,,,,,
pose,,,0.0,,,5558.7112799,,,,0.0,0.0
cmd,,,,,,5558.717667832,1.184183955192566,0.02060852013528347,-0.0003549349494278431,,
wheel_odom,,,,,,5558.731010009,0.0,0.0,0.0,,
pose,,,0.0,,,5558.731625316,,,,0.0,0.0
wheel_odom,,,,,,5558.750285207,0.0,0.0,0.0,,
diagnostics,0.0,"[0.0,0.0,0.0,0.0]",,0.0,"[0.0,0.0,0.0,0.0]",5558.7506001,,,,,
pose,,,0.0,,,5558.750696005,,,,0.0,0.0
cmd,,,,,,5558.767457367,1.1811879873275757,0.01437479816377163,0.0015841791173443198,,
wheel_odom,,,,,,5558.770226634,0.0,0.0,0.0,,
pose,,,0.0,,,5558.770622911,,,,0.0,0.0
wheel_odom,,,,,,5558.790568037,0.0,0.0,0.0,,
diagnostics,0.0,"[0.0,0.0,0.0,0.0]",,0.0,"[0.0,0.0,0.0,0.0]",5558.790995719,,,,,
pose,,,0.0,,,5558.791474569,,,,0.0,0.0
pose,,,0.0,,,5558.811249738,,,,0.0,0.0
cmd,,,,,,5558.817620296,1.1740238666534424,0.009821735322475433,0.0027412741910666227,,
wheel_odom,,,,,,5558.830895846,0.0,0.0,0.0,,
pose,,,0.0,,,5558.831547021,,,,0.0,0.0
wheel_odom,,,,,,5558.851275377,0.0,0.0,0.0,,
diagnostics,0.0,"[0.0,0.0,0.0,0.0]",,0.0,"[0.0,0.0,0.0,0.0]",5558.851562171,,,,,
pose,,,0.0,,,5558.851655223,,,,0.0,0.0
cmd,,,,,,5558.867535569,1.1638638973236084,0.006209783721715212,0.0031792172230780125,,
wheel_odom,,,,,,5558.870139733,0.0,0.0,0.0,,
pose,,,0.0,,,5558.870407042,,,,0.0,0.0
wheel_odom,,,,,,5558.890606332,0.0,0.0,0.0,,
diagnostics,0.0,"[0.0,0.0,0.0,0.0]",,0.0,"[0.0,0.0,0.0,0.0]",5558.891034524,,,,,
pose,,,0.0,,,5558.891183666,,,,0.0,0.0
pose,,,0.0,,,5558.911426337,,,,0.0,0.0
cmd,,,,,,5558.917712938,1.1526795625686646,0.005345470737665892,0.0034098990727216005,,
wheel_odom,,,,,,5558.930757812,0.0,0.0,0.0,,
pose,,,0.0,,,5558.931419242,,,,0.0,0.0
pose,,,0.0,,,5558.950339908,,,,0.0,0.0
cmd,,,,,,5558.967536916,1.1421990394592285,0.004404766950756311,0.003069870173931122,,
wheel_odom,,,,,,5558.97053375,0.0,0.0,0.0,,
diagnostics,0.0,"[0.0,0.0,0.0,0.0]",,0.0,"[0.0,0.0,0.0,0.0]",5558.970886463,,,,,
pose,,,0.0,,,5558.971013597,,,,0.0,0.0
wheel_odom,,,,,,5558.990446452,0.0,0.0,0.0,,
pose,,,0.0,,,5558.990879704,,,,0.0,0.0
wheel_odom,,,,,,5559.010784085,0.0,0.0,0.0,,
diagnostics,0.0,"[0.0,0.0,0.0,0.0]",,0.0,"[0.0,0.0,0.0,0.0]",5559.011335673,,,,,
pose,,,0.0,,,5559.011568687,,,,0.0,0.0
cmd,,,,,,5559.017421355,1.133097767829895,0.005484161898493767,0.002891071140766144,,
wheel_odom,,,,,,5559.031671008,0.0,0.0,0.0,,
pose,,,0.0,,,5559.031945734,,,,0.0,0.0
pose,,,0.0,,,5559.051123649,,,,0.0,0.0
cmd,,,,,,5559.067624093,1.068097767829895,0.0,0.0,,
wheel_odom,,,,,,5559.072195476,0.0,0.0,0.0,,
diagnostics,0.0,"[0.0,0.0,0.0,0.0]",,0.0,"[0.0,0.0,0.0,0.0]",5559.073048458,,,,,
pose,,,0.0,,,5559.073514997,,,,0.0,0.0
wheel_odom,,,,,,5559.091037438,0.0,0.0,0.0,,
pose,,,0.0,,,5559.091806971,,,,0.0,0.0
wheel_odom,,,,,,5559.11029062,0.0,0.0,0.0,,
diagnostics,0.0,"[0.0,0.0,0.0,0.0]",,0.0,"[0.0,0.0,0.0,0.0]",5559.110583211,,,,,
pose,,,0.0,,,5559.11068575,,,,0.0,0.0
cmd,,,,,,5559.117361416,1.0030977678298951,0.0,0.0,,
wheel_odom,,,,,,5559.130144438,0.0,0.0,0.0,,
pose,,,0.0,,,5559.1303833,,,,0.0,0.0
pose,,,0.0,,,5559.150288568,,,,0.0,0.0
cmd,,,,,,5559.167415617,0.9380977678298952,0.0,0.0,,
wheel_odom,,,,,,5559.170222825,0.0,0.0,0.0,,
diagnostics,0.0,"[0.0,0.0,0.0,0.0]",,0.0,"[0.0,0.0,0.0,0.0]",5559.170506685,,,,,
pose,,,0.0,,,5559.170780454,,,,0.0,0.0
wheel_odom,,,,,,5559.190141477,0.0,0.0,0.0,,
pose,,,0.0,,,5559.190431338,,,,0.0,0.0
wheel_odom,,,,,,5559.210373966,0.0,0.0,0.0,,
diagnostics,0.0,"[0.0,0.0,0.0,0.0]",,0.0,"[0.0,0.0,0.0,0.0]",5559.210796471,,,,,
pose,,,0.0,,,5559.210958923,,,,0.0,0.0
cmd,,,,,,5559.217461086,0.8730977678298952,0.0,0.0,,
wheel_odom,,,,,,5559.231178067,0.0,0.0,0.0,,
pose,,,0.0,,,5559.231749444,,,,0.0,0.0
pose,,,0.0,,,5559.250553425,,,,0.0,0.0
cmd,,,,,,5559.267512086,0.8080977678298953,0.11000000000000001,0.0052394988015294075,,
wheel_odom,,,,,,5559.27041603,0.0,0.0,0.0,,
diagnostics,0.0,"[0.0,0.0,0.0,0.0]",,0.0,"[0.0,0.0,0.0,0.0]",5559.270695956,,,,,
pose,,,0.0,,,5559.270788169,,,,0.0,0.0
wheel_odom,,,,,,5559.290097146,0.0,0.0,0.0,,
pose,,,0.0,,,5559.290389082,,,,0.0,0.0
wheel_odom,,,,,,5559.310282923,0.0,0.0,0.0,,
diagnostics,0.0,"[0.0,0.0,0.0,0.0]",,0.0,"[0.0,0.0,0.0,0.0]",5559.310616527,,,,,
pose,,,0.0,,,5559.310730881,,,,0.0,0.0
cmd,,,,,,5559.31743134,0.7430977678298953,0.22000000000000003,0.0052394988015294075,,
wheel_odom,,,,,,5559.330148974,0.0,0.0,0.0,,
pose,,,0.0,,,5559.33043607,,,,0.0,0.0
pose,,,0.0,,,5559.350608176,,,,0.0,0.0
cmd,,,,,,5559.36761122,0.6780977678298954,0.33000000000000007,0.008845902979373932,,
wheel_odom,,,,,,5559.370957841,0.0,0.0,0.0,,
diagnostics,0.0,"[0.0,0.0,0.0,0.0]",,0.0,"[0.0,0.0,0.0,0.0]",5559.371428768,,,,,
pose,,,0.0,,,5559.371833078,,,,0.0,0.0
wheel_odom,,,,,,5559.390347357,0.0,0.0,0.0,,
pose,,,0.0,,,5559.390644426,,,,0.0,0.0
wheel_odom,,,,,,5559.41229052,0.0,0.0,0.0,,
diagnostics,0.0,"[0.0,0.0,0.0,0.0]",,0.0,"[0.0,0.0,0.0,0.0]",5559.41298791,,,,,
pose,,,0.0,,,5559.413789348,,,,0.0,0.0
cmd,,,,,,5559.417621177,0.6130977678298954,0.44000000000000006,0.008380088955163956,,
wheel_odom,,,,,,5559.430540048,0.0,0.0,0.0,,
pose,,,0.0,,,5559.431128408,,,,0.0,0.0
pose,,,0.0,,,5559.450268438,,,,0.0,0.0
cmd,,,,,,5559.467731676,0.5480977678298955,0.4542178809642792,0.00430857390165329,,
wheel_odom,,,,,,5559.471074856,0.0,0.0,0.0,,
diagnostics,0.0,"[0.0,0.0,0.0,0.0]",,0.0,"[0.0,0.0,0.0,0.0]",5559.471667665,,,,,
pose,,,0.0,,,5559.471945053,,,,0.0,0.0
wheel_odom,,,,,,5559.490702495,0.0,0.0,0.0,,
pose,,,0.0,,,5559.491357737,,,,0.0,0.0
wheel_odom,,,,,,5559.510676648,0.0,0.0,0.0,,
diagnostics,0.0,"[0.0,0.0,0.0,0.0]",,0.0,"[0.0,0.0,0.0,0.0]",5559.511204773,,,,,
pose,,,0.0,,,5559.511459856,,,,0.0,0.0
cmd,,,,,,5559.517358959,0.6070616245269775,0.5642178809642792,0.0015989067032933235,,
wheel_odom,,,,,,5559.530367507,0.0,0.0,0.0,,
pose,,,0.0,,,5559.530684974,,,,0.0,0.0
pose,,,0.0,,,5559.551219919,,,,0.0,0.0
cmd,,,,,,5559.567611238,0.6070616245269775,0.6383988857269287,0.0015989067032933235,,
wheel_odom,,,,,,5559.571144658,0.0,0.0,0.0,,
diagnostics,0.0,"[0.0,0.0,0.0,0.0]",,0.0,"[0.0,0.0,0.0,0.0]",5559.571502652,,,,,
pose,,,0.0,,,5559.57208594,,,,0.0,0.0
wheel_odom,,,,,,5559.590234765,0.0,0.0,0.0,,
pose,,,0.0,,,5559.590626877,,,,0.0,0.0
wheel_odom,,,,,,5559.610664102,0.0,0.0,0.0,,
diagnostics,0.0,"[0.0,0.0,0.0,0.0]",,0.0,"[0.0,0.0,0.0,0.0]",5559.611388262,,,,,
pose,,,0.0,,,5559.611642648,,,,0.0,0.0
cmd,,,,,,5559.617707171,0.6287124156951904,0.733856201171875,0.00401438120752573,,
wheel_odom,,,,,,5559.630368078,0.0,0.0,0.0,,
pose,,,0.0,,,5559.630775547,,,,0.0,0.0
pose,,,0.0,,,5559.650340474,,,,0.0,0.0
cmd,,,,,,5559.667772487,0.6588122248649597,0.8133418560028076,0.006062554661184549,,
wheel_odom,,,,,,5559.671270526,0.0,0.0,0.0,,
diagnostics,0.0,"[0.0,0.0,0.0,0.0]",,0.0,"[0.0,0.0,0.0,0.0]",5559.671893318,,,,,
pose,,,0.0,,,5559.672201322,,,,0.0,0.0
wheel_odom,,,,,,5559.690820134,0.0,0.0,0.0,,
pose,,,0.0,,,5559.691534774,,,,0.0,0.0
wheel_odom,,,,,,5559.71032261,0.0,0.0,0.0,,
diagnostics,0.0,"[0.0,0.0,0.0,0.0]",,0.0,"[0.0,0.0,0.0,0.0]",5559.710725962,,,,,
pose,,,0.0,,,5559.710889772,,,,0.0,0.0
cmd,,,,,,5559.717420435,0.7662679553031921,0.9233418560028076,0.010949390009045601,,
wheel_odom,,,,,,5559.73113798,0.0,0.0,0.0,,
pose,,,0.0,,,5559.731889911,,,,0.0,0.0
pose,,,0.0,,,5559.751526452,,,,0.0,0.0
cmd,,,,,,5559.767576495,0.8301131725311279,1.0333418560028076,0.0128549225628376,,
wheel_odom,,,,,,5559.770778472,0.0,0.0,0.0,,
diagnostics,0.0,"[0.0,0.0,0.0,0.0]",,0.0,"[0.0,0.0,0.0,0.0]",5559.771174354,,,,,
pose,,,0.0,,,5559.77152555,,,,0.0,0.0
wheel_odom,,,,,,5559.790688291,0.0,0.0,0.0,,
pose,,,0.0,,,5559.791287261,,,,0.0,0.0
wheel_odom,,,,,,5559.813211136,0.0,0.0,0.0,,
diagnostics,0.0,"[0.0,0.0,0.0,0.0]",,0.0,"[0.0,0.0,0.0,0.0]",5559.813889115,,,,,
pose,,,0.0,,,5559.814536707,,,,0.0,0.0
cmd,,,,,,5559.81744421,0.8301131725311279,1.0343751907348633,0.0128549225628376,,
wheel_odom,,,,,,5559.830491301,0.0,0.0,0.0,,
pose,,,0.0,,,5559.83096195,,,,0.0,0.0
pose,,,0.0,,,5559.850627642,,,,0.0,0.0
cmd,,,,,,5559.867717876,0.8936259746551514,1.119738221168518,0.014669307507574558,,
wheel_odom,,,,,,5559.871910605,0.0,0.0,0.0,,
diagnostics,0.0,"[0.0,0.0,0.0,0.0]",,0.0,"[0.0,0.0,0.0,0.0]",5559.872661244,,,,,
pose,,,0.0,,,5559.87332859,,,,0.0,0.0
wheel_odom,,,,,,5559.890356419,0.0,0.0,0.0,,
pose,,,0.0,,,5559.890706236,,,,0.0,0.0
wheel_odom,,,,,,5559.910257586,0.0,0.0,0.0,,
diagnostics,0.0,"[0.0,0.0,0.0,0.0]",,0.0,"[0.0,0.0,0.0,0.0]",5559.910550117,,,,,
pose,,,0.0,,,5559.910832604,,,,0.0,0.0
cmd,,,,,,5559.917411474,0.9982024431228638,1.2297382211685182,0.01816793717443943,,
wheel_odom,,,,,,5559.930589633,0.0,0.0,0.0,,
pose,,,0.0,,,5559.931315398,,,,0.0,0.0
pose,,,0.0,,,5559.950690757,,,,0.0,0.0
cmd,,,,,,5559.967783391,0.9982024431228638,1.313903570175171,0.01816793717443943,,
wheel_odom,,,,,,5559.971552312,0.0,0.0,0.0,,
diagnostics,0.0,"[0.0,0.0,0.0,0.0]",,0.0,"[0.0,0.0,0.0,0.0]",5559.971995598,,,,,
pose,,,0.0,,,5559.972742254,,,,0.0,0.0
wheel_odom,,,,,,5559.990630551,0.0,0.0,0.0,,
pose,,,0.0,,,5559.99106242,,,,0.0,0.0
wheel_odom,,,,,,5560.010503817,0.0,0.0,0.0,,
diagnostics,0.0,"[0.0,0.0,0.0,0.0]",,0.0,"[0.0,0.0,0.0,0.0]",5560.010904881,,,,,
pose,,,0.0,,,5560.011070762,,,,0.0,0.0
cmd,,,,,,5560.017357304,1.0539474487304688,1.423903570175171,0.021640315651893616,,
wheel_odom,,,,,,5560.030140126,0.0,0.0,0.0,,
pose,,,0.0,,,5560.030479641,,,,0.0,0.0
pose,,,0.0,,,5560.051617544,,,,0.0,0.0
cmd,,,,,,5560.067494717,1.0539474487304688,1.4688652753829956,0.021640315651893616,,
wheel_odom,,,,,,5560.070633621,0.0,0.0,0.0,,
diagnostics,0.0,"[0.0,0.0,0.0,0.0]",,0.0,"[0.0,0.0,0.0,0.0]",5560.070982634,,,,,
pose,,,0.0,,,5560.071143999,,,,0.0,0.0
wheel_odom,,,,,,5560.090221832,0.0,0.0,0.0,,
pose,,,0.0,,,5560.090603265,,,,0.0,0.0
wheel_odom,,,,,,5560.110567088,0.0,0.0,0.0,,
diagnostics,0.0,"[0.0,0.0,0.0,0.0]",,0.0,"[0.0,0.0,0.0,0.0]",5560.110989102,,,,,
pose,,,0.0,,,5560.111161964,,,,0.0,0.0
cmd,,,,,,5560.117368842,1.083730936050415,1.503621220588684,0.022395532578229904,,
wheel_odom,,,,,,5560.13013305,0.0,0.0,0.0,,
pose,,,0.0,,,5560.130508358,,,,0.0,0.0
pose,,,0.0,,,5560.150287153,,,,0.0,0.0
cmd,,,,,,5560.16772883,1.1022241115570068,1.5026333332061768,0.021414531394839287,,
wheel_odom,,,,,,5560.171213414,0.0,0.0,0.0,,
diagnostics,0.0,"[0.0,0.0,0.0,0.0]",,0.0,"[0.0,0.0,0.0,0.0]",5560.171916436,,,,,
pose,,,0.0,,,5560.172148969,,,,0.0,0.0
wheel_odom,,,,,,5560.190273096,0.0,0.0,0.0,,
pose,,,0.0,,,5560.190658032,,,,0.0,0.0
diagnostics,0.0,"[0.0,0.0,0.0,0.0]",,0.0,"[0.0,0.0,0.0,0.0]",5560.210219853,,,,,
wheel_odom,,,,,,5560.210483173,0.0,0.0,0.0,,
pose,,,0.0,,,5560.210882491,,,,0.0,0.0
cmd,,,,,,5560.217510479,1.212224111557007,1.591426968574524,0.02198604866862297,,
wheel_odom,,,,,,5560.230215385,0.0,0.0,0.0,,
pose,,,0.0,,,5560.230636185,,,,0.0,0.0
pose,,,0.0,,,5560.25025371,,,,0.0,0.0
cmd,,,,,,5560.267529211,1.238154411315918,1.639439344406128,0.021074479445815086,,
wheel_odom,,,,,,5560.2704683,0.0,0.0,0.0,,
diagnostics,0.0,"[0.0,0.0,0.0,0.0]",,0.0,"[0.0,0.0,0.0,0.0]",5560.270813698,,,,,
pose,,,0.0,,,5560.270972818,,,,0.0,0.0
wheel_odom,,,,,,5560.290347879,0.0,0.0,0.0,,
pose,,,0.0,,,5560.290702815,,,,0.0,0.0
wheel_odom,,,,,,5560.310294053,0.0,0.0,0.0,,
diagnostics,0.0,"[0.0,0.0,0.0,0.0]",,0.0,"[0.0,0.0,0.0,0.0]",5560.310707414,,,,,
pose,,,0.0,,,5560.310868382,,,,0.0,0.0
cmd,,,,,,5560.317437687,1.235298752784729,1.6769450902938843,0.018756480887532234,,
wheel_odom,,,,,,5560.330195717,0.0,0.0,0.0,,
pose,,,0.0,,,5560.330585279,,,,0.0,0.0
pose,,,0.0,,,5560.35035934,,,,0.0,0.0
cmd,,,,,,5560.367721906,1.235298752784729,1.6769450902938843,0.018756480887532234,,
wheel_odom,,,,,,5560.370820728,0.0,0.0,0.0,,
diagnostics,0.0,"[0.0,0.0,0.0,0.0]",,0.0,"[0.0,0.0,0.0,0.0]",5560.371468626,,,,,
pose,,,0.0,,,5560.371949636,,,,0.0,0.0
wheel_odom,,,,,,5560.390322138,0.0,0.0,0.0,,
pose,,,0.0,,,5560.39082128,,,,0.0,0.0
wheel_odom,,,,,,5560.410343583,0.0,0.0,0.0,,
diagnostics,0.0,"[0.0,0.0,0.0,0.0]",,0.0,"[0.0,0.0,0.0,0.0]",5560.410720905,,,,,
pose,,,0.0,,,5560.411056596,,,,0.0,0.0
cmd,,,,,,5560.417383202,1.2254681587219238,1.6980541944503784,0.015144952572882175,,
wheel_odom,,,,,,5560.431057545,0.0,0.0,0.0,,
pose,,,0.0,,,5560.431756721,,,,0.0,0.0
pose,,,0.0,,,5560.450595663,,,,0.0,0.0
cmd,,,,,,5560.467535321,1.2140072584152222,1.7046090364456177,0.011050112545490265,,
wheel_odom,,,,,,5560.470631704,0.0,0.0,0.0,,
diagnostics,0.0,"[0.0,0.0,0.0,0.0]",,0.0,"[0.0,0.0,0.0,0.0]",5560.470949398,,,,,
pose,,,0.0,,,5560.4710659,,,,0.0,0.0
pose,,,0.0,,,5560.491114365,,,,0.0,0.0
wheel_odom,,,,,,5560.51058979,0.0,0.0,0.0,,
pose,,,0.0,,,5560.510967733,,,,0.0,0.0
cmd,,,,,,5560.517336052,1.1909749507904053,1.7049453258514404,0.004545728676021099,,
wheel_odom,,,,,,5560.530334381,0.0,0.0,0.0,,
diagnostics,0.0,"[0.0,0.0,0.0,0.0]",,0.0,"[0.0,0.0,0.0,0.0]",5560.530681141,,,,,
pose,,,0.0,,,5560.530831771,,,,0.0,0.0
wheel_odom,,,,,,5560.550944406,0.0,0.0,0.0,,
pose,,,0.0,,,5560.551654459,,,,0.0,0.0
cmd,,,,,,5560.567796756,1.1909749507904053,1.7049453258514404,0.004545728676021099,,
wheel_odom,,,,,,5560.571442364,0.0,0.0,0.0,,
pose,,,0.0,,,5560.572190465,,,,0.0,0.0
diagnostics,0.0,"[0.0,0.0,0.0,0.0]",,0.0,"[0.0,0.0,0.0,0.0]",5560.590624552,,,,,
pose,,,0.0,,,5560.591361879,,,,0.0,0.0
wheel_odom,,,,,,5560.610280636,0.0,0.0,0.0,,
pose,,,0.0,,,5560.610691139,,,,0.0,0.0
cmd,,,,,,5560.617346865,1.1839102506637573,1.7040884494781494,0.0031384897883981466,,
wheel_odom,,,,,,5560.631330196,0.0,0.0,0.0,,
diagnostics,0.0,"[0.0,0.0,0.0,0.0]",,0.0,"[0.0,0.0,0.0,0.0]",5560.632270311,,,,,
pose,,,0.0,,,5560.632670727,,,,0.0,0.0
wheel_odom,,,,,,5560.650278401,0.0,0.0,0.0,,
pose,,,0.0,,,5560.650675049,,,,0.0,0.0
cmd,,,,,,5560.667462199,1.182489037513733,1.703139066696167,0.0027175173163414,,
wheel_odom,,,,,,5560.670529624,0.0,0.0,0.0,,
pose,,,0.0,,,5560.670777626,,,,0.0,0.0
diagnostics,0.0,"[0.0,0.0,0.0,0.0]",,0.0,"[0.0,0.0,0.0,0.0]",5560.690015473,,,,,
pose,,,0.0,,,5560.690319495,,,,0.0,0.0
wheel_odom,,,,,,5560.710604618,0.0,0.0,0.0,,
pose,,,0.0,,,5560.711082786,,,,0.0,0.0
cmd,,,,,,5560.717698845,1.1818293333053589,1.7025973796844482,0.0031305979937314987,,
wheel_odom,,,,,,5560.731015718,0.0,0.0,0.0,,
diagnostics,0.0,"[0.0,0.0,0.0,0.0]",,0.0,"[0.0,0.0,0.0,0.0]",5560.731745423,,,,,
pose,,,0.0,,,5560.732064002,,,,0.0,0.0
wheel_odom,,,,,,5560.750796315,0.0,0.0,0.0,,
pose,,,0.0,,,5560.751491059,,,,0.0,0.0
cmd,,,,,,5560.767938735,1.184187650680542,1.7030470371246338,0.0040480224415659904,,
wheel_odom,,,,,,5560.771730611,0.0,0.0,0.0,,
pose,,,0.0,,,5560.772972319,,,,0.0,0.0
diagnostics,0.0,"[0.0,0.0,0.0,0.0]",,0.0,"[0.0,0.0,0.0,0.0]",5560.790278609,,,,,
pose,,,0.0,,,5560.791026504,,,,0.0,0.0
wheel_odom,,,,,,5560.810262308,0.0,0.0,0.0,,
pose,,,0.0,,,5560.810645449,,,,0.0,0.0
cmd,,,,,,5560.817396132,1.1816704273223877,1.7127496004104614,0.0061997538432478905,,
wheel_odom,,,,,,5560.830874973,0.0,0.0,0.0,,
diagnostics,0.0,"[0.0,0.0,0.0,0.0]",,0.0,"[0.0,0.0,0.0,0.0]",5560.831641474,,,,,
pose,,,0.0,,,5560.831987907,,,,0.0,0.0
wheel_odom,,,,,,5560.850912779,0.0,0.0,0.0,,
pose,,,0.0,,,5560.851603963,,,,0.0,0.0
cmd,,,,,,5560.867530732,1.1816704273223877,1.7127496004104614,0.0061997538432478905,,
wheel_odom,,,,,,5560.87036244,0.0,0.0,0.0,,
pose,,,0.0,,,5560.870734452,,,,0.0,0.0
diagnostics,0.0,"[0.0,0.0,0.0,0.0]",,0.0,"[0.0,0.0,0.0,0.0]",5560.889950699,,,,,
pose,,,0.0,,,5560.890415385,,,,0.0,0.0
wheel_odom,,,,,,5560.910980157,0.0,0.0,0.0,,
pose,,,0.0,,,5560.911648959,,,,0.0,0.0
cmd,,,,,,5560.917578629,1.1809720993041992,1.7224650382995605,0.006995751056820154,,
wheel_odom,,,,,,5560.930873106,0.0,0.0,0.0,,
diagnostics,0.0,"[0.0,0.0,0.0,0.0]",,0.0,"[0.0,0.0,0.0,0.0]",5560.931543116,,,,,
pose,,,0.0,,,5560.931817168,,,,0.0,0.0
wheel_odom,,,,,,5560.950076264,0.0,0.0,0.0,,
pose,,,0.0,,,5560.950453579,,,,0.0,0.0
cmd,,,,,,5560.967504342,1.1828635931015015,1.7359260320663452,0.00767624843865633,,
wheel_odom,,,,,,5560.970336798,0.0,0.0,0.0,,
pose,,,0.0,,,5560.970705232,,,,0.0,0.0
diagnostics,0.0,"[0.0,0.0,0.0,0.0]",,0.0,"[0.0,0.0,0.0,0.0]",5560.989824372,,,,,
pose,,,0.0,,,5560.990276258,,,,0.0,0.0
wheel_odom,,,,,,5561.010247383,0.0,0.0,0.0,,
pose,,,0.0,,,5561.010628663,,,,0.0,0.0
cmd,,,,,,5561.017412037,1.1960867643356323,1.7710072994232178,0.008505793288350105,,
wheel_odom,,,,,,5561.030552997,0.0,0.0,0.0,,
diagnostics,0.0,"[0.0,0.0,0.0,0.0]",,0.0,"[0.0,0.0,0.0,0.0]",5561.031169358,,,,,
pose,,,0.0,,,5561.031472945,,,,0.0,0.0
wheel_odom,,,,,,5561.05087438,0.0,0.0,0.0,,
pose,,,0.0,,,5561.051600438,,,,0.0,0.0
cmd,,,,,,5561.067702902,1.1960867643356323,1.7710072994232178,0.008505793288350105,,
wheel_odom,,,,,,5561.071124258,0.0,0.0,0.0,,
pose,,,0.0,,,5561.07172154,,,,0.0,0.0
diagnostics,0.0,"[0.0,0.0,0.0,0.0]",,0.0,"[0.0,0.0,0.0,0.0]",5561.090153456,,,,,
pose,,,0.0,,,5561.090836726,,,,0.0,0.0
wheel_odom,,,,,,5561.110333296,0.0,0.0,0.0,,
pose,,,0.0,,,5561.110739511,,,,0.0,0.0
cmd,,,,,,5561.117437159,1.2191120386123657,1.8053696155548096,0.009000030346214771,,
wheel_odom,,,,,,5561.130731663,0.0,0.0,0.0,,
diagnostics,0.0,"[0.0,0.0,0.0,0.0]",,0.0,"[0.0,0.0,0.0,0.0]",5561.131460236,,,,,
pose,,,0.0,,,5561.13180596,,,,0.0,0.0
wheel_odom,,,,,,5561.150781626,0.0,0.0,0.0,,
pose,,,0.0,,,5561.151454061,,,,0.0,0.0
cmd,,,,,,5561.167698056,1.2191120386123657,1.8053696155548096,0.009000030346214771,,
wheel_odom,,,,,,5561.171162731,0.0,0.0,0.0,,
pose,,,0.0,,,5561.171844407,,,,0.0,0.0
diagnostics,0.0,"[0.0,0.0,0.0,0.0]",,0.0,"[0.0,0.0,0.0,0.0]",5561.189777753,,,,,
pose,,,0.0,,,5561.190074767,,,,0.0,0.0
wheel_odom,,,,,,5561.210480206,0.0,0.0,0.0,,
pose,,,0.0,,,5561.211033793,,,,0.0,0.0
cmd,,,,,,5561.217577656,1.2318229675292969,1.8213857412338257,0.009284734725952148,,
wheel_odom,,,,,,5561.230244965,0.0,0.0,0.0,,
diagnostics,0.0,"[0.0,0.0,0.0,0.0]",,0.0,"[0.0,0.0,0.0,0.0]",5561.230645289,,,,,
pose,,,0.0,,,5561.230804505,,,,0.0,0.0
wheel_odom,,,,,,5561.250248578,0.0,0.0,0.0,,
pose,,,0.0,,,5561.25072,,,,0.0,0.0
cmd,,,,,,5561.26774885,1.2451577186584473,1.8352454900741577,0.009612232446670532,,
wheel_odom,,,,,,5561.271189107,0.0,0.0,0.0,,
pose,,,0.0,,,5561.271594886,,,,0.0,0.0
diagnostics,0.0,"[0.0,0.0,0.0,0.0]",,0.0,"[0.0,0.0,0.0,0.0]",5561.289683493,,,,,
pose,,,0.0,,,5561.289995228,,,,0.0,0.0
wheel_odom,,,,,,5561.310048237,0.0,0.0,0.0,,
pose,,,0.0,,,5561.310298865,,,,0.0,0.0
cmd,,,,,,5561.317383153,1.2729098796844482,1.8554174900054932,0.010316424071788788,,
wheel_odom,,,,,,5561.330441769,0.0,0.0,0.0,,
diagnostics,0.0,"[0.0,0.0,0.0,0.0]",,0.0,"[0.0,0.0,0.0,0.0]",5561.330852246,,,,,
pose,,,0.0,,,5561.331646249,,,,0.0,0.0
wheel_odom,,,,,,5561.350418803,0.0,0.0,0.0,,
pose,,,0.0,,,5561.350916978,,,,0.0,0.0
cmd,,,,,,5561.367599332,1.2729098796844482,1.8554174900054932,0.010316424071788788,,
wheel_odom,,,,,,5561.370434,0.0,0.0,0.0,,
pose,,,0.0,,,5561.371386536,,,,0.0,0.0
diagnostics,0.0,"[0.0,0.0,0.0,0.0]",,0.0,"[0.0,0.0,0.0,0.0]",5561.389898408,,,,,
pose,,,0.0,,,5561.390198737,,,,0.0,0.0
wheel_odom,,,,,,5561.410151918,0.0,0.0,0.0,,
pose,,,0.0,,,5561.410608007,,,,0.0,0.0
cmd,,,,,,5561.417420836,1.2941830158233643,1.8660067319869995,0.0109790600836277,,
wheel_odom,,,,,,5561.430240809,0.0,0.0,0.0,,
diagnostics,0.0,"[0.0,0.0,0.0,0.0]",,0.0,"[0.0,0.0,0.0,0.0]",5561.430521785,,,,,
pose,,,0.0,,,5561.43061367,,,,0.0,0.0
wheel_odom,,,,,,5561.450182741,0.0,0.0,0.0,,
pose,,,0.0,,,5561.450524424,,,,0.0,0.0
cmd,,,,,,5561.467548352,1.2291830158233643,1.7560067319869994,0.011145737953484058,,
wheel_odom,,,,,,5561.47026285,0.0,0.0,0.0,,
pose,,,0.0,,,5561.470702043,,,,0.0,0.0
diagnostics,0.0,"[0.0,0.0,0.0,0.0]",,0.0,"[0.0,0.0,0.0,0.0]",5561.490178539,,,,,
pose,,,0.0,,,5561.490666201,,,,0.0,0.0
wheel_odom,,,,,,5561.51026287,0.0,0.0,0.0,,
pose,,,0.0,,,5561.510725605,,,,0.0,0.0
cmd,,,,,,5561.517384493,1.1641830158233644,1.6460067319869993,0.016903165727853775,,
wheel_odom,,,,,,5561.530425176,0.0,0.0,0.0,,
diagnostics,0.0,"[0.0,0.0,0.0,0.0]",,0.0,"[0.0,0.0,0.0,0.0]",5561.5307144,,,,,
pose,,,0.0,,,5561.531097787,,,,0.0,0.0
wheel_odom,,,,,,5561.551164996,0.0,0.0,0.0,,
pose,,,0.0,,,5561.552285017,,,,0.0,0.0
cmd,,,,,,5561.567531682,1.1250890493392944,1.5360067319869992,0.016903165727853775,,
wheel_odom,,,,,,5561.570549777,0.0,0.0,0.0,,
pose,,,0.0,,,5561.570871065,,,,0.0,0.0
diagnostics,0.0,"[0.0,0.0,0.0,0.0]",,0.0,"[0.0,0.0,0.0,0.0]",5561.589919651,,,,,
pose,,,0.0,,,5561.590637485,,,,0.0,0.0
wheel_odom,,,,,,5561.611316022,0.0,0.0,0.0,,
pose,,,0.0,,,5561.61241475,,,,0.0,0.0
cmd,,,,,,5561.617630043,1.1135270595550537,1.4260067319869991,0.015036332421004772,,
wheel_odom,,,,,,5561.63067856,0.0,0.0,0.0,,
diagnostics,0.0,"[0.0,0.0,0.0,0.0]",,0.0,"[0.0,0.0,0.0,0.0]",5561.631231893,,,,,
pose,,,0.0,,,5561.631403982,,,,0.0,0.0
wheel_odom,,,,,,5561.650813917,0.0,0.0,0.0,,
pose,,,0.0,,,5561.651306815,,,,0.0,0.0
cmd,,,,,,5561.667408826,1.1083556413650513,1.4068702459335327,0.009895529597997665,,
wheel_odom,,,,,,5561.670252019,0.0,0.0,0.0,,
pose,,,0.0,,,5561.67056144,,,,0.0,0.0
diagnostics,0.0,"[0.0,0.0,0.0,0.0]",,0.0,"[0.0,0.0,0.0,0.0]",5561.689796216,,,,,
pose,,,0.0,,,5561.690239328,,,,0.0,0.0
pose,,,0.0,,,5561.710892627,,,,0.0,0.0
cmd,,,,,,5561.717452506,1.1083556413650513,1.4068702459335327,0.009895529597997665,,
wheel_odom,,,,,,5561.73107866,0.0,0.0,0.0,,
pose,,,0.0,,,5561.731846053,,,,0.0,0.0
wheel_odom,,,,,,5561.750680604,0.0,0.0,0.0,,
diagnostics,0.0,"[0.0,0.0,0.0,0.0]",,0.0,"[0.0,0.0,0.0,0.0]",5561.75126347,,,,,
pose,,,0.0,,,5561.751465234,,,,0.0,0.0
cmd,,,,,,5561.767643767,1.0782699584960938,1.5168702459335328,0.013247963972389698,,
wheel_odom,,,,,,5561.770514203,0.0,0.0,0.0,,
pose,,,0.0,,,5561.771311537,,,,0.0,0.0
wheel_odom,,,,,,5561.790871229,0.0,0.0,0.0,,
diagnostics,0.0,"[0.0,0.0,0.0,0.0]",,0.0,"[0.0,0.0,0.0,0.0]",5561.791602073,,,,,
pose,,,0.0,,,5561.791863094,,,,0.0,0.0
wheel_odom,,,,,,5561.811394125,0.0,0.0,0.0,,
pose,,,0.0,,,5561.812217495,,,,0.0,0.0
cmd,,,,,,5561.817628482,1.0378648042678833,1.542791485786438,0.01601320132613182,,
pose,,,0.0,,,5561.830925861,,,,0.0,0.0
diagnostics,0.0,"[0.0,0.0,0.0,0.0]",,0.0,"[0.0,0.0,0.0,0.0]",5561.85015357,,,,,
wheel_odom,,,,,,5561.850367451,0.0,0.0,0.0,,
pose,,,0.0,,,5561.850597556,,,,0.0,0.0
cmd,,,,,,5561.867641119,1.0511493682861328,1.5772501230239868,0.018642455339431763,,
wheel_odom,,,,,,5561.870278682,0.0,0.0,0.0,,
pose,,,0.0,,,5561.87118431,,,,0.0,0.0
wheel_odom,,,,,,5561.891212171,0.0,0.0,0.0,,
diagnostics,0.0,"[0.0,0.0,0.0,0.0]",,0.0,"[0.0,0.0,0.0,0.0]",5561.891973244,,,,,
pose,,,0.0,,,5561.892306079,,,,0.0,0.0
wheel_odom,,,,,,5561.910867112,0.0,0.0,0.0,,
pose,,,0.0,,,5561.91153471,,,,0.0,0.0
cmd,,,,,,5561.917479539,1.1240663528442383,1.588902235031128,0.02043589949607849,,
pose,,,0.0,,,5561.930641194,,,,0.0,0.0
wheel_odom,,,,,,5561.950857209,0.0,0.0,0.0,,
diagnostics,0.0,"[0.0,0.0,0.0,0.0]",,0.0,"[0.0,0.0,0.0,0.0]",5561.951596519,,,,,
pose,,,0.0,,,5561.951870628,,,,0.0,0.0
cmd,,,,,,5561.967592034,1.2185051441192627,1.6109215021133423,0.019957976415753365,,
wheel_odom,,,,,,5561.972913132,0.0,0.0,0.0,,
pose,,,0.0,,,5561.973707355,,,,0.0,0.0
wheel_odom,,,,,,5561.990794953,0.0,0.0,0.0,,
diagnostics,0.0,"[0.0,0.0,0.0,0.0]",,0.0,"[0.0,0.0,0.0,0.0]",5561.991217488,,,,,
pose,,,0.0,,,5561.991410324,,,,0.0,0.0
wheel_odom,,,,,,5562.010401152,0.0,0.0,0.0,,
pose,,,0.0,,,5562.010957533,,,,0.0,0.0
cmd,,,,,,5562.017358199,1.2712392807006836,1.642240047454834,0.017551066353917122,,
wheel_odom,,,,,,5562.031035383,0.0,0.0,0.0,,
pose,,,0.0,,,5562.031693513,,,,0.0,0.0
diagnostics,0.0,"[0.0,0.0,0.0,0.0]",,0.0,"[0.0,0.0,0.0,0.0]",5562.050228406,,,,,
pose,,,0.0,,,5562.050718963,,,,0.0,0.0
cmd,,,,,,5562.067833103,1.2062392807006836,1.5322400474548339,0.0,,
wheel_odom,,,,,,5562.071029465,0.0,0.0,0.0,,
pose,,,0.0,,,5562.072062092,,,,0.0,0.0
wheel_odom,,,,,,5562.091794186,0.0,0.0,0.0,,
diagnostics,0.0,"[0.0,0.0,0.0,0.0]",,0.0,"[0.0,0.0,0.0,0.0]",5562.092548183,,,,,
pose,,,0.0,,,5562.093099688,,,,0.0,0.0
wheel_odom,,,,,,5562.110201784,0.0,0.0,0.0,,
pose,,,0.0,,,5562.110472082,,,,0.0,0.0
cmd,,,,,,5562.117400873,1.1412392807006837,1.4222400474548338,0.006567573174834251,,
wheel_odom,,,,,,5562.130445414,0.0,0.0,0.0,,
pose,,,0.0,,,5562.130828678,,,,0.0,0.0
diagnostics,0.0,"[0.0,0.0,0.0,0.0]",,0.0,"[0.0,0.0,0.0,0.0]",5562.150654787,,,,,
pose,,,0.0,,,5562.151259901,,,,0.0,0.0
cmd,,,,,,5562.167539938,1.0762392807006838,1.3122400474548337,-0.0016817254945635796,,
wheel_odom,,,,,,5562.170658735,0.0,0.0,0.0,,
pose,,,0.0,,,5562.171182061,,,,0.0,0.0
wheel_odom,,,,,,5562.191313309,0.0,0.0,0.0,,
diagnostics,0.0,"[0.0,0.0,0.0,0.0]",,0.0,"[0.0,0.0,0.0,0.0]",5562.19208088,,,,,
pose,,,0.0,,,5562.192384551,,,,0.0,0.0
wheel_odom,,,,,,5562.210139158,0.0,0.0,0.0,,
pose,,,0.0,,,5562.210511575,,,,0.0,0.0
cmd,,,,,,5562.217448845,1.0112392807006838,1.2022400474548336,-0.005738361738622189,,
wheel_odom,,,,,,5562.230678742,0.0,0.0,0.0,,
pose,,,0.0,,,5562.231333451,,,,0.0,0.0
diagnostics,0.0,"[0.0,0.0,0.0,0.0]",,0.0,"[0.0,0.0,0.0,0.0]",5562.250014845,,,,,
pose,,,0.0,,,5562.250445186,,,,0.0,0.0
cmd,,,,,,5562.267611211,0.9462392807006839,1.0922400474548335,-0.005891407374292612,,
wheel_odom,,,,,,5562.270660534,0.0,0.0,0.0,,
pose,,,0.0,,,5562.27140229,,,,0.0,0.0
wheel_odom,,,,,,5562.291069955,0.0,0.0,0.0,,
diagnostics,0.0,"[0.0,0.0,0.0,0.0]",,0.0,"[0.0,0.0,0.0,0.0]",5562.291664396,,,,,
pose,,,0.0,,,5562.291911074,,,,0.0,0.0
wheel_odom,,,,,,5562.310634076,0.0,0.0,0.0,,
pose,,,0.0,,,5562.311270738,,,,0.0,0.0
cmd,,,,,,5562.317591449,0.8812392807006839,0.9822400474548335,0.0,,
wheel_odom,,,,,,5562.330820655,0.0,0.0,0.0,,
pose,,,0.0,,,5562.331528647,,,,0.0,0.0
diagnostics,0.0,"[0.0,0.0,0.0,0.0]",,0.0,"[0.0,0.0,0.0,0.0]",5562.350099696,,,,,
pose,,,0.0,,,5562.350587989,,,,0.0,0.0
cmd,,,,,,5562.367512703,0.816239280700684,0.8722400474548335,0.0,,
wheel_odom,,,,,,5562.370151088,0.0,0.0,0.0,,
pose,,,0.0,,,5562.370509682,,,,0.0,0.0
wheel_odom,,,,,,5562.390422283,0.0,0.0,0.0,,
diagnostics,0.0,"[0.0,0.0,0.0,0.0]",,0.0,"[0.0,0.0,0.0,0.0]",5562.390822454,,,,,
pose,,,0.0,,,5562.390981972,,,,0.0,0.0
wheel_odom,,,,,,5562.410730127,0.0,0.0,0.0,,
pose,,,0.0,,,5562.411170586,,,,0.0,0.0
cmd,,,,,,5562.417561523,0.751239280700684,0.7622400474548335,0.0,,
wheel_odom,,,,,,5562.430360065,0.0,0.0,0.0,,
pose,,,0.0,,,5562.430726847,,,,0.0,0.0
diagnostics,0.0,"[0.0,0.0,0.0,0.0]",,0.0,"[0.0,0.0,0.0,0.0]",5562.450113629,,,,,
pose,,,0.0,,,5562.450642774,,,,0.0,0.0
cmd,,,,,,5562.467646998,0.6862392807006841,0.6522400474548335,0.0,,
wheel_odom,,,,,,5562.470432377,0.0,0.0,0.0,,
pose,,,0.0,,,5562.470818934,,,,0.0,0.0
wheel_odom,,,,,,5562.49058923,0.0,0.0,0.0,,
diagnostics,0.0,"[0.0,0.0,0.0,0.0]",,0.0,"[0.0,0.0,0.0,0.0]",5562.490984777,,,,,
pose,,,0.0,,,5562.491148897,,,,0.0,0.0
wheel_odom,,,,,,5562.510300518,0.0,0.0,0.0,,
pose,,,0.0,,,5562.510719893,,,,0.0,0.0
cmd,,,,,,5562.517552336,0.6212392807006841,0.5422400474548336,0.0,,
wheel_odom,,,,,,5562.531081834,0.0,0.0,0.0,,
pose,,,0.0,,,5562.531784995,,,,0.0,0.0
diagnostics,0.0,"[0.0,0.0,0.0,0.0]",,0.0,"[0.0,0.0,0.0,0.0]",5562.550708214,,,,,
pose,,,0.0,,,5562.551313582,,,,0.0,0.0
cmd,,,,,,5562.567740272,0.5562392807006842,0.4322400474548336,-0.009691168554127216,,
wheel_odom,,,,,,5562.57077387,0.0,0.0,0.0,,
pose,,,0.0,,,5562.571318845,,,,0.0,0.0
wheel_odom,,,,,,5562.591187144,0.0,0.0,0.0,,
diagnostics,0.0,"[0.0,0.0,0.0,0.0]",,0.0,"[0.0,0.0,0.0,0.0]",5562.591734527,,,,,
pose,,,0.0,,,5562.591920311,,,,0.0,0.0
wheel_odom,,,,,,5562.610611792,0.0,0.0,0.0,,
pose,,,0.0,,,5562.611412183,,,,0.0,0.0
cmd,,,,,,5562.61766185,0.4912392807006842,0.3222400474548336,-0.004391183145344257,,
wheel_odom,,,,,,5562.630546583,0.0,0.0,0.0,,
pose,,,0.0,,,5562.630939794,,,,0.0,0.0
diagnostics,0.0,"[0.0,0.0,0.0,0.0]",,0.0,"[0.0,0.0,0.0,0.0]",5562.649868979,,,,,
pose,,,0.0,,,5562.650385097,,,,0.0,0.0
cmd,,,,,,5562.667708623,0.4262392807006842,0.21224004745483357,-0.0029933033511042595,,
wheel_odom,,,,,,5562.67042292,0.0,0.0,0.0,,
pose,,,0.0,,,5562.670736483,,,,0.0,0.0
wheel_odom,,,,,,5562.690842205,0.0,0.0,0.0,,
diagnostics,0.0,"[0.0,0.0,0.0,0.0]",,0.0,"[0.0,0.0,0.0,0.0]",5562.691331437,,,,,
pose,,,0.0,,,5562.691572021,,,,0.0,0.0
wheel_odom,,,,,,5562.710928779,0.0,0.0,0.0,,
pose,,,0.0,,,5562.711654614,,,,0.0,0.0
cmd,,,,,,5562.718155558,0.5313340425491333,0.10224004745483356,0.001354774460196495,,
wheel_odom,,,,,,5562.730341954,0.0,0.0,0.0,,
pose,,,0.0,,,5562.730788277,,,,0.0,0.0
diagnostics,0.0,"[0.0,0.0,0.0,0.0]",,0.0,"[0.0,0.0,0.0,0.0]",5562.749886621,,,,,
pose,,,0.0,,,5562.750352437,,,,0.0,0.0
cmd,,,,,,5562.767667371,0.5712281465530396,-0.005112923681735992,0.0007840055623091757,,
wheel_odom,,,,,,5562.770735178,0.0,0.0,0.0,,
pose,,,0.0,,,5562.771402567,,,,0.0,0.0
wheel_odom,,,,,,5562.791494313,0.0,0.0,0.0,,
diagnostics,0.0,"[0.0,0.0,0.0,0.0]",,0.0,"[0.0,0.0,0.0,0.0]",5562.792166015,,,,,
pose,,,0.0,,,5562.79234667,,,,0.0,0.0
wheel_odom,,,,,,5562.810197641,0.0,0.0,0.0,,
pose,,,0.0,,,5562.810550601,,,,0.0,0.0
cmd,,,,,,5562.817372832,0.5855627059936523,4.107225686311722e-05,0.0009051859378814697,,
wheel_odom,,,,,,5562.830198134,0.0,0.0,0.0,,
pose,,,0.0,,,5562.830502294,,,,0.0,0.0
diagnostics,0.0,"[0.0,0.0,0.0,0.0]",,0.0,"[0.0,0.0,0.0,0.0]",5562.850125207,,,,,
pose,,,0.0,,,5562.850503218,,,,0.0,0.0
cmd,,,,,,5562.867555503,0.5655592083930969,-0.016466528177261353,0.0019432600820437074,,
wheel_odom,,,,,,5562.870251037,0.0,0.0,0.0,,
pose,,,0.0,,,5562.870511236,,,,0.0,0.0
diagnostics,0.0,"[0.0,0.0,0.0,0.0]",,0.0,"[0.0,0.0,0.0,0.0]",5562.890344363,,,,,
wheel_odom,,,,,,5562.890553437,0.0,0.0,0.0,,
pose,,,0.0,,,5562.890776946,,,,0.0,0.0
wheel_odom,,,,,,5562.911176628,0.0,0.0,0.0,,
pose,,,0.0,,,5562.91173496,,,,0.0,0.0
cmd,,,,,,5562.917644372,0.5526232719421387,-0.030228205025196075,0.005359063856303692,,
wheel_odom,,,,,,5562.930342618,0.0,0.0,0.0,,
pose,,,0.0,,,5562.930659944,,,,0.0,0.0
diagnostics,0.0,"[0.0,0.0,0.0,0.0]",,0.0,"[0.0,0.0,0.0,0.0]",5562.949966211,,,,,
pose,,,0.0,,,5562.950422952,,,,0.0,0.0
cmd,,,,,,5562.967781098,0.5742719173431396,-0.037649109959602356,0.00988801009953022,,
wheel_odom,,,,,,5562.971229396,0.0,0.0,0.0,,
pose,,,0.0,,,5562.971898332,,,,0.0,0.0
pose,,,0.0,,,5562.990204775,,,,0.0,0.0
wheel_odom,,,,,,5563.010392288,0.0,0.0,0.0,,
diagnostics,0.0,"[0.0,0.0,0.0,0.0]",,0.0,"[0.0,0.0,0.0,0.0]",5563.010691984,,,,,
pose,,,0.0,,,5563.010789214,,,,0.0,0.0
cmd,,,,,,5563.017387661,0.6301072835922241,-0.007617168128490448,0.01188251469284296,,
wheel_odom,,,,,,5563.030211087,0.0,0.0,0.0,,
pose,,,0.0,,,5563.030555333,,,,0.0,0.0
wheel_odom,,,,,,5563.050837464,0.0,0.0,0.0,,
pose,,,0.0,,,5563.051477302,,,,0.0,0.0
cmd,,,,,,5563.067597638,0.7401072835922241,-0.013616740703582764,0.011633633635938168,,
diagnostics,0.0,"[0.0,0.0,0.0,0.0]",,0.0,"[0.0,0.0,0.0,0.0]",5563.069811217,,,,,
pose,,,0.0,,,5563.070470322,,,,0.0,0.0
wheel_odom,,,,,,5563.090156873,0.0,0.0,0.0,,
pose,,,0.0,,,5563.090450676,,,,0.0,0.0
wheel_odom,,,,,,5563.11086981,0.0,0.0,0.0,,
diagnostics,0.0,"[0.0,0.0,0.0,0.0]",,0.0,"[0.0,0.0,0.0,0.0]",5563.111283331,,,,,
pose,,,0.0,,,5563.11142232,,,,0.0,0.0
cmd,,,,,,5563.117431637,0.8453467488288879,0.023460721597075462,0.011931593529880047,,
wheel_odom,,,,,,5563.130315971,0.0,0.0,0.0,,
pose,,,0.0,,,5563.130753991,,,,0.0,0.0
wheel_odom,,,,,,5563.150253894,0.0,0.0,0.0,,
diagnostics,0.0,"[0.0,0.0,0.0,0.0]",,0.0,"[0.0,0.0,0.0,0.0]",5563.150667773,,,,,
pose,,,0.0,,,5563.150836264,,,,0.0,0.0
cmd,,,,,,5563.167692684,0.9553467488288879,0.051463693380355835,0.013049744069576263,,
pose,,,0.0,,,5563.170691881,,,,0.0,0.0
wheel_odom,,,,,,5563.190265962,0.0,0.0,0.0,,
pose,,,0.0,,,5563.19067078,,,,0.0,0.0
wheel_odom,,,,,,5563.211272008,0.0,0.0,0.0,,
diagnostics,0.0,"[0.0,0.0,0.0,0.0]",,0.0,"[0.0,0.0,0.0,0.0]",5563.211973634,,,,,
pose,,,0.0,,,5563.21273902,,,,0.0,0.0
cmd,,,,,,5563.217538254,1.065346748828888,0.054348208010196686,0.013869249261915684,,
wheel_odom,,,,,,5563.231306222,0.0,0.0,0.0,,
pose,,,0.0,,,5563.232067567,,,,0.0,0.0
wheel_odom,,,,,,5563.25017681,0.0,0.0,0.0,,
diagnostics,0.0,"[0.0,0.0,0.0,0.0]",,0.0,"[0.0,0.0,0.0,0.0]",5563.250473083,,,,,
pose,,,0.0,,,5563.250571448,,,,0.0,0.0
cmd,,,,,,5563.26759334,1.175346748828888,0.035892438143491745,0.013945715501904488,,
pose,,,0.0,,,5563.270206779,,,,0.0,0.0
wheel_odom,,,,,,5563.29084915,0.0,0.0,0.0,,
pose,,,0.0,,,5563.291454341,,,,0.0,0.0
wheel_odom,,,,,,5563.310774627,0.0,0.0,0.0,,
diagnostics,0.0,"[0.0,0.0,0.0,0.0]",,0.0,"[0.0,0.0,0.0,0.0]",5563.311319385,,,,,
pose,,,0.0,,,5563.31149895,,,,0.0,0.0
cmd,,,,,,5563.317432583,1.285346748828888,0.022182010114192963,0.014537680894136429,,
wheel_odom,,,,,,5563.33103,0.0,0.0,0.0,,
pose,,,0.0,,,5563.331644749,,,,0.0,0.0
wheel_odom,,,,,,5563.350326623,0.0,0.0,0.0,,
diagnostics,0.0,"[0.0,0.0,0.0,0.0]",,0.0,"[0.0,0.0,0.0,0.0]",5563.350631354,,,,,
pose,,,0.0,,,5563.350726083,,,,0.0,0.0
cmd,,,,,,5563.367633156,1.3953467488288882,0.039567939937114716,0.013701763935387135,,
pose,,,0.0,,,5563.370072914,,,,0.0,0.0
wheel_odom,,,,,,5563.390654826,0.0,0.0,0.0,,
pose,,,0.0,,,5563.391150903,,,,0.0,0.0
wheel_odom,,,,,,5563.413415486,0.0,0.0,0.0,,
diagnostics,0.0,"[0.0,0.0,0.0,0.0]",,0.0,"[0.0,0.0,0.0,0.0]",5563.414127259,,,,,
pose,,,0.0,,,5563.414968736,,,,0.0,0.0
cmd,,,,,,5563.417723222,1.4457390308380127,0.056784484535455704,0.012693057768046856,,
wheel_odom,,,,,,5563.43033421,0.0,0.0,0.0,,
pose,,,0.0,,,5563.430662444,,,,0.0,0.0
wheel_odom,,,,,,5563.449973413,0.0,0.0,0.0,,
diagnostics,0.0,"[0.0,0.0,0.0,0.0]",,0.0,"[0.0,0.0,0.0,0.0]",5563.45032827,,,,,
pose,,,0.0,,,5563.450471416,,,,0.0,0.0
cmd,,,,,,5563.467747727,1.4564030170440674,0.07846216857433319,0.011418337002396584,,
wheel_odom,,,,,,5563.470561206,0.0,0.0,0.0,,
pose,,,0.0,,,5563.471170152,,,,0.0,0.0
pose,,,0.0,,,5563.490422424,,,,0.0,0.0
wheel_odom,,,,,,5563.510491832,0.0,0.0,0.0,,
diagnostics,0.0,"[0.0,0.0,0.0,0.0]",,0.0,"[0.0,0.0,0.0,0.0]",5563.510903318,,,,,
pose,,,0.0,,,5563.511099107,,,,0.0,0.0
cmd,,,,,,5563.517486896,1.4585902690887451,0.086362823843956,0.010891369543969631,,
wheel_odom,,,,,,5563.530780875,0.0,0.0,0.0,,
pose,,,0.0,,,5563.531339619,,,,0.0,0.0
wheel_odom,,,,,,5563.550309859,0.0,0.0,0.0,,
diagnostics,0.0,"[0.0,0.0,0.0,0.0]",,0.0,"[0.0,0.0,0.0,0.0]",5563.550758149,,,,,
pose,,,0.0,,,5563.550866068,,,,0.0,0.0
cmd,,,,,,5563.567539498,1.4580678939819336,0.08954209834337234,0.010847321711480618,,
wheel_odom,,,,,,5563.570375895,0.0,0.0,0.0,,
pose,,,0.0,,,5563.570751504,,,,0.0,0.0
pose,,,0.0,,,5563.590437342,,,,0.0,0.0
wheel_odom,,,,,,5563.610724605,0.0,0.0,0.0,,
diagnostics,0.0,"[0.0,0.0,0.0,0.0]",,0.0,"[0.0,0.0,0.0,0.0]",5563.61103005,,,,,
pose,,,0.0,,,5563.611248306,,,,0.0,0.0
cmd,,,,,,5563.617482293,1.456925392150879,0.08943510055541992,0.010762624442577362,,
wheel_odom,,,,,,5563.630510775,0.0,0.0,0.0,,
pose,,,0.0,,,5563.630906549,,,,0.0,0.0
diagnostics,0.0,"[0.0,0.0,0.0,0.0]",,0.0,"[0.0,0.0,0.0,0.0]",5563.650203219,,,,,
wheel_odom,,,,,,5563.650521217,0.0,0.0,0.0,,
pose,,,0.0,,,5563.65090498,,,,0.0,0.0
cmd,,,,,,5563.667816114,1.456223487854004,0.10048498213291168,0.010716091841459274,,
wheel_odom,,,,,,5563.670212634,0.0,0.0,0.0,,
pose,,,0.0,,,5563.670444236,,,,0.0,0.0
pose,,,0.0,,,5563.690304604,,,,0.0,0.0
wheel_odom,,,,,,5563.710774798,0.0,0.0,0.0,,
diagnostics,0.0,"[0.0,0.0,0.0,0.0]",,0.0,"[0.0,0.0,0.0,0.0]",5563.711128224,,,,,
pose,,,0.0,,,5563.711395898,,,,0.0,0.0
cmd,,,,,,5563.71753585,1.4559457302093506,0.11708429455757141,0.010228290222585201,,
wheel_odom,,,,,,5563.730448452,0.0,0.0,0.0,,
pose,,,0.0,,,5563.730923909,,,,0.0,0.0
wheel_odom,,,,,,5563.750635797,0.0,0.0,0.0,,
diagnostics,0.0,"[0.0,0.0,0.0,0.0]",,0.0,"[0.0,0.0,0.0,0.0]",5563.751185754,,,,,
pose,,,0.0,,,5563.75142152,,,,0.0,0.0
cmd,,,,,,5563.767884345,1.4559123516082764,0.12859919667243958,0.009172598831355572,,
wheel_odom,,,,,,5563.77063331,0.0,0.0,0.0,,
pose,,,0.0,,,5563.771042064,,,,0.0,0.0
pose,,,0.0,,,5563.790628279,,,,0.0,0.0
wheel_odom,,,,,,5563.814566281,0.0,0.0,0.0,,
diagnostics,0.0,"[0.0,0.0,0.0,0.0]",,0.0,"[0.0,0.0,0.0,0.0]",5563.815343428,,,,,
pose,,,0.0,,,5563.815716263,,,,0.0,0.0
cmd,,,,,,5563.817708414,1.4559552669525146,0.18303182721138,0.005226233508437872,,
wheel_odom,,,,,,5563.831186686,0.0,0.0,0.0,,
pose,,,0.0,,,5563.832022245,,,,0.0,0.0
wheel_odom,,,,,,5563.850269335,0.0,0.0,0.0,,
diagnostics,0.0,"[0.0,0.0,0.0,0.0]",,0.0,"[0.0,0.0,0.0,0.0]",5563.85074079,,,,,
pose,,,0.0,,,5563.851199753,,,,0.0,0.0
cmd,,,,,,5563.867542709,1.4559977054595947,0.20139974355697632,0.004357812460511923,,
wheel_odom,,,,,,5563.870363033,0.0,0.0,0.0,,
pose,,,0.0,,,5563.870943753,,,,0.0,0.0
wheel_odom,,,,,,5563.890878389,0.0,0.0,0.0,,
pose,,,0.0,,,5563.89116068,,,,0.0,0.0
diagnostics,0.0,"[0.0,0.0,0.0,0.0]",,0.0,"[0.0,0.0,0.0,0.0]",5563.910431533,,,,,
pose,,,0.0,,,5563.911045788,,,,0.0,0.0
cmd,,,,,,5563.917516978,1.522040843963623,0.20539402961730957,0.005126405972987413,,
wheel_odom,,,,,,5563.93043923,0.0,0.0,0.0,,
pose,,,0.0,,,5563.930833186,,,,0.0,0.0
wheel_odom,,,,,,5563.950982108,0.0,0.0,0.0,,
diagnostics,0.0,"[0.0,0.0,0.0,0.0]",,0.0,"[0.0,0.0,0.0,0.0]",5563.951517744,,,,,
pose,,,0.0,,,5563.952029208,,,,0.0,0.0
cmd,,,,,,5563.967979192,1.5379271507263184,0.1933615654706955,0.004783167503774166,,
wheel_odom,,,,,,5563.971068308,0.0,0.0,0.0,,
pose,,,0.0,,,5563.9718064,,,,0.0,0.0
wheel_odom,,,,,,5563.991628144,0.0,0.0,0.0,,
pose,,,0.0,,,5563.9921465,,,,0.0,0.0
diagnostics,0.0,"[0.0,0.0,0.0,0.0]",,0.0,"[0.0,0.0,0.0,0.0]",5564.010896958,,,,,
pose,,,0.0,,,5564.011870412,,,,0.0,0.0
cmd,,,,,,5564.017663343,1.5480824708938599,0.18984922766685486,0.0026337197050452232,,
wheel_odom,,,,,,5564.03121248,0.0,0.0,0.0,,
pose,,,0.0,,,5564.032247019,,,,0.0,0.0
wheel_odom,,,,,,5564.050009518,0.0,0.0,0.0,,
diagnostics,0.0,"[0.0,0.0,0.0,0.0]",,0.0,"[0.0,0.0,0.0,0.0]",5564.050276897,,,,,
pose,,,0.0,,,5564.050549768,,,,0.0,0.0
cmd,,,,,,5564.067480364,1.5468724966049194,0.19730868935585022,0.00017974566435441375,,
wheel_odom,,,,,,5564.070412282,0.007,0.002,0.008377580409572781,,
pose,,,0.0009929275235540974,,,5564.070927569,,,,8.475773521576907e-05,2.0233407419526797e-05
wheel_odom,,,,,,5564.091453251,0.021,0.004,0.03316125578789226,,
pose,,,0.0023280644485491075,,,5564.092061567,,,,0.00037780431769875904,6.942696436511083e-05
diagnostics,57.0,"[2.0,37.0,-44.0,-57.0]",,145.0,"[114.0,145.0,-114.0,-145.0]",5564.11060939,,,,,
pose,,,-0.0005573942393146107,,,5564.111240793,,,,0.00034288221790444083,5.873523485993471e-05
cmd,,,,,,5564.117688453,1.544995665550232,0.20375102758407593,-0.0018948849756270647,,
wheel_odom,,,,,,5564.130700619,0.052,0.013,-0.012566370614359171,,
pose,,,0.0068539182361908035,,,5564.131335173,,,,0.0010757147389626436,0.00019644475635369456
wheel_odom,,,,,,5564.153784575,0.064,0.016,-0.006283185307179586,,
diagnostics,202.0,"[100.0,202.0,-78.0,-111.0]",,597.0,"[465.0,597.0,-465.0,-597.0]",5564.154391912,,,,,
pose,,,0.0063440243924807425,,,5564.154852364,,,,0.001897800519734484,0.00034563935399262787
cmd,,,,,,5564.167779336,1.5433381795883179,0.2112540453672409,-0.0028960565105080605,,
wheel_odom,,,,,,5564.170455403,0.09,0.003,0.012566370614359171,,
pose,,,0.0036490168953970835,,,5564.171017556,,,,0.0035811586678686875,0.000404579690704477
wheel_odom,,,,,,5564.190663455,0.131,0.019,0.06736970912698112,,
pose,,,0.012899164537556953,,,5564.191052904,,,,0.005698365942303498,0.000663228733139802
diagnostics,281.0,"[188.0,209.0,-145.0,-281.0]",,906.0,"[700.0,906.0,-700.0,-906.0]",5564.210207332,,,,,
pose,,,-0.00521918647145678,,,5564.210550876,,,,0.005450304410314142,0.0005614692576434221
cmd,,,,,,5564.217770277,1.5426570177078247,0.2293703556060791,-0.0038377002347260714,,
wheel_odom,,,,,,5564.231212506,0.149,0.015,-0.015009831567151233,,
pose,,,0.015358055383817544,,,5564.232023781,,,,0.008658438220079155,0.0008912145086364892
wheel_odom,,,,,,5564.250229534,0.23,0.023,-0.0029670597283903604,,
diagnostics,555.0,"[422.0,481.0,-252.0,-555.0]",,1220.0,"[936.0,1220.0,-936.0,-1220.0]",5564.250595036,,,,,
pose,,,0.02458679668759849,,,5564.250707489,,,,0.01219502677312511,0.0013506757231693666
cmd,,,,,,5564.267494998,1.542508602142334,0.3046828508377075,-0.004270040430128574,,
wheel_odom,,,,,,5564.270171408,0.302,0.031,-0.017627825445142728,,
pose,,,0.03827890121731098,,,5564.270677222,,,,0.018483764492381854,0.002115052325936928
wheel_odom,,,,,,5564.291415442,0.366,0.021,-0.03682644721708035,,
pose,,,0.018432370775869695,,,5564.29177506,,,,0.02472129926958289,0.00250392217191763
diagnostics,801.0,"[801.0,588.0,-522.0,-743.0]",,1519.0,"[1158.0,1519.0,-1158.0,-1519.0]",5564.310689167,,,,,
pose,,,0.011771417318162137,,,5564.311379511,,,,0.024379767247282066,0.00273465663030662
cmd,,,,,,5564.317596659,1.5144720077514648,0.3912915289402008,-0.0034873331896960735,,
wheel_odom,,,,,,5564.330926223,0.464,0.004,-0.0778416846389471,,
pose,,,0.03400861435000729,,,5564.331689669,,,,0.03441228309791425,0.0034254082150281698
wheel_odom,,,,,,5564.351036548,0.548,0.019,-0.12897983172238095,,
diagnostics,1159.0,"[1159.0,811.0,-706.0,-1034.0]",,1905.0,"[1399.0,1905.0,-1399.0,-1905.0]",5564.351611193,,,,,
pose,,,0.042233496568157856,,,5564.352038806,,,,0.043213842847045,0.004284840949582477
cmd,,,,,,5564.367783551,1.5108755826950073,0.4984986186027527,-0.0015852843644097447,,
pose,,,0.0,,,5564.370718522,,,,0.043213842847045,0.004284840949582477
wheel_odom,,,,,,5564.391079882,0.605,0.051,-0.07033676885537149,,
pose,,,0.08234493377434615,,,5564.391796081,,,,0.05720732595803297,0.006020509851673755
wheel_odom,,,,,,5564.410814604,0.686,0.037,-0.06824237375297829,,
pose,,,0.0866927385731641,,,5564.411065102,,,,0.06857636372029612,0.007691162669126562
cmd,,,,,,5564.417589265,1.4859126806259155,0.6058361530303955,0.0005591611843556166,,
diagnostics,1400.0,"[1393.0,1071.0,-806.0,-1400.0]",,2211.0,"[1539.0,2211.0,-1539.0,-2211.0]",5564.43027098,,,,,
pose,,,0.0,,,5564.430989578,,,,0.06857636372029612,0.007691162669126562
wheel_odom,,,,,,5564.450422961,0.778,0.081,-0.041015237421866746,,
pose,,,0.14785801360472353,,,5564.450669411,,,,0.08657425503838279,0.010601627458395069
cmd,,,,,,5564.467804513,1.4840879440307617,0.6755414009094238,0.0023520034737885,,
wheel_odom,,,,,,5564.470820879,0.826,0.073,-0.06911503837897545,,
diagnostics,1760.0,"[1508.0,1349.0,-1032.0,-1760.0]",,2587.0,"[1608.0,2587.0,-1608.0,-2587.0]",5564.471235998,,,,,
pose,,,0.14160726511047605,,,5564.471398213,,,,0.10025273213409594,0.013536723649584744
wheel_odom,,,,,,5564.490455482,0.872,0.124,-0.016406094968746697,,
pose,,,0.23488364190753125,,,5564.490875241,,,,0.12133294284650134,0.018111474126803192
wheel_odom,,,,,,5564.511194247,0.938,0.155,0.0,,
pose,,,0.22213130986035126,,,5564.511996547,,,,0.13684501354909936,0.02280263838183639
cmd,,,,,,5564.517665805,1.4684855937957764,0.7372100949287415,0.0020196312107145786,,
diagnostics,2005.0,"[1548.0,1613.0,-1158.0,-2005.0]",,2824.0,"[1615.0,2824.0,-1612.0,-2820.0]",5564.529884367,,,,,
pose,,,0.0,,,5564.530347012,,,,0.13684501354909936,0.02280263838183639
wheel_odom,,,,,,5564.550197845,0.993,0.176,-0.04520402762665313,,
pose,,,0.3289425189580365,,,5564.550592893,,,,0.16088128777711996,0.029462454672738867
cmd,,,,,,5564.5676829,1.4673042297363281,0.7870715856552124,0.0021659317426383495,,
wheel_odom,,,,,,5564.570818449,1.046,0.251,-0.0017453292519943296,,
diagnostics,2380.0,"[1533.0,2038.0,-1131.0,-2380.0]",,3273.0,"[1511.0,3273.0,-1473.0,-3235.0]",5564.571438755,,,,,
pose,,,0.31946513452511627,,,5564.57194889,,,,0.17802153836532375,0.03628441634239872
wheel_odom,,,,,,5564.593533996,1.077,0.312,0.004537856055185257,,
pose,,,0.4543786083034131,,,5564.59382822,,,,0.2043387363483521,0.04622515432008543
wheel_odom,,,,,,5564.610575089,1.111,0.353,-0.02181661564992912,,
pose,,,0.6662196816057526,,,5564.61098203,,,,0.23114458276441935,0.05765559465702333
cmd,,,,,,5564.617535429,1.431249976158142,0.8131687641143799,0.002345759654417634,,
diagnostics,2604.0,"[1427.0,2393.0,-1158.0,-2604.0]",,3641.0,"[1349.0,3641.0,-1260.0,-3552.0]",5564.629799958,,,,,
pose,,,0.0,,,5564.630234555,,,,0.23114458276441935,0.05765559465702333
wheel_odom,,,,,,5564.650279235,1.129,0.412,-0.04904375198104066,,
pose,,,0.5167387973328076,,,5564.650720425,,,,0.24936701396274516,0.06824164362880693
cmd,,,,,,5564.667760668,1.4072648286819458,0.8265964984893799,0.0030901702120900154,,
wheel_odom,,,,,,5564.670266004,1.17,0.492,-0.02548180707911721,,
diagnostics,2841.0,"[1253.0,2841.0,-1118.0,-2823.0]",,3880.0,"[1223.0,3880.0,-1071.0,-3729.0]",5564.670650034,,,,,
pose,,,0.7385376934122455,,,5564.670820658,,,,0.27741773565809474,0.08308659542447716
wheel_odom,,,,,,5564.690582038,1.186,0.502,-0.06667157742618339,,
pose,,,0.623780508402583,,,5564.691025162,,,,0.29630860981051194,0.09568969510038121
wheel_odom,,,,,,5564.710502845,1.166,0.549,-0.041887902047863905,,
pose,,,0.8678092099517016,,,5564.710918795,,,,0.32472921832437324,0.11295368324959316
cmd,,,,,,5564.717637885,1.3701096773147583,0.8309990763664246,0.003565955674275756,,
diagnostics,2916.0,"[1165.0,2866.0,-940.0,-2916.0]",,3881.0,"[1136.0,3881.0,-949.0,-3694.0]",5564.73008328,,,,,
pose,,,0.0,,,5564.730596066,,,,0.32472921832437324,0.11295368324959316
wheel_odom,,,,,,5564.750353942,1.192,0.593,-0.0582939970166106,,
pose,,,0.7147660125866134,,,5564.750760752,,,,0.3437448619201865,0.12736712644691683
cmd,,,,,,5564.767704934,1.3372788429260254,0.8363462090492249,0.004218623507767916,,
wheel_odom,,,,,,5564.770619735,1.172,0.612,-0.08587019919812101,,
diagnostics,3126.0,"[1046.0,3126.0,-963.0,-3016.0]",,3879.0,"[1086.0,3879.0,-871.0,-3663.0]",5564.771094082,,,,,
pose,,,0.9877124582850925,,,5564.771273638,,,,0.37290261684572956,0.14762696389076949
wheel_odom,,,,,,5564.790437155,1.201,0.647,-0.1202531854624093,,
pose,,,0.7979737374996385,,,5564.790843548,,,,0.392041576070066,0.16324391160558607
wheel_odom,,,,,,5564.810514746,1.212,0.67,-0.10890854532444617,,
pose,,,1.1187456016409842,,,5564.810765648,,,,0.4218072583145586,0.18553330784315392
cmd,,,,,,5564.817354056,1.3132318258285522,0.8419850468635559,0.004696250427514315,,
diagnostics,3287.0,"[987.0,3287.0,-810.0,-3125.0]",,3831.0,"[1026.0,3831.0,-793.0,-3599.0]",5564.829898139,,,,,
pose,,,0.0,,,5564.830225492,,,,0.4218072583145586,0.18553330784315392
wheel_odom,,,,,,5564.85032993,1.226,0.683,-0.13648474750595657,,
pose,,,0.813381533968186,,,5564.850631533,,,,0.44159432026998235,0.20213085827310717
cmd,,,,,,5564.867451358,1.2789995670318604,0.8379518389701843,0.0046206205151975155,,
wheel_odom,,,,,,5564.86994839,1.22,0.705,-0.15323990832510212,,
diagnostics,3354.0,"[945.0,3354.0,-710.0,-3196.0]",,3785.0,"[963.0,3785.0,-728.0,-3550.0]",5564.870203502,,,,,
pose,,,1.199402446935049,,,5564.870416358,,,,0.4720430035583273,0.2258617421338708
wheel_odom,,,,,,5564.890198617,1.224,0.758,-0.17558012275062956,,
pose,,,0.8791634184088144,,,5564.890501042,,,,0.49214663171141837,0.24351888396655205
wheel_odom,,,,,,5564.910666193,1.244,0.743,-0.1616174887346749,,
pose,,,1.2008529200741878,,,5564.911277335,,,,0.523366138573752,0.2684626946051683
cmd,,,,,,5564.917477307,1.2139995670318604,0.9479518389701843,0.006024581380188465,,
diagnostics,3486.0,"[929.0,3486.0,-748.0,-3261.0]",,3750.0,"[907.0,3750.0,-682.0,-3525.0]",5564.929825308,,,,,
pose,,,0.0,,,5564.930251892,,,,0.523366138573752,0.2684626946051683
wheel_odom,,,,,,5564.950457542,1.246,0.748,-0.18884462506578648,,
pose,,,1.195098275476393,,,5564.950923228,,,,0.5543507980823837,0.29316765142608925
cmd,,,,,,5564.970401882,1.1489995670318605,1.0579518389701843,0.0054703401401638985,,
wheel_odom,,,,,,5564.971109493,1.235,0.772,-0.1520181778487061,,
diagnostics,3473.0,"[899.0,3473.0,-643.0,-3284.0]",,3679.0,"[850.0,3679.0,-638.0,-3467.0]",5564.971581343,,,,,
pose,,,0.8211124875839636,,,5564.972318153,,,,0.5748118762328317,0.31073170489508717
wheel_odom,,,,,,5564.990883916,1.217,0.817,-0.22200588085367873,,
pose,,,1.3554536646212763,,,5564.991338991,,,,0.6061288393688375,0.33651823900472094
wheel_odom,,,,,,5565.01053799,1.207,0.852,-0.19565140914856435,,
pose,,,0.9417621126137755,,,5565.01079249,,,,0.6267543538629066,0.3548408537695938
cmd,,,,,,5565.017362171,1.0839995670318605,1.1679518389701844,0.00356881832703948,,
diagnostics,3567.0,"[698.0,3567.0,-524.0,-3386.0]",,3745.0,"[544.0,3745.0,-353.0,-3553.0]",5565.02973716,,,,,
pose,,,0.0,,,5565.030052025,,,,0.6267543538629066,0.3548408537695938
wheel_odom,,,,,,5565.050739713,1.186,0.874,-0.16580627893946132,,
pose,,,1.277675920233353,,,5565.051317108,,,,0.6584547353161371,0.38200859304247264
cmd,,,,,,5565.067557901,1.0189995670318606,1.2779518389701845,-0.006647450849413872,,
wheel_odom,,,,,,5565.070257245,1.158,0.912,-0.18675022996339324,,
diagnostics,3578.0,"[472.0,3578.0,-356.0,-3424.0]",,3807.0,"[258.0,3807.0,-85.0,-3633.0]",5565.070553576,,,,,
pose,,,0.9588128902879332,,,5565.070862782,,,,0.6788280528364574,0.4007500733080021
wheel_odom,,,,,,5565.090337432,1.141,0.967,-0.06492624817418906,,
pose,,,1.4278472695998048,,,5565.090816987,,,,0.7100270967238032,0.4292406095225643
wheel_odom,,,,,,5565.11043749,1.088,1.002,-0.09930923443847736,,
pose,,,0.9912804731104443,,,5565.110694765,,,,0.7297402593450643,0.44894683907812954
cmd,,,,,,5565.117842976,1.0970150232315063,1.3879518389701846,-0.01413856539875269,,
diagnostics,3626.0,"[165.0,3626.0,-86.0,-3411.0]",,3877.0,"[-65.0,3877.0,218.0,-3725.0]",5565.129872037,,,,,
pose,,,0.0,,,5565.130207157,,,,0.7297402593450643,0.44894683907812954
wheel_odom,,,,,,5565.150214155,1.071,1.027,-0.11222467090323539,,
pose,,,1.4219174193433126,,,5565.150921057,,,,0.7597342229224562,0.4783974973988199
cmd,,,,,,5565.167599912,1.1266976594924927,1.4979518389701847,-0.01742769032716751,,
wheel_odom,,,,,,5565.170271906,1.066,1.06,-0.07208209810736581,,
diagnostics,3664.0,"[14.0,3664.0,18.0,-3527.0]",,3942.0,"[-358.0,3942.0,495.0,-3805.0]",5565.170663408,,,,,
pose,,,1.0465946946037232,,,5565.171034393,,,,0.7795866707113165,0.49944833677792017
wheel_odom,,,,,,5565.190383335,1.087,1.131,-0.11135200627723822,,
pose,,,1.5392967113830103,,,5565.191325358,,,,0.8094368227333832,0.5306844414072969
wheel_odom,,,,,,5565.211162152,1.08,1.155,-0.11938052083641214,,
pose,,,1.0924117192193095,,,5565.211867695,,,,0.8295139068427151,0.5531212683183333
cmd,,,,,,5565.21773491,1.211803674697876,1.6079518389701848,-0.015887517482042313,,
diagnostics,3892.0,"[-122.0,3892.0,106.0,-3646.0]",,4255.0,"[-431.0,4255.0,551.0,-4134.0]",5565.230122337,,,,,
wheel_odom,,,,,,5565.230917523,1.089,1.174,-0.06073745796940267,,
pose,,,1.7422284204894067,,,5565.23145643,,,,0.8599514883908446,0.5872510892612616
pose,,,-0.06760929702451664,,,5565.251133837,,,,0.8593961589060776,0.585920807380843
cmd,,,,,,5565.267691352,1.2412530183792114,1.7179518389701849,-0.02080792561173439,,
wheel_odom,,,,,,5565.271049339,1.037,1.158,-0.02426007660272118,,
diagnostics,3793.0,"[-237.0,3793.0,257.0,-3629.0]",,4040.0,"[-510.0,4040.0,617.0,-3933.0]",5565.271687575,,,,,
pose,,,1.0931511923310124,,,5565.27195936,,,,0.8791563508190668,0.6086863751128206
wheel_odom,,,,,,5565.290267639,1.03,1.173,-0.09459684545809266,,
pose,,,1.7677179361954463,,,5565.290678828,,,,0.9083974099711313,0.6417825908413317
wheel_odom,,,,,,5565.310441678,1.017,1.189,-0.07452555906015787,,
diagnostics,3785.0,"[-254.0,3785.0,334.0,-3690.0]",,3854.0,"[-487.0,3854.0,582.0,-3758.0]",5565.310850589,,,,,
pose,,,1.1419316091145308,,,5565.31101427,,,,0.9279443797662642,0.6650046334133715
cmd,,,,,,5565.317560068,1.1762530183792115,1.8139301538467407,-0.026231123134493828,,
wheel_odom,,,,,,5565.332425286,1.035,1.252,-0.09512044423369097,,
pose,,,1.6381244371083206,,,5565.333139808,,,,0.9572369153363995,0.7012430436556771
pose,,,-0.04352624365270421,,,5565.350743995,,,,0.9575438491047885,0.7004767196958911
cmd,,,,,,5565.367675452,1.1126554012298584,1.8077808618545532,-0.027033990249037743,,
wheel_odom,,,,,,5565.370493424,0.965,1.184,-0.09040805525330627,,
diagnostics,3662.0,"[-256.0,3662.0,355.0,-3552.0]",,3537.0,"[-523.0,3537.0,604.0,-3457.0]",5565.370954549,,,,,
pose,,,1.1394164025470694,,,5565.371172658,,,,0.9766233703803872,0.7237543701208354
wheel_odom,,,,,,5565.390465422,1.006,1.215,-0.13316862192716733,,
pose,,,1.7946494157828399,,,5565.390968464,,,,1.0058191107627832,0.7592792130289836
wheel_odom,,,,,,5565.410504417,0.996,1.23,-0.1202531854624093,,
diagnostics,3898.0,"[-293.0,3898.0,485.0,-3717.0]",,3923.0,"[-651.0,3923.0,729.0,-3845.0]",5565.410908496,,,,,
pose,,,1.1930068124663398,,,5565.411068037,,,,1.0253608518835644,0.7832606554036357
cmd,,,,,,5565.417473241,1.0476554012298585,1.810948371887207,-0.026317790150642395,,
wheel_odom,,,,,,5565.430261632,1.021,1.246,-0.06667157742618339,,
pose,,,1.8885267445721483,,,5565.430618201,,,,1.0544108366428087,0.8201840802929644
pose,,,-0.04460225110781739,,,5565.45058566,,,,1.0549414915417148,0.8192935467072909
cmd,,,,,,5565.467641278,0.9826554012298585,1.9209483718872071,-0.015392704866826534,,
diagnostics,3241.0,"[-457.0,3241.0,510.0,-3221.0]",,2924.0,"[-744.0,2924.0,801.0,-2868.0]",5565.470278457,,,,,
wheel_odom,,,,,,5565.470591856,0.825,1.087,-0.056548667764616284,,
pose,,,1.0959296552677484,,,5565.470965203,,,,1.0726347455146077,0.8416280308701234
wheel_odom,,,,,,5565.490634628,0.824,1.143,-0.09093165402890457,,
pose,,,1.7286729438450925,,,5565.491086919,,,,1.099140810485988,0.8764111553018653
pose,,,0.0,,,5565.51106087,,,,1.099140810485988,0.8764111553018653
cmd,,,,,,5565.517618024,0.9176554012298586,1.8901357650756836,-0.01119011640548706,,
wheel_odom,,,,,,5565.531140975,0.812,1.153,-0.04782202150464463,,
diagnostics,3293.0,"[-465.0,3293.0,588.0,-3288.0]",,2921.0,"[-748.0,2921.0,797.0,-2872.0]",5565.531620808,,,,,
pose,,,1.115497942328512,,,5565.531813935,,,,1.1161102163618704,0.8995653921519183
wheel_odom,,,,,,5565.550073439,0.803,1.188,-0.12356931104119853,,
pose,,,1.8875145397571413,,,5565.550363939,,,,1.1414031762786934,0.9345838416276916
cmd,,,,,,5565.567500976,0.8526554012298586,1.8340998888015747,-0.007097708526998758,,
wheel_odom,,,,,,5565.570145001,0.778,1.178,-0.058643062867009474,,
pose,,,1.1819636165681657,,,5565.570426973,,,,1.1569141294538365,0.9582974287399079
diagnostics,3328.0,"[-522.0,3268.0,675.0,-3328.0]",,2965.0,"[-927.0,2965.0,973.0,-2919.0]",5565.590897614,,,,,
pose,,,0.017202733577785744,,,5565.591530441,,,,1.1582403979722393,0.9586604092568425
wheel_odom,,,,,,5565.61052423,0.739,1.15,-0.055326937288220246,,
pose,,,1.7695323180826765,,,5565.610947605,,,,1.1821986738443622,0.9930231201389016
cmd,,,,,,5565.617545536,0.7876554012298587,1.814625859260559,-0.008832523599267006,,
wheel_odom,,,,,,5565.630941218,0.715,1.132,-0.09546951008408983,,
diagnostics,3144.0,"[-699.0,3090.0,688.0,-3144.0]",,2862.0,"[-965.0,2862.0,1002.0,-2825.0]",5565.631417763,,,,,
pose,,,1.594257547587781,,,5565.631624857,,,,1.2049643385911606,1.0259858297674578
wheel_odom,,,,,,5565.650542331,0.715,1.172,-0.058643062867009474,,
pose,,,1.1749321355261575,,,5565.650954008,,,,1.2201439994276055,1.0486980504523502
cmd,,,,,,5565.667747626,0.7226554012298587,1.8607629537582397,-0.011504236608743668,,
wheel_odom,,,,,,5565.670418516,0.728,1.168,-0.026354471705114377,,
pose,,,1.7579565664982986,,,5565.670840725,,,,1.241804618084969,1.0836575341710093
diagnostics,3270.0,"[-775.0,3270.0,857.0,-3194.0]",,3154.0,"[-1085.0,3154.0,1118.0,-3121.0]",5565.690084291,,,,,
pose,,,-0.08854881038828123,,,5565.69053839,,,,1.2424078624338664,1.0819133478745826
wheel_odom,,,,,,5565.710382204,0.738,1.24,-0.04642575810304917,,
pose,,,1.1531913913291836,,,5565.710804571,,,,1.2577384254029473,1.1052840572289562
cmd,,,,,,5565.719546883,0.6576554012298588,1.7624013423919678,-0.005873485468327999,,
wheel_odom,,,,,,5565.730659977,0.715,1.276,-0.0762708883121522,,
diagnostics,3415.0,"[-923.0,3415.0,950.0,-3315.0]",,3557.0,"[-1297.0,3557.0,1319.0,-3535.0]",5565.731194483,,,,,
pose,,,1.6699182218363777,,,5565.731389263,,,,1.2796686561177746,1.1396598164502716
wheel_odom,,,,,,5565.750377527,0.688,1.28,0.03438298626428829,,
pose,,,1.2685227025830885,,,5565.750798101,,,,1.2944323894592125,1.1642794166921175
cmd,,,,,,5565.767608537,0.5926554012298588,1.7973766326904297,-0.0071268025785684586,,
wheel_odom,,,,,,5565.770525921,0.679,1.312,0.061086523819801536,,
pose,,,1.845033625419516,,,5565.771107169,,,,1.3150659558598654,1.20174661600139
diagnostics,3405.0,"[-1120.0,3392.0,1044.0,-3405.0]",,3797.0,"[-1482.0,3797.0,1498.0,-3781.0]",5565.790170217,,,,,
pose,,,-0.12206515580924579,,,5565.790487812,,,,1.3153370819929011,1.1993806076780387
wheel_odom,,,,,,5565.810258813,0.678,1.404,-0.016755160819145562,,
pose,,,1.3008090252089701,,,5565.810551543,,,,1.3296327459597523,1.2254812119891485
cmd,,,,,,5565.817491056,0.5276554012298589,1.7605632543563843,-0.010737362317740917,,
diagnostics,3645.0,"[-1390.0,3645.0,1205.0,-3577.0]",,4065.0,"[-1829.0,4065.0,1830.0,-4064.0]",5565.830334879,,,,,
wheel_odom,,,,,,5565.83056761,0.679,1.455,0.02548180707911721,,
pose,,,1.840913601400083,,,5565.830797888,,,,1.3500586070654987,1.2627549591778429
wheel_odom,,,,,,5565.851389796,0.646,1.496,0.07417649320975901,,
pose,,,1.2845425392590673,,,5565.852395919,,,,1.3637912465749353,1.2904913450477689
cmd,,,,,,5565.867710732,0.4626554012298589,1.831091284751892,-0.008863012306392193,,
wheel_odom,,,,,,5565.870280387,0.645,1.538,-0.02548180707911721,,
pose,,,2.155602354808382,,,5565.870656123,,,,1.3833457521197539,1.3298597165762482
diagnostics,3758.0,"[-1532.0,3758.0,1462.0,-3594.0]",,4034.0,"[-2032.0,4034.0,2032.0,-4034.0]",5565.889851787,,,,,
pose,,,0.0,,,5565.890304989,,,,1.3833457521197539,1.3298597165762482
wheel_odom,,,,,,5565.910550087,0.622,1.518,-0.019198621771937627,,
pose,,,1.3645796102766576,,,5565.911170247,,,,1.3965708277513957,1.3583292261823146
cmd,,,,,,5565.917617879,0.3976554012298589,1.802687644958496,-0.011471967212855816,,
wheel_odom,,,,,,5565.930473645,0.62,1.552,-0.06876597252857658,,
diagnostics,3724.0,"[-1595.0,3724.0,1582.0,-3667.0]",,3864.0,"[-2081.0,3864.0,2081.0,-3864.0]",5565.930934801,,,,,
pose,,,2.0388095823332684,,,5565.931109831,,,,1.4154136268035507,1.3989878070598583
wheel_odom,,,,,,5565.950328378,0.619,1.584,-0.02181661564992912,,
pose,,,2.1252373403773888,,,5565.950737588,,,,1.4340245578512802,1.4406998297136424
cmd,,,,,,5565.967666445,0.36407873034477234,1.8667685985565186,-0.008817661553621292,,
wheel_odom,,,,,,5565.970414091,0.574,1.615,-0.04485496177625427,,
pose,,,1.4155569528359364,,,5565.971536746,,,,1.4460314717393055,1.4701427362799855
diagnostics,3689.0,"[-1840.0,3689.0,1761.0,-3679.0]",,3715.0,"[-2371.0,3715.0,2371.0,-3715.0]",5565.990039402,,,,,
pose,,,0.0,,,5565.990523821,,,,1.4460314717393055,1.4701427362799855
wheel_odom,,,,,,5566.010532272,0.552,1.63,0.031415926535897934,,
pose,,,2.1293787493711753,,,5566.010956148,,,,1.4633636784876565,1.513652359947814
cmd,,,,,,5566.017494279,0.29907873034477234,1.899371862411499,-0.01226163562387228,,
wheel_odom,,,,,,5566.030762463,0.539,1.622,-0.03647738136668149,,
diagnostics,3643.0,"[-1917.0,3643.0,1826.0,-3598.0]",,3732.0,"[-2355.0,3732.0,2388.0,-3698.0]",5566.031308008,,,,,
pose,,,1.458489787665217,,,5566.031568041,,,,1.47459895451664,1.5437109520853673
wheel_odom,,,,,,5566.050668591,0.516,1.66,-0.0024434609527920616,,
pose,,,2.2534107270822004,,,5566.051273588,,,,1.4906678456109475,1.5881198524496183
cmd,,,,,,5566.067714614,0.23407873034477233,1.9064610004425049,-0.006788433063775301,,
wheel_odom,,,,,,5566.070227151,0.495,1.673,0.010821041362364843,,
pose,,,1.5767053405258515,,,5566.070892189,,,,1.501038116295682,1.6190530248231676
diagnostics,3670.0,"[-2012.0,3670.0,1992.0,-3644.0]",,3785.0,"[-2518.0,3785.0,2556.0,-3747.0]",5566.090140741,,,,,
pose,,,0.0,,,5566.090592544,,,,1.501038116295682,1.6190530248231676
wheel_odom,,,,,,5566.111059777,0.43,1.735,-0.03560471674068432,,
pose,,,2.1867698848291304,,,5566.111738742,,,,1.5153124402382445,1.665287520000061
cmd,,,,,,5566.117664807,0.16907873034477233,1.7964610004425048,-0.01026652380824089,,
diagnostics,3628.0,"[-2233.0,3628.0,2149.0,-3554.0]",,3731.0,"[-2679.0,3731.0,2722.0,-3689.0]",5566.132478957,,,,,
wheel_odom,,,,,,5566.133034708,0.419,1.707,-0.015533430342749533,,
pose,,,1.4780507811508343,,,5566.133317377,,,,1.5243756173016811,1.6971813889912153
wheel_odom,,,,,,5566.150458727,0.358,1.766,-0.014311699866353502,,
pose,,,2.7728339334796646,,,5566.150865127,,,,1.5368769439755674,1.7458489196435962
cmd,,,,,,5566.16760358,0.10407873034477233,1.765913486480713,-0.012983493506908417,,
wheel_odom,,,,,,5566.170533364,0.343,1.772,-0.06579891280018622,,
pose,,,1.6310801846335201,,,5566.170951379,,,,1.54462917914575,1.7786119542979422
diagnostics,3609.0,"[-2355.0,3609.0,2398.0,-3556.0]",,3635.0,"[-2799.0,3635.0,2845.0,-3589.0]",5566.189895218,,,,,
pose,,,0.0,,,5566.190408511,,,,1.54462917914575,1.7786119542979422
wheel_odom,,,,,,5566.210313578,0.346,1.736,-0.06283185307179587,,
pose,,,2.4052389093414126,,,5566.210730607,,,,1.55607929421065,1.8274885087091977
cmd,,,,,,5566.217636649,0.03907873034477233,1.6559134864807128,-0.013161731883883476,,
wheel_odom,,,,,,5566.230627786,0.319,1.723,-0.0041887902047863905,,
diagnostics,3508.0,"[-2330.0,3442.0,2389.0,-3508.0]",,3340.0,"[-2723.0,3340.0,2769.0,-3293.0]",5566.231031828,,,,,
pose,,,1.5915392817475407,,,5566.231195879,,,,1.5634095685347047,1.8600592089141736
wheel_odom,,,,,,5566.25023601,0.311,1.694,0.029670597283903602,,
pose,,,2.518375770538989,,,5566.250632728,,,,1.5739517810075512,1.9090086269264572
cmd,,,,,,5566.267676011,0.13438886404037476,1.6088719367980957,-0.01570892706513405,,
wheel_odom,,,,,,5566.270359987,0.253,1.703,0.009599310885968814,,
pose,,,1.621959721369336,,,5566.270747839,,,,1.5803781283500546,1.941634139112099
diagnostics,3342.0,"[-2386.0,3256.0,2519.0,-3342.0]",,3179.0,"[-2782.0,3179.0,2828.0,-3133.0]",5566.289991791,,,,,
pose,,,0.0,,,5566.290615579,,,,1.5803781283500546,1.941634139112099
wheel_odom,,,,,,5566.310287512,0.254,1.694,-0.06370451769779303,,
pose,,,2.4491690971108597,,,5566.310691881,,,,1.5894535920317132,1.9908124332776955
cmd,,,,,,5566.317554904,0.24438886404037477,1.4988719367980956,-0.013171227648854256,,
wheel_odom,,,,,,5566.330474041,0.235,1.642,-0.03769911184307752,,
diagnostics,3169.0,"[-2296.0,3122.0,2467.0,-3169.0]",,2884.0,"[-2706.0,2884.0,2752.0,-2838.0]",5566.330872706,,,,,
pose,,,1.6438454677536836,,,5566.331036044,,,,1.5955186955307192,2.0242554304091764
wheel_odom,,,,,,5566.350567099,0.246,1.615,-0.016406094968746697,,
pose,,,2.398244018240534,,,5566.351207368,,,,1.6040618072012853,2.0726242350218254
cmd,,,,,,5566.367678671,0.3543888640403748,1.485654592514038,-0.008611173368990421,,
wheel_odom,,,,,,5566.370497603,0.256,1.626,-0.07871434926494426,,
pose,,,1.6748001131953905,,,5566.370925178,,,,1.6102252014014822,2.1056495414137597
diagnostics,3193.0,"[-2256.0,3193.0,2412.0,-3102.0]",,2963.0,"[-2468.0,2963.0,2511.0,-2920.0]",5566.389949987,,,,,
pose,,,0.0,,,5566.390421161,,,,1.6102252014014822,2.1056495414137597
wheel_odom,,,,,,5566.411312917,0.264,1.581,-0.06073745796940267,,
pose,,,2.2063168133652193,,,5566.41196193,,,,1.6187833110136913,2.153171752268471
cmd,,,,,,5566.417606525,0.4643888640403748,1.5714142322540283,-0.00408367021009326,,
wheel_odom,,,,,,5566.430781572,0.281,1.546,-0.03769911184307752,,
diagnostics,3118.0,"[-2143.0,3118.0,2153.0,-3047.0]",,2961.0,"[-2099.0,2961.0,2137.0,-2923.0]",5566.43124237,,,,,
pose,,,1.6360989975960336,,,5566.431432536,,,,1.6251731170020058,2.185029986475299
wheel_odom,,,,,,5566.450554701,0.302,1.567,-0.03682644721708035,,
pose,,,2.387208099959623,,,5566.450980757,,,,1.6340395616348233,2.2316969948242544
cmd,,,,,,5566.467966194,0.5743888640403748,1.5969176292419434,-0.002217962872236967,,
wheel_odom,,,,,,5566.470956688,0.323,1.555,-0.038571776469074684,,
pose,,,1.51238112091173,,,5566.471920418,,,,1.6405971210882686,2.2633600577583417
diagnostics,3132.0,"[-2053.0,3132.0,2140.0,-3110.0]",,3122.0,"[-1894.0,3122.0,1927.0,-3089.0]",5566.490218673,,,,,
pose,,,0.0,,,5566.490806213,,,,1.6405971210882686,2.2633600577583417
wheel_odom,,,,,,5566.51040963,0.314,1.541,0.013439035240356337,,
pose,,,2.2967028189081895,,,5566.510842932,,,,1.6496331251382945,2.3093837337777297
cmd,,,,,,5566.517564846,0.6843888640403748,1.5270527601242065,0.002517436631023884,,
wheel_odom,,,,,,5566.530741803,0.344,1.586,-0.04991641660703782,,
diagnostics,3260.0,"[-2076.0,3260.0,2059.0,-3242.0]",,3342.0,"[-1877.0,3342.0,1887.0,-3332.0]",5566.531274571,,,,,
pose,,,1.5425582156312523,,,5566.531492062,,,,1.6562451326987537,2.3412349185280728
wheel_odom,,,,,,5566.551089298,0.397,1.536,-0.06318091892219473,,
pose,,,2.309761112897027,,,5566.551817305,,,,1.6664430689549785,2.388174096362948
cmd,,,,,,5566.567772856,0.7943888640403748,1.4170527601242064,0.0033619238529354334,,
wheel_odom,,,,,,5566.570778977,0.417,1.504,0.015533430342749533,,
pose,,,1.5473864809299072,,,5566.571698159,,,,1.6738587632558408,2.418936469196925
diagnostics,3273.0,"[-1817.0,3235.0,1805.0,-3273.0]",,3458.0,"[-1504.0,3458.0,1504.0,-3458.0]",5566.590272591,,,,,
pose,,,0.0,,,5566.591248187,,,,1.6738587632558408,2.418936469196925
wheel_odom,,,,,,5566.610702136,0.458,1.507,0.02897246558310587,,
pose,,,2.2841990299087196,,,5566.611424819,,,,1.6852596453715147,2.465022514507843
cmd,,,,,,5566.617820019,0.9043888640403748,1.3070527601242063,0.006374784279614687,,
wheel_odom,,,,,,5566.630422977,0.501,1.511,0.07330382858376185,,
diagnostics,3504.0,"[-1712.0,3367.0,1718.0,-3504.0]",,3707.0,"[-1431.0,3707.0,1431.0,-3707.0]",5566.630847858,,,,,
pose,,,2.2088384611737983,,,5566.631024145,,,,1.6972995610710886,2.508323094943403
wheel_odom,,,,,,5566.650216265,0.563,1.48,0.008377580409572781,,
pose,,,1.5408473841085326,,,5566.650641138,,,,1.7067245837262934,2.538549418873972
cmd,,,,,,5566.667767467,1.0143888640403749,1.1970527601242062,0.005946027580648661,,
wheel_odom,,,,,,5566.67057743,0.572,1.345,0.03385938748868999,,
pose,,,2.0792120925112987,,,5566.671230123,,,,1.7207626269568201,2.581350773265037
diagnostics,3229.0,"[-1227.0,3161.0,1203.0,-3229.0]",,2987.0,"[-543.0,2987.0,543.0,-2987.0]",5566.690068812,,,,,
pose,,,0.0,,,5566.690775421,,,,1.7207626269568201,2.581350773265037
wheel_odom,,,,,,5566.710321652,0.594,1.235,-0.04729842272904633,,
pose,,,1.3845523881336996,,,5566.710742448,,,,1.7308099966176826,2.609001919612539
cmd,,,,,,5566.717625015,1.124388864040375,1.0870527601242062,0.006594699341803789,,
wheel_odom,,,,,,5566.730685425,0.618,1.219,0.025132741228718343,,
diagnostics,3132.0,"[-1049.0,3132.0,941.0,-3112.0]",,2987.0,"[-543.0,2987.0,543.0,-2987.0]",5566.731207424,,,,,
pose,,,1.9478828041378582,,,5566.731407376,,,,1.7460914754728236,2.64925353086623
wheel_odom,,,,,,5566.750705714,0.634,1.081,0.055326937288220246,,
pose,,,1.2950178007590671,,,5566.751145379,,,,1.7567436323124483,2.6748145870375457
cmd,,,,,,5566.767808151,1.234388864040375,0.9770527601242062,0.003317318158224225,,
wheel_odom,,,,,,5566.770742035,0.667,1.022,0.0008726646259971648,,
pose,,,1.8284838080407708,,,5566.771367669,,,,1.773306259331026,2.7117862590206765
diagnostics,2900.0,"[-674.0,2900.0,514.0,-2828.0]",,2613.0,"[43.0,2613.0,-43.0,-2613.0]",5566.790517914,,,,,
pose,,,0.0,,,5566.79138131,,,,1.773306259331026,2.7117862590206765
wheel_odom,,,,,,5566.810437208,0.664,0.987,-0.034732052114687155,,
pose,,,1.234255543104776,,,5566.810967705,,,,1.784596851747753,2.7359651992160945
cmd,,,,,,5566.817576164,1.3443888640403752,0.8670527601242062,0.0023722865153104067,,
wheel_odom,,,,,,5566.830435778,0.67,0.892,-0.04904375198104066,,
diagnostics,2745.0,"[-388.0,2745.0,152.0,-2487.0]",,2240.0,"[261.0,2240.0,-261.0,-2240.0]",5566.830831437,,,,,
pose,,,1.679120416415687,,,5566.831190504,,,,1.8017865910070012,2.7699243736206594
pose,,,0.0,,,5566.850459973,,,,1.8017865910070012,2.7699243736206594
cmd,,,,,,5566.867712168,1.4543888640403753,0.7570527601242062,0.00028842975734733045,,
wheel_odom,,,,,,5566.870506172,0.705,0.832,0.03735004599267865,,
pose,,,1.0525866000239015,,,5566.87104756,,,,1.813615064452521,2.7915976274825933
wheel_odom,,,,,,5566.890233668,0.646,0.745,0.04904375198104066,,
diagnostics,2444.0,"[-264.0,2444.0,6.0,-2204.0]",,1493.0,"[322.0,1493.0,-322.0,-1493.0]",5566.890541161,,,,,
pose,,,1.5504225896636314,,,5566.890636051,,,,1.8309438072736135,2.82197017500128
wheel_odom,,,,,,5566.910242666,0.642,0.687,-0.07208209810736581,,
pose,,,0.8331603905238106,,,5566.910877191,,,,1.8436790307876532,2.838834387755091
cmd,,,,,,5566.917575127,1.5643888640403754,0.6470527601242062,-0.00047527451533824205,,
pose,,,0.11156845217870817,,,5566.931234367,,,,1.8421238315749031,2.8411046461024623
wheel_odom,,,,,,5566.951359864,0.581,0.616,-0.05689773361501514,,
diagnostics,2190.0,"[-101.0,2190.0,-3.0,-1930.0]",,1492.0,"[462.0,1492.0,-462.0,-1492.0]",5566.952139925,,,,,
pose,,,1.2470125275788886,,,5566.952468902,,,,1.8584821904273139,2.867588009813075
cmd,,,,,,5566.967539168,1.6743888640403755,0.5370527601242062,-0.001266802428290248,,
wheel_odom,,,,,,5566.970206556,0.541,0.519,-0.022689280275926284,,
pose,,,1.3257009630806924,,,5566.970441246,,,,1.8739325322172322,2.8914211607932
wheel_odom,,,,,,5566.99034652,0.458,0.414,-0.017627825445142728,,
diagnostics,1677.0,"[301.0,1332.0,167.0,-1677.0]",,1119.0,"[352.0,1119.0,-352.0,-1119.0]",5566.990629529,,,,,
pose,,,0.6394768098415287,,,5566.990731199,,,,1.8824100105591222,2.9043960480639397
wheel_odom,,,,,,5567.010902152,0.505,0.42,-0.09843656981248018,,
pose,,,0.8874583475842679,,,5567.011516337,,,,1.8981142254788677,2.922837988963144
cmd,,,,,,5567.01770794,1.7628532648086548,0.42705276012420623,-0.0025802035816013813,,
pose,,,0.018714062683298678,,,5567.031696484,,,,1.8966741029831578,2.92321558885641
wheel_odom,,,,,,5567.050664075,0.498,0.335,-0.03438298626428829,,
diagnostics,1582.0,"[150.0,1582.0,-400.0,-1212.0]",,1141.0,"[553.0,1097.0,-597.0,-1141.0]",5567.051059207,,,,,
pose,,,0.5091890731072173,,,5567.051151701,,,,1.9055242170138198,2.9331261017818435
cmd,,,,,,5567.067562971,1.781265139579773,0.31705276012420625,-0.004017469007521868,,
wheel_odom,,,,,,5567.070161322,0.487,0.309,0.06789330790257943,,
pose,,,0.7852263864042468,,,5567.070456902,,,,1.9192104461512627,2.9482837766532364
wheel_odom,,,,,,5567.090586352,0.512,0.346,0.023911010752322315,,
diagnostics,1613.0,"[0.0,1613.0,-576.0,-1208.0]",,1148.0,"[545.0,1089.0,-605.0,-1148.0]",5567.09093171,,,,,
pose,,,0.47638628709750613,,,5567.091059635,,,,1.928330041654086,2.9580992806819455
wheel_odom,,,,,,5567.110233888,0.52,0.321,0.0661479786505851,,
pose,,,0.6632608379206588,,,5567.110495915,,,,1.9439166640349796,2.9709903128692345
cmd,,,,,,5567.117393405,1.760256052017212,0.20705276012420623,-0.0058933282271027565,,
pose,,,0.06535227050735049,,,5567.130677387,,,,1.9423177349073872,2.9723088651150666
wheel_odom,,,,,,5567.15111986,0.511,0.306,0.09005898940290741,,
diagnostics,1680.0,"[14.0,1680.0,-695.0,-1212.0]",,1151.0,"[638.0,1070.0,-719.0,-1151.0]",5567.151730657,,,,,
pose,,,0.4396501199570458,,,5567.152195705,,,,1.9514566555348107,2.981770253522832
cmd,,,,,,5567.169515446,1.7162889242172241,0.09705276012420622,-0.006949807051569223,,
wheel_odom,,,,,,5567.171326306,0.514,0.318,0.07871434926494426,,
pose,,,0.6802549917462481,,,5567.172303825,,,,1.9655452680162142,2.9954475903157185
wheel_odom,,,,,,5567.19052804,0.536,0.296,0.11903145498601328,,
diagnostics,1600.0,"[23.0,1600.0,-762.0,-1183.0]",,1107.0,"[695.0,1016.0,-786.0,-1107.0]",5567.190947326,,,,,
pose,,,0.5478815987510135,,,5567.191119385,,,,1.9745993672868725,3.0057584661431003
wheel_odom,,,,,,5567.210356587,0.514,0.29,0.12897983172238095,,
pose,,,0.7190048151300938,,,5567.210907811,,,,1.9882477100691203,3.0199860895661095
cmd,,,,,,5567.217562199,1.6755852699279785,-0.012947239875793798,-0.006571272853761911,,
pose,,,0.0,,,5567.232379373,,,,1.9882477100691203,3.0199860895661095
wheel_odom,,,,,,5567.250716855,0.407,0.379,-0.009599310885968814,,
diagnostics,1277.0,"[146.0,1219.0,-116.0,-1277.0]",,970.0,"[768.0,866.0,-872.0,-970.0]",5567.251162098,,,,,
pose,,,0.6030479970754988,,,5567.251329018,,,,1.995500777104773,3.031417351010202
cmd,,,,,,5567.267600331,1.6152453422546387,-0.12294723987579381,-0.0057810768485069275,,
wheel_odom,,,,,,5567.270424767,0.48,0.143,0.007155849933176751,,
pose,,,0.6110898749532563,,,5567.270810182,,,,2.007865857575989,3.0433222373004747
wheel_odom,,,,,,5567.290380948,0.463,0.155,0.0783652834145454,,
diagnostics,1126.0,"[512.0,989.0,-561.0,-1126.0]",,1118.0,"[923.0,1011.0,-1031.0,-1118.0]",5567.290798453,,,,,
pose,,,0.3517875331027361,,,5567.290966496,,,,2.0156310261278834,3.05041303215786
wheel_odom,,,,,,5567.310430424,0.437,0.131,0.056548667764616284,,
pose,,,0.43490373478084166,,,5567.310971437,,,,2.0276633957533865,3.059112984332814
cmd,,,,,,5567.317467392,1.5921266078948975,-0.23294723987579383,-0.0044458103366196156,,
wheel_odom,,,,,,5567.331072434,0.484,0.095,0.15952309363228173,,
pose,,,0.15747818854514037,,,5567.331762178,,,,2.0372663733515384,3.0623868276854225
diagnostics,1015.0,"[487.0,1010.0,-720.0,-1015.0]",,1065.0,"[953.0,909.0,-1065.0,-1021.0]",5567.350238403,,,,,
pose,,,0.06452329493946,,,5567.350687993,,,,2.0355678000924153,3.0636081613257526
cmd,,,,,,5567.367717056,1.5812978744506836,-0.34294723987579384,-0.0031993454322218895,,
wheel_odom,,,,,,5567.370664754,0.471,0.175,0.10349802464326374,,
pose,,,0.3344150078424675,,,5567.371679415,,,,2.0479707189455247,3.070626563874703
diagnostics,1210.0,"[604.0,1117.0,-762.0,-1210.0]",,1299.0,"[1188.0,1083.0,-1299.0,-1195.0]",5567.390285496,,,,,
wheel_odom,,,,,,5567.390620652,0.546,0.153,0.0825540736193318,,
pose,,,0.21159435440839874,,,5567.391028921,,,,2.056813898359655,3.074721699647444
wheel_odom,,,,,,5567.410400648,0.569,0.101,0.02426007660272118,,
pose,,,0.2623863661288239,,,5567.410817015,,,,2.071007618086768,3.079913801322801
cmd,,,,,,5567.417497647,1.5227835178375244,-0.4529472398757939,-0.0013038261095061898,,
wheel_odom,,,,,,5567.431441292,0.622,0.037,0.038571776469074684,,
pose,,,0.07834875723786562,,,5567.432026369,,,,2.082797281823681,3.0815753687242284
diagnostics,1160.0,"[970.0,1088.0,-988.0,-1160.0]",,1700.0,"[1590.0,1324.0,-1700.0,-1434.0]",5567.450425907,,,,,
pose,,,0.015782103106863222,,,5567.450873036,,,,2.0810927542029973,3.0818728318868263
cmd,,,,,,5567.467571324,1.4727684259414673,-0.5629472398757939,-0.0005072610219940543,,
wheel_odom,,,,,,5567.470188757,0.683,0.011,0.1059414855960558,,
pose,,,0.11967808783926602,,,5567.470403524,,,,2.0976538065594394,3.0842104803999466
wheel_odom,,,,,,5567.49020115,0.732,-0.028,0.18936822384138474,,
diagnostics,1346.0,"[1159.0,1100.0,-1346.0,-1340.0]",,2003.0,"[1895.0,1460.0,-2003.0,-1568.0]",5567.490615403,,,,,
pose,,,0.007120303797619802,,,5567.490790851,,,,2.10988943702563,3.0843556327058756
wheel_odom,,,,,,5567.510619165,0.778,-0.01,0.09599310885968812,,
pose,,,0.03042911502210999,,,5567.51120638,,,,2.1290390648496955,3.0849767875254654
cmd,,,,,,5567.517571339,1.4708598852157593,-0.6729472398757939,0.0009011260117404163,,
wheel_odom,,,,,,5567.532849662,0.855,-0.109,-0.05445427266222309,,
pose,,,-0.05659407294290501,,,5567.533095137,,,,2.1449569218390323,3.08373806505919
diagnostics,1831.0,"[1831.0,1148.0,-1532.0,-1373.0]",,2379.0,"[2276.0,1506.0,-2379.0,-1609.0]",5567.549984615,,,,,
pose,,,-0.000997413696525047,,,5567.550280312,,,,2.1432190128518203,3.0837209194429405
cmd,,,,,,5567.567650103,1.4627621173858643,-0.7829472398757938,0.0013930397108197212,,
wheel_odom,,,,,,5567.570163886,0.859,-0.13,0.020594885173533087,,
pose,,,-0.07373699339893383,,,5567.570452847,,,,2.1647690111979734,3.0822334728475593
wheel_odom,,,,,,5567.590561471,0.919,-0.191,0.05742133239061344,,
diagnostics,2008.0,"[2008.0,1086.0,-1928.0,-1440.0]",,2755.0,"[2659.0,1464.0,-2755.0,-1560.0]",5567.590966495,,,,,
pose,,,-0.11791711011505403,,,5567.591108976,,,,2.1801793112715364,3.079797902013161
wheel_odom,,,,,,5567.610329822,0.988,-0.22,0.13735741213195374,,
pose,,,-0.18501599046373474,,,5567.610742494,,,,2.2044667451480024,3.076165382053736
cmd,,,,,,5567.617480704,1.42324697971344,-0.8929472398757938,0.0005003444384783506,,
wheel_odom,,,,,,5567.630413941,1.025,-0.247,0.14119713648634125,,
pose,,,-0.26302732588329486,,,5567.630672074,,,,2.2328338767166884,3.0709230751659096
diagnostics,2179.0,"[2142.0,1184.0,-2179.0,-1474.0]",,3050.0,"[2962.0,1386.0,-3050.0,-1473.0]",5567.6500588,,,,,
pose,,,0.042411129718858305,,,5567.650391554,,,,2.229751704254775,3.0717593655585813
cmd,,,,,,5567.667709299,1.3882876634597778,-1.002947239875794,-0.00025409070076420903,,
wheel_odom,,,,,,5567.670724755,1.095,-0.312,0.03385938748868999,,
pose,,,-0.20280584497441,,,5567.671450454,,,,2.248271401925084,3.067488895657695
wheel_odom,,,,,,5567.690328544,1.048,-0.316,0.07539822368615504,,
diagnostics,2286.0,"[2283.0,1157.0,-2286.0,-1380.0]",,3272.0,"[3196.0,1309.0,-3272.0,-1384.0]",5567.690675644,,,,,
pose,,,-0.2969608795422511,,,5567.690791168,,,,2.275251685881143,3.061744719299886
wheel_odom,,,,,,5567.710436956,1.106,-0.38,0.12479104151759457,,
pose,,,-0.2845509713905058,,,5567.710792366,,,,2.29399716292246,3.0560534665402934
cmd,,,,,,5567.717443712,1.3567177057266235,-1.112947239875794,-0.0012501876335591078,,
wheel_odom,,,,,,5567.730434986,1.178,-0.493,0.05777039824101231,,
pose,,,-0.5167364813424261,,,5567.730817634,,,,2.326784490060922,3.0457060872044606
diagnostics,2821.0,"[2764.0,1096.0,-2821.0,-1193.0]",,3626.0,"[3585.0,1053.0,-3626.0,-1094.0]",5567.750361082,,,,,
pose,,,0.02857994542001158,,,5567.751166827,,,,2.3227089028592562,3.04628752850306
cmd,,,,,,5567.767793142,1.3256406784057617,-1.1773183345794678,-0.0018410851480439305,,
wheel_odom,,,,,,5567.771079222,1.167,-0.535,0.038571776469074684,,
pose,,,-0.4176086527521962,,,5567.771683685,,,,2.342373793960844,3.037718687133051
wheel_odom,,,,,,5567.790314869,1.211,-0.631,0.06318091892219473,,
diagnostics,3211.0,"[3076.0,872.0,-3211.0,-1032.0]",,3898.0,"[3884.0,788.0,-3898.0,-802.0]",5567.79072623,,,,,
pose,,,-0.6402987068014022,,,5567.790887448,,,,2.3727980028376825,3.0254209443331943
wheel_odom,,,,,,5567.811244909,1.215,-0.694,0.11938052083641214,,
pose,,,-0.4794682649111957,,,5567.811678147,,,,2.393745916996303,3.0154525934137837
cmd,,,,,,5567.817470459,1.298991322517395,-1.2029920816421509,-0.0020551516208797693,,
wheel_odom,,,,,,5567.830400522,1.227,-0.782,0.16301375213627037,,
pose,,,-0.8980991373799743,,,5567.830807145,,,,2.429449241303436,2.998272794842205
diagnostics,3656.0,"[3231.0,784.0,-3656.0,-668.0]",,4145.0,"[4143.0,402.0,-4145.0,-404.0]",5567.850099882,,,,,
pose,,,0.1298265457420405,,,5567.850547062,,,,2.4253616512309097,3.0008355735815053
cmd,,,,,,5567.867702597,1.2805092334747314,-1.239322543144226,-0.002880819607526064,,
wheel_odom,,,,,,5567.870697751,1.242,-0.98,0.17715091907742445,,
pose,,,-0.6266598998467556,,,5567.871398655,,,,2.4469119504106396,2.987770810698032
wheel_odom,,,,,,5567.890329806,1.289,-1.055,-0.21607176139689802,,
diagnostics,4095.0,"[4095.0,525.0,-3447.0,-291.0]",,4223.0,"[4223.0,162.0,-4223.0,-162.0]",5567.890747298,,,,,
pose,,,-0.9744354292870753,,,5567.890905018,,,,2.480359205588938,2.9687593084765322
wheel_odom,,,,,,5567.910612758,1.128,-0.9,-0.1244419756671957,,
pose,,,-0.648310151970756,,,5567.911174736,,,,2.501008741293155,2.955619368041094
cmd,,,,,,5567.917793383,1.2538628578186035,-1.2867462635040283,-0.004280176945030689,,
wheel_odom,,,,,,5567.931035785,1.144,-0.997,0.300720230118623,,
pose,,,-1.1843707337175617,,,5567.931508867,,,,2.536310884556523,2.931534923872366
diagnostics,3972.0,"[3247.0,280.0,-3972.0,-289.0]",,4253.0,"[4253.0,70.0,-4253.0,-70.0]",5567.950057715,,,,,
pose,,,0.1656687819352778,,,5567.950537012,,,,2.532800195152706,2.9346872923173333
cmd,,,,,,5567.967539405,1.2211966514587402,-1.3108115196228027,-0.0035071931779384613,,
wheel_odom,,,,,,5567.970334226,1.189,-1.05,0.2802998778702893,,
pose,,,-1.0475793631497372,,,5567.971048281,,,,2.5642231254071386,2.9132023279262658
wheel_odom,,,,,,5567.990623393,1.248,-1.06,0.1747074581246324,,
diagnostics,4286.0,"[3452.0,585.0,-4286.0,-103.0]",,4289.0,"[4289.0,-55.0,-4289.0,55.0]",5567.991189427,,,,,
pose,,,-0.7379164644630305,,,5567.991397426,,,,2.5856038198965097,2.8981854245911256
wheel_odom,,,,,,5568.010631477,1.199,-1.015,0.016406094968746697,,
pose,,,-1.095396740970287,,,5568.011404039,,,,2.618000958414707,2.876273348076627
cmd,,,,,,5568.018314439,1.2099888324737549,-1.3126683235168457,-0.005643222946673632,,
wheel_odom,,,,,,5568.030978733,1.152,-0.978,-0.3234095103945493,,
pose,,,-0.8919524203465838,,,5568.031643108,,,,2.641620460555918,2.8582191545020144
diagnostics,3787.0,"[3787.0,405.0,-3340.0,-122.0]",,4295.0,"[4295.0,-131.0,-4253.0,172.0]",5568.050151447,,,,,
pose,,,0.18274341549992973,,,5568.050663963,,,,2.6385682833213684,2.8616952831220037
cmd,,,,,,5568.067627457,1.2131578922271729,-1.3044530153274536,-0.006347784772515297,,
wheel_odom,,,,,,5568.070474536,0.971,-0.873,0.24923301718479024,,
pose,,,-1.0499533339640166,,,5568.070724365,,,,2.668242746727096,2.8406302678242192
wheel_odom,,,,,,5568.090492785,1.189,-1.158,0.19896753472735357,,
diagnostics,4188.0,"[3925.0,-5.0,-4188.0,-137.0]",,4259.0,"[4259.0,-173.0,-4259.0,173.0]",5568.091233394,,,,,
pose,,,-0.7264955120642361,,,5568.09154836,,,,2.688316713053798,2.8255070069028863
wheel_odom,,,,,,5568.110266524,1.295,-1.237,0.17889624832941878,,
pose,,,-1.2294290359739783,,,5568.110683579,,,,2.720719483623931,2.801975093393173
cmd,,,,,,5568.117557211,1.2513694763183594,-1.272257924079895,-0.00702640600502491,,
wheel_odom,,,,,,5568.130627362,1.251,-1.228,0.012915436464758038,,
pose,,,-1.0497325991527067,,,5568.131165725,,,,2.7456890453972544,2.7804752250543476
diagnostics,4304.0,"[4304.0,-101.0,-3930.0,-180.0]",,4248.0,"[4248.0,-153.0,-4248.0,153.0]",5568.150029162,,,,,
pose,,,0.3311289644546013,,,5568.15048154,,,,2.7415399378946184,2.786871547895455
cmd,,,,,,5568.167593676,1.270891785621643,-1.2430177927017212,-0.007412879727780819,,
wheel_odom,,,,,,5568.170073262,1.156,-1.15,-0.32009338481576005,,
pose,,,-1.1984638213022545,,,5568.170607748,,,,2.773010804435103,2.762748286845346
wheel_odom,,,,,,5568.190394281,1.152,-1.105,-0.31834805556376566,,
diagnostics,3959.0,"[3959.0,232.0,-3545.0,6.0]",,4259.0,"[4259.0,-35.0,-4259.0,35.0]",5568.190723786,,,,,
pose,,,-0.7577282435770692,,,5568.190934998,,,,2.792375703751662,2.747345678117741
wheel_odom,,,,,,5568.210353118,1.119,-1.054,-0.015009831567151233,,
pose,,,-1.267211797781159,,,5568.210973613,,,,2.822441353734363,2.7219556210512623
cmd,,,,,,5568.217686827,1.2735962867736816,-1.2013709545135498,-0.0044536590576171875,,
wheel_odom,,,,,,5568.230850657,1.213,-1.135,0.1382300767579509,,
pose,,,-1.0607800914229115,,,5568.23119649,,,,2.8459793309233588,2.7005022931002833
diagnostics,4274.0,"[3777.0,211.0,-4274.0,-78.0]",,4277.0,"[4210.0,13.0,-4277.0,-81.0]",5568.250197214,,,,,
pose,,,0.1846068114539171,,,5568.25061236,,,,2.8422964409689997,2.7040864107150258
cmd,,,,,,5568.267563393,1.2546501159667969,-1.1345930099487305,-0.0007143132970668375,,
wheel_odom,,,,,,5568.269980025,1.244,-1.06,0.24294983187761068,,
pose,,,-1.3443598447204432,,,5568.270358067,,,,2.873084229973022,2.6775394686080496
wheel_odom,,,,,,5568.290285715,1.233,-1.032,0.23753931119642824,,
diagnostics,4292.0,"[3314.0,504.0,-4292.0,-227.0]",,4229.0,"[4126.0,72.0,-4229.0,-174.0]",5568.290630244,,,,,
pose,,,-0.8484059690127159,,,5568.290733893,,,,2.8928672410974126,2.6602516622233807
wheel_odom,,,,,,5568.310674781,1.259,-1.03,0.26145032194875056,,
pose,,,-1.2771268353518423,,,5568.311153713,,,,2.923535179528002,2.634176532974472
cmd,,,,,,5568.317589029,1.2329683303833008,-1.066881537437439,0.0002024286222876981,,
wheel_odom,,,,,,5568.330814361,1.09,-0.828,-0.14625859131712482,,
pose,,,-0.9248359772048387,,,5568.33128971,,,,2.9454122980823536,2.615553856319425
pose,,,0.0,,,5568.352476372,,,,2.9454122980823536,2.615553856319425
cmd,,,,,,5568.367569071,1.2132043838500977,-1.0114881992340088,0.001856859540566802,,
diagnostics,3258.0,"[3258.0,546.0,-2920.0,-277.0]",,4103.0,"[3965.0,133.0,-4103.0,-271.0]",5568.369964381,,,,,
pose,,,0.2014884363018025,,,5568.37044057,,,,2.9410943329907364,2.619173961376016
wheel_odom,,,,,,5568.390238659,1.129,-0.948,-0.1202531854624093,,
pose,,,-1.2542777017144826,,,5568.390660448,,,,2.969250090953783,2.593811569438159
wheel_odom,,,,,,5568.410145237,1.169,-1.036,-0.01884955592153876,,
diagnostics,3762.0,"[3762.0,150.0,-3704.0,-296.0]",,4114.0,"[3954.0,122.0,-4114.0,-282.0]",5568.410551219,,,,,
pose,,,-0.9127334518208352,,,5568.410702925,,,,2.9872176034624833,2.5755173945600003
cmd,,,,,,5568.417553234,1.2299023866653442,-0.94520503282547,0.002883529756218195,,
wheel_odom,,,,,,5568.430050083,1.167,-0.991,0.03769911184307752,,
pose,,,-1.4273652752951698,,,5568.430374655,,,,3.0152544688112686,2.5474368389261275
wheel_odom,,,,,,5568.450486288,1.182,-0.966,0.09965830028887622,,
pose,,,-0.9563451560002828,,,5568.450871631,,,,3.0334791090124154,2.527835398296678
cmd,,,,,,5568.46783225,1.1823532581329346,-0.9197691679000854,0.0058989268727600574,,
diagnostics,3698.0,"[3593.0,292.0,-3698.0,-450.0]",,3859.0,"[3649.0,236.0,-3859.0,-445.0]",5568.470181785,,,,,
pose,,,0.0,,,5568.47083386,,,,3.0334791090124154,2.527835398296678
wheel_odom,,,,,,5568.490480004,1.198,-0.929,0.11554079648202462,,
pose,,,-1.4867969661431752,,,5568.490919056,,,,3.062637395841764,2.497968305640147
wheel_odom,,,,,,5568.510317659,1.191,-0.912,0.09721483933608416,,
diagnostics,3614.0,"[3496.0,403.0,-3614.0,-490.0]",,3789.0,"[3553.0,362.0,-3789.0,-599.0]",5568.510722172,,,,,
pose,,,-0.9767972498041132,,,5568.511170195,,,,3.0813600762283353,2.478187564508555
cmd,,,,,,5568.517393928,1.1357814073562622,-0.8691213726997375,0.006011701188981533,,
wheel_odom,,,,,,5568.530403093,1.189,-0.929,0.1322959573011702,,
pose,,,-1.5582802440625036,,,5568.530637437,,,,3.110623914600899,2.4478478154321253
wheel_odom,,,,,,5568.551663096,1.171,-0.967,0.13159782560037245,,
pose,,,-0.8710374897551185,,,5568.554456995,,,,3.1291961632388308,2.4271038964717797
cmd,,,,,,5568.567691969,1.118597388267517,-0.8333671689033508,0.005914911162108183,,
diagnostics,3719.0,"[3492.0,320.0,-3719.0,-450.0]",,3667.0,"[3429.0,323.0,-3667.0,-560.0]",5568.569979139,,,,,
pose,,,0.0,,,5568.570424439,,,,3.1291961632388308,2.4271038964717797
wheel_odom,,,,,,5568.59016065,1.183,-0.957,0.182212373908208,,
pose,,,-1.570336816795333,,,5568.590513313,,,,3.158500417923962,2.3955527079929637
wheel_odom,,,,,,5568.610236102,1.148,-0.927,0.21746802479849348,,
diagnostics,3556.0,"[3346.0,226.0,-3556.0,-511.0]",,3497.0,"[3272.0,338.0,-3497.0,-563.0]",5568.610487864,,,,,
pose,,,-1.0800443707883678,,,5568.610578524,,,,3.1776038085289415,2.373880999907692
cmd,,,,,,5568.617594698,1.1527048349380493,-0.7957561612129211,0.0054465895518660545,,
wheel_odom,,,,,,5568.630918021,1.129,-0.922,0.22863813201125716,,
pose,,,-1.4924018243660786,,,5568.631548874,,,,3.2065268005016647,2.3425912778867257
wheel_odom,,,,,,5568.650794534,1.119,-0.893,0.15323990832510212,,
pose,,,-1.5403631804252813,,,5568.651139862,,,,3.2347778805991534,2.312407815154864
cmd,,,,,,5568.667580098,1.1950262784957886,-0.762088418006897,0.0046638245694339275,,
diagnostics,3566.0,"[3272.0,280.0,-3566.0,-476.0]",,3398.0,"[3191.0,379.0,-3398.0,-586.0]",5568.669964577,,,,,
pose,,,0.0,,,5568.670270587,,,,3.2347778805991534,2.312407815154864
wheel_odom,,,,,,5568.690493574,1.116,-0.899,0.1843067690106012,,
pose,,,-0.984487256809677,,,5568.691216231,,,,3.2533748185050375,2.291789474072551
wheel_odom,,,,,,5568.71087225,1.139,-0.877,0.13910274138394807,,
diagnostics,3545.0,"[3316.0,362.0,-3545.0,-505.0]",,3384.0,"[3196.0,508.0,-3384.0,-696.0]",5568.711601052,,,,,
pose,,,-1.4346265314048143,,,5568.71190371,,,,3.28212586660267,2.2621148296823685
cmd,,,,,,5568.717875027,1.2446818351745605,-0.7158485054969788,0.004017955157905817,,
wheel_odom,,,,,,5568.730402117,1.157,-0.876,0.1726130630222392,,
pose,,,-1.0725369177752706,,,5568.730829743,,,,3.301637619718151,2.241812001849648
wheel_odom,,,,,,5568.751585418,1.169,-0.866,0.1265363707695889,,
pose,,,-1.3755988141287216,,,5568.75229434,,,,3.3313577999537736,2.2122906649939833
cmd,,,,,,5568.767781824,1.2756940126419067,-0.662044107913971,0.003139569889754057,,
diagnostics,3545.0,"[3333.0,475.0,-3545.0,-624.0]",,3388.0,"[3208.0,591.0,-3388.0,-772.0]",5568.770063968,,,,,
pose,,,0.0,,,5568.770784354,,,,3.3313577999537736,2.2122906649939833
wheel_odom,,,,,,5568.790320261,1.165,-0.871,0.09546951008408983,,
pose,,,-1.0114669171768127,,,5568.790767699,,,,3.3513318345520333,2.192076172961717
wheel_odom,,,,,,5568.810116717,1.16,-0.85,0.14486232791552936,,
diagnostics,3447.0,"[3320.0,495.0,-3447.0,-641.0]",,3384.0,"[3232.0,808.0,-3384.0,-960.0]",5568.810387515,,,,,
pose,,,-1.4736277387343142,,,5568.810472675,,,,3.3814709728509835,2.1630359348828354
cmd,,,,,,5568.817476328,1.3070313930511475,-0.605804443359375,0.0024996779393404722,,
wheel_odom,,,,,,5568.830408372,1.182,-0.818,0.15742869852988853,,
pose,,,-0.9623706437347846,,,5568.830674237,,,,3.401970899000276,2.143594714995771
wheel_odom,,,,,,5568.85103927,1.195,-0.802,0.1059414855960558,,
diagnostics,3399.0,"[3287.0,619.0,-3399.0,-810.0]",,3338.0,"[3204.0,969.0,-3338.0,-1103.0]",5568.851558372,,,,,
pose,,,-1.330863104253764,,,5568.851732338,,,,3.4330879108847605,2.1155717420657516
cmd,,,,,,5568.867775308,1.3211561441421509,-0.5515289306640625,0.002367197535932064,,
wheel_odom,,,,,,5568.870601818,1.195,-0.768,0.11187560505283653,,
pose,,,-0.9234335808536713,,,5568.871020361,,,,3.4555996100415243,2.0977607527730786
pose,,,-0.07839776117980918,,,5568.890334781,,,,3.4545215373651543,2.096246580138446
wheel_odom,,,,,,5568.910444855,1.204,-0.734,0.0804596785169386,,
diagnostics,3338.0,"[3260.0,761.0,-3338.0,-879.0]",,3289.0,"[3169.0,1123.0,-3289.0,-1243.0]",5568.910766721,,,,,
pose,,,-1.286756808039911,,,5568.910966248,,,,3.48623817471799,2.069695093289674
cmd,,,,,,5568.917521359,1.335978388786316,-0.49439218640327454,0.003253249218687415,,
wheel_odom,,,,,,5568.93051495,1.229,-0.711,0.05689773361501514,,
pose,,,-0.915107764691301,,,5568.930958954,,,,3.5083166900108247,2.0514013277037653
wheel_odom,,,,,,5568.951811665,1.245,-0.689,0.09721483933608416,,
diagnostics,3296.0,"[3184.0,914.0,-3296.0,-1013.0]",,3215.0,"[3107.0,1244.0,-3215.0,-1351.0]",5568.952452939,,,,,
pose,,,-1.1477765602656786,,,5568.95293977,,,,3.541092851612091,2.0261742525678432
cmd,,,,,,5568.967900434,1.3432390689849854,-0.4342975318431854,0.002913438016548753,,
wheel_odom,,,,,,5568.970919779,1.255,-0.671,0.11763519158441782,,
pose,,,-1.3024603876936238,,,5568.971562598,,,,3.576709042878712,2.0019203444895113
pose,,,-0.012349612409458406,,,5568.991586883,,,,3.574309709020186,2.0016730759434456
wheel_odom,,,,,,5569.010643212,1.235,-0.657,0.09302604913129776,,
diagnostics,3236.0,"[3149.0,943.0,-3236.0,-1036.0]",,3137.0,"[3040.0,1373.0,-3137.0,-1469.0]",5569.011053674,,,,,
pose,,,-0.834644757669607,,,5569.011210173,,,,3.596340311312978,1.9852901353018437
cmd,,,,,,5569.01754996,1.3409804105758667,-0.3771832287311554,0.004435431677848101,,
wheel_odom,,,,,,5569.030407235,1.229,-0.635,0.08203047484373349,,
pose,,,-1.1873857193131157,,,5569.0309194,,,,3.6294823501056066,1.9618899140965345
diagnostics,3154.0,"[3128.0,1083.0,-3154.0,-1174.0]",,3044.0,"[2954.0,1489.0,-3044.0,-1579.0]",5569.050451011,,,,,
wheel_odom,,,,,,5569.050809549,1.24,-0.587,0.09337511498169662,,
pose,,,-0.76279470807261,,,5569.051070151,,,,3.65165009215689,1.9465166899043056
cmd,,,,,,5569.067515753,1.3215970993041992,-0.30990126729011536,0.004107285290956497,,
wheel_odom,,,,,,5569.070260072,1.257,-0.56,0.062482787221396996,,
pose,,,-1.0867234448253698,,,5569.07048279,,,,3.6878832425649155,1.9254207786168098
pose,,,-0.041250592597506186,,,5569.090443674,,,,3.6853597429296334,1.9245974852645513
diagnostics,3081.0,"[2994.0,1180.0,-3081.0,-1260.0]",,2939.0,"[2860.0,1587.0,-2939.0,-1666.0]",5569.110345707,,,,,
wheel_odom,,,,,,5569.1107289,1.257,-0.538,0.07208209810736581,,
pose,,,-0.6868277506986404,,,5569.111236704,,,,3.707908392291719,1.9103167380793638
cmd,,,,,,5569.117626489,1.300634741783142,-0.24206335842609406,0.00514010526239872,,
wheel_odom,,,,,,5569.130388052,1.259,-0.524,0.022689280275926284,,
pose,,,-1.0408719532641553,,,5569.130796674,,,,3.742049478606578,1.8899556349734092
wheel_odom,,,,,,5569.150412798,1.238,-0.496,0.010821041362364843,,
diagnostics,2993.0,"[2852.0,1305.0,-2993.0,-1216.0]",,2791.0,"[2718.0,1671.0,-2791.0,-1744.0]",5569.150838513,,,,,
pose,,,-0.6527362663189575,,,5569.151023627,,,,3.7645470091046915,1.8767530877280652
cmd,,,,,,5569.16784779,1.2690565586090088,-0.1620875746011734,0.005348329897969961,,
wheel_odom,,,,,,5569.17091403,1.237,-0.489,0.03769911184307752,,
pose,,,-0.8916020668699323,,,5569.171567213,,,,3.800953882683628,1.8584382679448312
pose,,,-0.04044059707960076,,,5569.191045579,,,,3.7985570067827346,1.8576506443283807
wheel_odom,,,,,,5569.212180872,1.241,-0.457,0.02303834612632515,,
diagnostics,2874.0,"[2835.0,1341.0,-2874.0,-1321.0]",,2638.0,"[2571.0,1754.0,-2638.0,-1821.0]",5569.212888825,,,,,
pose,,,-0.5596083191317084,,,5569.213183069,,,,3.8212397284523076,1.8452611886719532
cmd,,,,,,5569.217737896,1.2270560264587402,-0.08760435879230499,0.006910877302289009,,
wheel_odom,,,,,,5569.231363887,1.263,-0.409,0.10681415022205297,,
pose,,,-0.9288706038972209,,,5569.232154383,,,,3.856302788548516,1.8276413808812095
wheel_odom,,,,,,5569.250779392,1.242,-0.352,0.07993607974134029,,
diagnostics,2761.0,"[2588.0,1510.0,-2761.0,-1511.0]",,2447.0,"[2383.0,1836.0,-2447.0,-1901.0]",5569.251096352,,,,,
pose,,,-0.5474419935843358,,,5569.251293831,,,,3.8792634615081147,1.8171596486275405
cmd,,,,,,5569.267564314,1.2036806344985962,-0.025228094309568405,0.0070891426876187325,,
wheel_odom,,,,,,5569.270349119,1.194,-0.293,0.11938052083641214,,
pose,,,-0.7142999487135122,,,5569.270682252,,,,3.9153884089575093,1.8033114098057084
pose,,,-0.04413215841952916,,,5569.290872482,,,,3.9138171667737307,1.8024204223494462
wheel_odom,,,,,,5569.310889747,1.188,-0.285,0.0322885911618951,,
diagnostics,2606.0,"[2373.0,1563.0,-2606.0,-1516.0]",,2247.0,"[2192.0,1895.0,-2247.0,-1950.0]",5569.311510631,,,,,
pose,,,-0.42370867956552316,,,5569.311805857,,,,3.936198919584418,1.793551881904658
cmd,,,,,,5569.317636386,1.1443748474121094,0.022736333310604095,0.007295139599591494,,
wheel_odom,,,,,,5569.331034198,1.201,-0.243,-0.015009831567151233,,
pose,,,-0.6482951239908534,,,5569.331553296,,,,3.9705140846370113,1.780749544284525
wheel_odom,,,,,,5569.351654507,1.197,-0.211,0.04939281783143953,,
diagnostics,2422.0,"[2350.0,1701.0,-2422.0,-1675.0]",,2099.0,"[2049.0,1965.0,-2099.0,-2015.0]",5569.352241903,,,,,
pose,,,-0.3481576936968744,,,5569.352712355,,,,3.9930580728685903,1.773383179237093
cmd,,,,,,5569.367839095,1.1202239990234375,0.07094808667898178,0.00696497643366456,,
wheel_odom,,,,,,5569.370837522,1.212,-0.202,0.041887902047863905,,
pose,,,-0.5149549591880495,,,5569.372182493,,,,4.02890158103308,1.7633574485281571
pose,,,-0.04148786258063739,,,5569.390307333,,,,4.027653469291759,1.762605268642532
wheel_odom,,,,,,5569.410270165,1.182,-0.148,0.06667157742618339,,
diagnostics,2284.0,"[2165.0,1703.0,-2284.0,-1739.0]",,1995.0,"[1867.0,1945.0,-1917.0,-1995.0]",5569.410596461,,,,,
pose,,,-0.29204776163052,,,5569.41107079,,,,4.050781113531615,1.7565417636698335
cmd,,,,,,5569.417513918,1.0552239990234376,0.10217274725437164,0.007146707735955715,,
wheel_odom,,,,,,5569.430530786,1.147,-0.121,0.028099800957108706,,
pose,,,-0.4185336743599786,,,5569.430927349,,,,4.084724361006596,1.7482308337720616
wheel_odom,,,,,,5569.450765564,1.148,-0.095,0.031415926535897934,,
diagnostics,2118.0,"[2084.0,1820.0,-2118.0,-1765.0]",,2034.0,"[1746.0,1986.0,-1795.0,-2034.0]",5569.451175742,,,,,
pose,,,-0.22047503310179292,,,5569.451329365,,,,4.10739869055947,1.7437325630269174
cmd,,,,,,5569.467609876,1.002683162689209,0.15623436868190765,0.007587403524667025,,
wheel_odom,,,,,,5569.470206409,1.126,-0.055,0.04310963252425994,,
pose,,,-0.2991404626840972,,,5569.470588298,,,,4.1416670297083105,1.7379716217672667
pose,,,-0.01866637073213942,,,5569.490415578,,,,4.140827102446892,1.7376015201814916
diagnostics,1968.0,"[1916.0,1837.0,-1968.0,-1825.0]",,1976.0,"[1585.0,1929.0,-1632.0,-1976.0]",5569.51011211,,,,,
wheel_odom,,,,,,5569.510427647,1.11,-0.036,0.007504915783575617,,
pose,,,-0.15444710368422093,,,5569.510865913,,,,4.163004452968078,1.734443056215178
cmd,,,,,,5569.517580286,0.9790481328964233,0.18738509714603424,0.007131063379347324,,
wheel_odom,,,,,,5569.530961811,1.087,-0.003,0.026354471705114377,,
pose,,,-0.203388331573577,,,5569.531504112,,,,4.195598431781289,1.7302455030148711
wheel_odom,,,,,,5569.551150048,1.08,0.013,0.010471975511965976,,
diagnostics,1926.0,"[1816.0,1856.0,-1765.0,-1926.0]",,1979.0,"[1406.0,1933.0,-1453.0,-1979.0]",5569.551639342,,,,,
pose,,,-0.09011879504980852,,,5569.551812269,,,,4.217354871763019,1.7284153114070293
cmd,,,,,,5569.567708584,1.004420280456543,0.2574857175350189,0.006438398268073797,,
wheel_odom,,,,,,5569.570563333,1.071,0.05,0.027227136331111543,,
pose,,,-0.11160525418614406,,,5569.570945979,,,,4.249953964832418,1.7262799198652425
pose,,,-0.003077308940118718,,,5569.590454052,,,,4.249859696731187,1.7262198905166355
pose,,,0.0,,,5569.610108254,,,,4.249859696731187,1.7262198905166355
cmd,,,,,,5569.617551524,0.9885174036026001,0.261386513710022,0.007921860553324223,,
diagnostics,1949.0,"[1648.0,1847.0,-1585.0,-1949.0]",,1990.0,"[1314.0,1945.0,-1359.0,-1990.0]",5569.630202555,,,,,
wheel_odom,,,,,,5569.630537657,1.042,0.071,-0.019198621771937627,,
pose,,,-0.01596509908898748,,,5569.630928523,,,,4.27093236234175,1.7258874743873842
wheel_odom,,,,,,5569.650256757,1.039,0.087,0.0041887902047863905,,
pose,,,-0.030845391719108817,,,5569.650664987,,,,4.302500147020864,1.7252786713030375
cmd,,,,,,5569.667643196,1.0361499786376953,0.27932417392730713,0.006478543393313885,,
wheel_odom,,,,,,5569.670283722,1.034,0.122,0.0066322511575784525,,
diagnostics,1992.0,"[1569.0,1992.0,-1543.0,-1982.0]",,2150.0,"[1239.0,2107.0,-1282.0,-2150.0]",5569.67066346,,,,,
pose,,,0.024528731789086308,,,5569.670830741,,,,4.332778168504566,1.7257733035552063
wheel_odom,,,,,,5569.690289577,1.028,0.128,0.04153883619746504,,
pose,,,0.06679360952026508,,,5569.690719685,,,,4.353444372937012,1.7271017297275926
pose,,,0.0,,,5569.710318829,,,,4.353444372937012,1.7271017297275926
cmd,,,,,,5569.717495004,0.9769898653030396,0.2790079712867737,0.007440019398927689,,
diagnostics,1994.0,"[1393.0,1994.0,-1495.0,-1991.0]",,2129.0,"[1209.0,2090.0,-1248.0,-2129.0]",5569.73023274,,,,,
wheel_odom,,,,,,5569.730566586,1.024,0.159,0.016755160819145562,,
pose,,,0.09994073232875575,,,5569.73094549,,,,4.383363052568617,1.7291631548443902
wheel_odom,,,,,,5569.750406154,1.017,0.174,0.04782202150464463,,
pose,,,0.12886368777153134,,,5569.750806522,,,,4.403679478624745,1.7317224647440668
cmd,,,,,,5569.767657519,0.9591281414031982,0.2683558464050293,0.006149151362478733,,
wheel_odom,,,,,,5569.770587757,1.016,0.185,0.017627825445142728,,
diagnostics,2016.0,"[1356.0,2004.0,-1348.0,-2016.0]",,2237.0,"[1259.0,2201.0,-1296.0,-2237.0]",5569.770843168,,,,,
pose,,,0.1656159551159474,,,5569.770934564,,,,4.433203183690577,1.7350563662550713
wheel_odom,,,,,,5569.790593581,0.993,0.202,0.0317649923862968,,
pose,,,0.16016767029080983,,,5569.790877802,,,,4.453185604817478,1.738250539010263
pose,,,0.0,,,5569.810113872,,,,4.453185604817478,1.738250539010263
cmd,,,,,,5569.817468875,0.8941281414031983,0.26232409477233887,0.006879438180476427,,
wheel_odom,,,,,,5569.830040851,0.986,0.215,0.02129301687433082,,
diagnostics,2064.0,"[1303.0,1964.0,-1327.0,-2064.0]",,2120.0,"[1178.0,2120.0,-1178.0,-2120.0]",5569.830364027,,,,,
pose,,,0.22325279437809775,,,5569.83050765,,,,4.48255535926215,1.742803588870455
wheel_odom,,,,,,5569.850262878,0.965,0.214,-0.020943951023931952,,
pose,,,0.18276492757887533,,,5569.850531871,,,,4.501955310813832,1.7464634446655085
cmd,,,,,,5569.867558936,0.8291281414031983,0.2749103009700775,0.008953885175287724,,
wheel_odom,,,,,,5569.870291523,0.973,0.217,0.023387411976724018,,
diagnostics,2055.0,"[1243.0,1990.0,-1308.0,-2055.0]",,2071.0,"[1166.0,2071.0,-1166.0,-2071.0]",5569.87058115,,,,,
pose,,,0.2605332100639525,,,5569.870714543,,,,4.530747939511366,1.7517216280399586
wheel_odom,,,,,,5569.890237464,0.933,0.229,0.005934119456780721,,
pose,,,0.19115536816681192,,,5569.890585494,,,,4.549796163102318,1.7555199891939126
pose,,,0.020155632264544573,,,5569.910606081,,,,4.549537601519084,1.7559235051332553
cmd,,,,,,5569.917739984,0.7641281414031984,0.24118410050868988,0.009267602115869522,,
wheel_odom,,,,,,5569.930580542,0.93,0.229,0.02426007660272118,,
diagnostics,1999.0,"[1125.0,1990.0,-1233.0,-1999.0]",,1951.0,"[1066.0,1951.0,-1066.0,-1951.0]",5569.930928517,,,,,
pose,,,0.2878064075765283,,,5569.931087031,,,,4.57730266881073,1.7618181565235151
wheel_odom,,,,,,5569.95060413,0.915,0.255,0.0024434609527920616,,
pose,,,0.23148261194782616,,,5569.951066819,,,,4.595628723628271,1.766442887673661
cmd,,,,,,5569.967881049,0.6991281414031985,0.25495630502700806,0.009658247232437134,,
wheel_odom,,,,,,5569.971422941,0.897,0.241,-0.02757620218151041,,
diagnostics,1952.0,"[1083.0,1952.0,-1089.0,-1892.0]",,1863.0,"[935.0,1863.0,-935.0,-1863.0]",5569.972093316,,,,,
pose,,,0.3030525783392459,,,5569.972421956,,,,4.622583067965321,1.7729135444990591
wheel_odom,,,,,,5569.991152011,0.843,0.218,0.026354471705114377,,
pose,,,0.32511698365069613,,,5569.991862748,,,,4.648564769436443,1.7792342894306794
wheel_odom,,,,,,5570.010503686,0.841,0.214,-0.012566370614359171,,
pose,,,0.21445550751830772,,,5570.0109176,,,,4.6657318957221445,1.7833214277430542
cmd,,,,,,5570.01755809,0.6905116438865662,0.23956650495529175,0.009569567628204823,,
diagnostics,1780.0,"[1012.0,1780.0,-997.0,-1779.0]",,1696.0,"[882.0,1696.0,-882.0,-1696.0]",5570.030548254,,,,,
pose,,,0.005776972213939788,,,5570.031029199,,,,4.665189552111092,1.7834376068830198
wheel_odom,,,,,,5570.050543512,0.824,0.245,0.029670597283903602,,
pose,,,0.3368607684767308,,,5570.050954404,,,,4.6902647107676065,1.7901498942189633
cmd,,,,,,5570.067696227,0.6610596776008606,0.2521492540836334,0.009153833612799644,,
wheel_odom,,,,,,5570.070638875,0.8,0.234,-0.009599310885968814,,
diagnostics,1775.0,"[941.0,1764.0,-921.0,-1775.0]",,1610.0,"[749.0,1610.0,-749.0,-1610.0]",5570.071064975,,,,,
pose,,,0.22807253612756415,,,5570.071229561,,,,4.706315346172856,1.7947741438020095
wheel_odom,,,,,,5570.091348984,0.789,0.226,-0.007504915783575617,,
pose,,,0.33373505576139906,,,5570.091536854,,,,4.730407644760189,1.8015510622911968
wheel_odom,,,,,,5570.110608448,0.758,0.253,-0.045727626402251434,,
pose,,,0.2387803221392184,,,5570.111034081,,,,4.746010514676604,1.8062069638605975
cmd,,,,,,5570.117435258,0.5960596776008606,0.22092916071414948,0.006538688205182552,,
diagnostics,1704.0,"[910.0,1674.0,-842.0,-1704.0]",,1571.0,"[761.0,1571.0,-761.0,-1571.0]",5570.130038826,,,,,
pose,,,0.006083242069560909,,,5570.130531727,,,,4.745732109091183,1.8063255805962166
wheel_odom,,,,,,5570.150522784,0.745,0.236,-0.0024434609527920616,,
pose,,,0.33842944599690555,,,5570.150900374,,,,4.768690216463734,1.8132182668559087
cmd,,,,,,5570.167539477,0.5878018140792847,0.18991851806640625,0.004917783197015524,,
wheel_odom,,,,,,5570.170594349,0.744,0.258,-0.028099800957108706,,
diagnostics,1649.0,"[876.0,1621.0,-844.0,-1649.0]",,1541.0,"[690.0,1541.0,-690.0,-1541.0]",5570.17088099,,,,,
pose,,,0.24319418226188197,,,5570.171138,,,,4.783574983267074,1.8181402787746368
wheel_odom,,,,,,5570.19038577,0.676,0.232,-0.013788101090755204,,
pose,,,0.3559405916989621,,,5570.190749149,,,,4.805159514290562,1.8251205254277196
wheel_odom,,,,,,5570.210046763,0.676,0.23,0.015533430342749533,,
pose,,,0.22950168954528738,,,5570.210348928,,,,4.81909730191531,1.8296188244099494
cmd,,,,,,5570.217513123,0.5878195762634277,0.18284311890602112,0.005729376804083586,,
diagnostics,1608.0,"[786.0,1496.0,-758.0,-1608.0]",,1379.0,"[633.0,1379.0,-633.0,-1379.0]",5570.230012457,,,,,
pose,,,0.01799851404466073,,,5570.230355759,,,,4.819277090881527,1.82997891002532
wheel_odom,,,,,,5570.250278691,0.652,0.231,0.0029670597283903604,,
pose,,,0.3336952404180745,,,5570.250792265,,,,4.839715874153574,1.8367983283159304
cmd,,,,,,5570.26773574,0.5799208879470825,0.18977200984954834,0.00641139131039381,,
wheel_odom,,,,,,5570.271546461,0.656,0.21,0.023387411976724018,,
diagnostics,1488.0,"[711.0,1446.0,-706.0,-1488.0]",,1313.0,"[671.0,1313.0,-671.0,-1313.0]",5570.271985697,,,,,
pose,,,0.2124672089099652,,,5570.272169584,,,,4.853287372950072,1.8413401508171163
wheel_odom,,,,,,5570.290465864,0.647,0.246,-0.02007128639793479,,
pose,,,0.36465136209375976,,,5570.290874333,,,,4.873069594026421,1.848160840044586
pose,,,0.0,,,5570.310155115,,,,4.873069594026421,1.848160840044586
cmd,,,,,,5570.317613318,0.5489163994789124,0.1955002248287201,0.007513704244047403,,
wheel_odom,,,,,,5570.330610759,0.63,0.229,-0.008028514559173916,,
diagnostics,1478.0,"[740.0,1475.0,-706.0,-1478.0]",,1301.0,"[683.0,1301.0,-683.0,-1301.0]",5570.331040847,,,,,
pose,,,0.22108769390180324,,,5570.331200138,,,,4.886165575850287,1.8528140459865474
wheel_odom,,,,,,5570.350611042,0.635,0.215,-0.034732052114687155,,
pose,,,0.3255287330579644,,,5570.351042279,,,,4.905459398460203,1.859273167575972
cmd,,,,,,5570.367707426,0.5102807283401489,0.18319498002529144,0.008338955231010914,,
wheel_odom,,,,,,5570.370740929,0.622,0.23,-0.04729842272904633,,
diagnostics,1429.0,"[717.0,1429.0,-670.0,-1375.0]",,1299.0,"[658.0,1299.0,-658.0,-1299.0]",5570.371131728,,,,,
pose,,,0.2177550039103846,,,5570.371483471,,,,4.918306757043801,1.8637243444283549
wheel_odom,,,,,,5570.390424585,0.612,0.2,-0.0054105206811824215,,
pose,,,0.3231545544507031,,,5570.390828065,,,,4.937272864316547,1.869975629681347
pose,,,0.0,,,5570.410028738,,,,4.937272864316547,1.869975629681347
cmd,,,,,,5570.417527933,0.4941455125808716,0.13948625326156616,0.009023229591548443,,
wheel_odom,,,,,,5570.432779143,0.59,0.218,0.031066860685499065,,
diagnostics,1399.0,"[644.0,1399.0,-704.0,-1367.0]",,1257.0,"[595.0,1257.0,-595.0,-1257.0]",5570.433430099,,,,,
pose,,,0.17084196597822046,,,5570.433606506,,,,4.949462297070163,1.874003735746507
wheel_odom,,,,,,5570.450517849,0.558,0.186,-0.016755160819145562,,
pose,,,0.3337428087001085,,,5570.450925117,,,,4.967318474664494,1.8797841001181215
cmd,,,,,,5570.467747495,0.4690220355987549,0.09952154755592346,0.00954009871929884,,
wheel_odom,,,,,,5570.47034846,0.553,0.186,-0.05235987755982989,,
diagnostics,1302.0,"[688.0,1291.0,-628.0,-1302.0]",,1185.0,"[536.0,1154.0,-567.0,-1185.0]",5570.470588824,,,,,
pose,,,0.17480178903566732,,,5570.47107822,,,,4.978836507709555,1.8833068519051175
wheel_odom,,,,,,5570.490488722,0.543,0.191,0.0066322511575784525,,
pose,,,0.2807198923083701,,,5570.490914616,,,,4.995840450017906,1.8888753012386497
wheel_odom,,,,,,5570.510558341,0.551,0.18,0.08133234314293576,,
pose,,,0.18002762354994603,,,5570.510979146,,,,5.007019729031118,1.89248756306637
cmd,,,,,,5570.517610389,0.4404623508453369,0.05459023267030716,0.01018429733812809,,
diagnostics,1250.0,"[575.0,1224.0,-681.0,-1250.0]",,1085.0,"[582.0,1052.0,-615.0,-1085.0]",5570.530161195,,,,,
pose,,,-0.003840848575770536,,,5570.530589511,,,,5.007294082731186,1.8924122434458308
wheel_odom,,,,,,5570.550186787,0.524,0.151,-0.028099800957108706,,
pose,,,0.24288753850155143,,,5570.550588317,,,,5.023737963736963,1.8972697836321586
cmd,,,,,,5570.567617865,0.4159088730812073,0.026716655120253563,0.010893299244344234,,
wheel_odom,,,,,,5570.570491266,0.515,0.157,0.0439822971502571,,
diagnostics,1147.0,"[648.0,1096.0,-683.0,-1147.0]",,976.0,"[606.0,944.0,-639.0,-976.0]",5570.570745913,,,,,
pose,,,0.15567815400752205,,,5570.570831726,,,,5.034556835578388,1.9004214987576336
wheel_odom,,,,,,5570.590134257,0.515,0.118,-0.0158824961931484,,
pose,,,0.2154895920415508,,,5570.590710823,,,,5.050384725722661,1.904704969837684
wheel_odom,,,,,,5570.610161761,0.489,0.122,-0.014311699866353502,,
pose,,,0.13425208350245205,,,5570.610527996,,,,5.0604788044633855,1.9073654824437447
cmd,,,,,,5570.617455314,0.3965635597705841,0.007537059485912323,0.010594705119729042,,
diagnostics,1014.0,"[560.0,1014.0,-632.0,-967.0]",,835.0,"[649.0,835.0,-649.0,-835.0]",5570.629940507,,,,,
pose,,,-0.002332640580795946,,,5570.630334902,,,,5.06061403664884,1.9073192810097443
wheel_odom,,,,,,5570.650381033,0.451,0.112,0.027227136331111543,,
pose,,,0.18441451507109688,,,5570.650740144,,,,5.07513924261432,1.9110823484464965
cmd,,,,,,5570.667595432,0.36656928062438965,0.019697971642017365,0.01067294366657734,,
wheel_odom,,,,,,5570.670273582,0.471,0.101,-0.0017453292519943296,,
diagnostics,938.0,"[608.0,920.0,-639.0,-938.0]",,747.0,"[656.0,747.0,-656.0,-747.0]",5570.67050194,,,,,
pose,,,0.1670562863088025,,,5570.67071635,,,,5.089161372980647,1.914419578420021
wheel_odom,,,,,,5570.69046091,0.44,0.096,-0.012217304763960306,,
pose,,,0.09271551229540159,,,5570.690885104,,,,5.098138824535041,1.9162894316798562
wheel_odom,,,,,,5570.710528713,0.434,0.079,-0.0017453292519943296,,
pose,,,0.1503383551789304,,,5570.71094037,,,,5.111728148660603,1.919304541810414
cmd,,,,,,5570.717514404,0.33754318952560425,0.06587624549865723,0.00960033293813467,,
diagnostics,883.0,"[604.0,883.0,-605.0,-831.0]",,683.0,"[656.0,683.0,-656.0,-683.0]",5570.730354564,,,,,
pose,,,-0.018967882307844342,,,5570.730799966,,,,5.111364053429106,1.9189278618412267
wheel_odom,,,,,,5570.750404392,0.421,0.057,-0.0158824961931484,,
pose,,,0.06385292269303613,,,5570.750806467,,,,5.119923005554521,1.9202053806746393
cmd,,,,,,5570.767694027,0.3314468562602997,0.12035775184631348,0.007900051772594452,,
wheel_odom,,,,,,5570.770371983,0.406,0.052,0.017627825445142728,,
diagnostics,804.0,"[629.0,744.0,-572.0,-804.0]",,653.0,"[585.0,653.0,-585.0,-653.0]",5570.770758294,,,,,
pose,,,0.09329229221139332,,,5570.770927326,,,,5.132361077499365,1.9220824880180334
wheel_odom,,,,,,5570.790207327,0.183,0.035,0.006283185307179586,,
pose,,,0.0459743217323949,,,5570.790839022,,,,5.13793431045634,1.9229979142764475
wheel_odom,,,,,,5570.810344738,0.176,0.063,0.05235987755982989,,
pose,,,0.1056531535264805,,,5570.810434126,,,,5.146000920698892,1.9250683564422484
cmd,,,,,,5570.817447239,0.32122567296028137,0.17212429642677307,0.0066263312473893166,,
diagnostics,509.0,"[251.0,240.0,-245.0,-509.0]",,286.0,"[-20.0,245.0,-20.0,-286.0]",5570.830158661,,,,,
pose,,,-0.0165796444887125,,,5570.830679168,,,,5.145999559693536,1.9247326958527535
wheel_odom,,,,,,5570.850129857,0.131,0.067,0.0921533845053006,,
pose,,,0.059577292782462,,,5570.850670583,,,,5.149957522842181,1.9259237053340177
cmd,,,,,,5570.867954646,0.31327277421951294,0.21163374185562134,0.005593642592430115,,
wheel_odom,,,,,,5570.871375824,0.171,0.116,0.0,,
diagnostics,499.0,"[161.0,470.0,-72.0,-499.0]",,688.0,"[-19.0,649.0,-19.0,-688.0]",5570.871930162,,,,,
pose,,,0.10159107790107828,,,5570.872396054,,,,5.156222234937994,1.92813056679535
wheel_odom,,,,,,5570.890661087,0.205,0.153,0.020943951023931952,,
pose,,,0.11399810250583453,,,5570.891192675,,,,5.160596199299859,1.9302735640013304
wheel_odom,,,,,,5570.91037082,0.215,0.209,-0.07871434926494426,,
pose,,,0.21082439078974818,,,5570.910622244,,,,5.166938699853866,1.9343699289280647
cmd,,,,,,5570.917397355,0.30294790863990784,0.23865056037902832,0.005036772228777409,,
diagnostics,849.0,"[-7.0,849.0,-9.0,-561.0]",,1089.0,"[-32.0,1047.0,-9.0,-1089.0]",5570.930130957,,,,,
pose,,,-0.019368411985229452,,,5570.93051655,,,,5.166944972681126,1.9339846272591796
wheel_odom,,,,,,5570.950640682,0.159,0.203,0.07452555906015787,,
pose,,,0.14014495327005227,,,5570.951302321,,,,5.170472236484195,1.9368972659894226
cmd,,,,,,5570.967770403,0.29284828901290894,0.25617516040802,0.004779214505106211,,
wheel_odom,,,,,,5570.971420197,0.174,0.243,0.09808750396208132,,
diagnostics,802.0,"[-227.0,692.0,66.0,-802.0]",,1094.0,"[-36.0,1054.0,-3.0,-1094.0]",5570.971933307,,,,,
pose,,,0.23299430331834053,,,5570.972159582,,,,5.175859577614361,1.9417570194619354
wheel_odom,,,,,,5570.990387979,0.192,0.298,0.05445427266222309,,
pose,,,0.323322448807813,,,5570.990677328,,,,5.18122722570009,1.9477452244214026
wheel_odom,,,,,,5571.010241026,0.209,0.312,0.06702064327658225,,
pose,,,0.25952855815812337,,,5571.010471649,,,,5.185322332433835,1.952882537469647
cmd,,,,,,5571.017581868,0.28505444526672363,0.2659691870212555,0.004782168194651604,,
diagnostics,913.0,"[-264.0,824.0,94.0,-913.0]",,1090.0,"[-28.0,1059.0,-2.0,-1090.0]",5571.030592003,,,,,
pose,,,0.0006785197914977542,,,5571.031252735,,,,5.185011309056189,1.9528966339632612
wheel_odom,,,,,,5571.050465928,0.22,0.345,0.11222467090323539,,
pose,,,0.3964909342878612,,,5571.050769583,,,,5.190762645307596,1.960637037034771
cmd,,,,,,5571.067659755,0.28530389070510864,0.26346418261528015,0.004979749675840139,,
diagnostics,1067.0,"[-124.0,1067.0,83.0,-1007.0]",,1049.0,"[18.0,1023.0,-43.0,-1049.0]",5571.070423218,,,,,
wheel_odom,,,,,,5571.070637324,0.26,0.348,0.031066860685499065,,
pose,,,0.30815645777675466,,,5571.070860168,,,,5.195205667741845,1.9668280414073471
wheel_odom,,,,,,5571.090255551,0.286,0.376,0.038571776469074684,,
pose,,,0.46383375723733916,,,5571.090540695,,,,5.202257169809604,1.9759568046050213
wheel_odom,,,,,,5571.110447454,0.309,0.376,0.012217304763960306,,
pose,,,0.3313332137907655,,,5571.110731647,,,,5.2080563441154135,1.9826464390894838
cmd,,,,,,5571.11743507,0.2841870188713074,0.2544386088848114,0.005201047286391258,,
diagnostics,1154.0,"[-84.0,1132.0,64.0,-1154.0]",,1044.0,"[27.0,1023.0,-48.0,-1044.0]",5571.129994081,,,,,
pose,,,0.018270213426801844,,,5571.130319767,,,,5.2075921337103015,1.983004301962025
wheel_odom,,,,,,5571.15012696,0.333,0.35,0.012566370614359171,,
pose,,,0.5027227089069225,,,5571.150471575,,,,5.216131195296317,1.993135638026637
cmd,,,,,,5571.167824761,0.27697107195854187,0.24704515933990479,0.005089490208774805,,
wheel_odom,,,,,,5571.171162274,0.346,0.343,0.010122909661567111,,
diagnostics,1155.0,"[8.0,1155.0,-5.0,-1137.0]",,882.0,"[188.0,864.0,-207.0,-882.0]",5571.17163688,,,,,
pose,,,0.3280296473710647,,,5571.172048944,,,,5.222383608796512,2.0002128189514545
wheel_odom,,,,,,5571.19111667,0.34,0.328,0.0033161255787892262,,
pose,,,0.5212888010931824,,,5571.191865378,,,,5.231766087237397,2.010541791121794
wheel_odom,,,,,,5571.210292425,0.346,0.285,0.0008726646259971648,,
pose,,,0.318842548607726,,,5571.210719336,,,,5.2385502491115385,2.016554315061429
cmd,,,,,,5571.21759284,0.2626710534095764,0.23516684770584106,0.004692248068749905,,
diagnostics,1125.0,"[79.0,1125.0,-107.0,-1036.0]",,799.0,"[273.0,780.0,-292.0,-799.0]",5571.230202713,,,,,
pose,,,0.03402986901198642,,,5571.230584464,,,,5.238231674758872,2.0172303196344217
wheel_odom,,,,,,5571.250260872,0.345,0.247,0.02426007660272118,,
pose,,,0.46583309666770595,,,5571.250620877,,,,5.248062732408298,2.0265585109372117
cmd,,,,,,5571.26789128,0.2476271092891693,0.22581681609153748,0.004252345766872168,,
wheel_odom,,,,,,5571.27131879,0.357,0.196,0.04485496177625427,,
diagnostics,952.0,"[290.0,952.0,-227.0,-902.0]",,728.0,"[344.0,707.0,-365.0,-728.0]",5571.271860704,,,,,
pose,,,0.2540915742130469,,,5571.272424667,,,,5.254803730981544,2.0321004692304885
wheel_odom,,,,,,5571.290228372,0.333,0.148,0.08203047484373349,,
pose,,,0.4174079102319437,,,5571.290529861,,,,5.264806901499691,2.0396602845591385
wheel_odom,,,,,,5571.310216875,0.357,0.147,-0.0301941960595019,,
pose,,,0.1953647117173459,,,5571.310472401,,,,5.271835652882097,2.0435563814649313
cmd,,,,,,5571.31751133,0.2314451038837433,0.21554970741271973,0.003849128494039178,,
diagnostics,798.0,"[292.0,793.0,-325.0,-798.0]",,655.0,"[326.0,634.0,-348.0,-655.0]",5571.330325139,,,,,
pose,,,0.039666684856985115,,,5571.331219869,,,,5.271866078206114,2.0443791102382427
wheel_odom,,,,,,5571.350784534,0.325,0.118,0.013788101090755204,,
pose,,,0.3066000772995462,,,5571.351435367,,,,5.281803321946674,2.0505778834555763
cmd,,,,,,5571.367923871,0.21790988743305206,0.19700978696346283,0.003626365214586258,,
pose,,,0.0,,,5571.371227359,,,,5.281803321946674,2.0505778834555763
wheel_odom,,,,,,5571.390463029,0.294,0.098,0.006283185307179586,,
diagnostics,690.0,"[393.0,690.0,-471.0,-649.0]",,643.0,"[339.0,619.0,-363.0,-643.0]",5571.390878617,,,,,
pose,,,0.16811986375860438,,,5571.391052766,,,,5.288010433802399,2.0539119370666516
wheel_odom,,,,,,5571.410314422,0.315,0.067,0.02757620218151041,,
pose,,,0.22482504988232743,,,5571.410726997,,,,5.297458277582988,2.058335143524203
cmd,,,,,,5571.417529835,0.20345336198806763,0.18583716452121735,0.0036145017948001623,,
wheel_odom,,,,,,5571.430377045,0.317,0.036,-0.02548180707911721,,
pose,,,0.09761723311538215,,,5571.430790427,,,,5.303847098135867,2.060293726708678
diagnostics,602.0,"[410.0,602.0,-457.0,-582.0]",,599.0,"[265.0,574.0,-290.0,-599.0]",5571.449983363,,,,,
pose,,,0.0,,,5571.450435777,,,,5.303847098135867,2.060293726708678
cmd,,,,,,5571.467883038,0.17311252653598785,0.16687801480293274,0.0033696480095386505,,
wheel_odom,,,,,,5571.473933051,0.299,0.04,0.02181661564992912,,
pose,,,0.11287033075586053,,,5571.475456853,,,,5.312958644279472,2.0631175852687127
diagnostics,522.0,"[336.0,470.0,-344.0,-522.0]",,542.0,"[122.0,518.0,-146.0,-542.0]",5571.490346472,,,,,
wheel_odom,,,,,,5571.490647253,0.237,0.06,0.019198621771937627,,
pose,,,0.08193245525176832,,,5571.490915047,,,,5.31829666339538,2.0643844753622203
wheel_odom,,,,,,5571.510391874,0.22,0.047,0.005934119456780721,,
pose,,,0.09315282813133041,,,5571.510821813,,,,5.32608912044752,2.0662386467286473
cmd,,,,,,5571.517591505,0.1527193933725357,0.15337301790714264,0.003275406314060092,,
wheel_odom,,,,,,5571.530508369,0.189,0.038,0.06405358354819189,,
pose,,,0.03384434747620638,,,5571.530915656,,,,5.330426634581453,2.0669186989707535
diagnostics,458.0,"[288.0,458.0,-241.0,-436.0]",,491.0,"[45.0,468.0,-68.0,-491.0]",5571.550131664,,,,,
pose,,,0.0,,,5571.550719542,,,,5.330426634581453,2.0669186989707535
cmd,,,,,,5571.567820737,0.13366062939167023,0.14840048551559448,0.0030536057893186808,,
wheel_odom,,,,,,5571.570658045,0.182,0.06,-0.02600540585471551,,
pose,,,0.06418959962717229,,,5571.571397934,,,,5.336891780491271,2.0682459401329965
wheel_odom,,,,,,5571.590615725,0.176,0.044,-0.017976891295541596,,
diagnostics,365.0,"[144.0,364.0,-155.0,-365.0]",,451.0,"[31.0,434.0,-48.0,-451.0]",5571.591024414,,,,,
pose,,,0.022359827845416225,,,5571.591181361,,,,5.340709587865307,2.068688408614872
wheel_odom,,,,,,5571.610411319,0.165,0.085,0.009250245035569947,,
pose,,,0.07054692700032685,,,5571.610807394,,,,5.346240041878633,2.070072949200295
cmd,,,,,,5571.61760582,0.12071547657251358,0.14893735945224762,0.0028775224927812815,,
wheel_odom,,,,,,5571.630009833,0.131,0.087,0.009599310885968814,,
diagnostics,362.0,"[48.0,362.0,-90.0,-350.0]",,376.0,"[67.0,361.0,-82.0,-376.0]",5571.630276436,,,,,
pose,,,0.05024157781003935,,,5571.630506213,,,,5.349230767669874,2.071062706625167
wheel_odom,,,,,,5571.650297859,0.097,0.094,-0.003839724354387525,,
pose,,,0.11457526604624582,,,5571.650797949,,,,5.353319946040162,2.073387473947889
cmd,,,,,,5571.667589388,0.10803359746932983,0.15540385246276855,0.002927039284259081,,
pose,,,-0.02731816246394575,,,5571.670628695,,,,5.353193698342358,2.072845754294502
wheel_odom,,,,,,5571.690404809,0.097,0.1,0.023387411976724018,,
diagnostics,283.0,"[-21.0,282.0,0.0,-283.0]",,320.0,"[118.0,303.0,-135.0,-320.0]",5571.690741656,,,,,
pose,,,0.09502358921881933,,,5571.690873515,,,,5.356516768496784,2.07476970602762
wheel_odom,,,,,,5571.710036323,0.093,0.078,-0.003839724354387525,,
pose,,,0.06789941275175407,,,5571.710303988,,,,5.358421118787156,2.0760890669178917
cmd,,,,,,5571.717604261,0.09700919687747955,0.1610105186700821,0.002945904154330492,,
wheel_odom,,,,,,5571.730360488,0.091,0.079,0.025132741228718343,,
diagnostics,250.0,"[10.0,209.0,-24.0,-250.0]",,269.0,"[150.0,253.0,-167.0,-269.0]",5571.730760337,,,,,
pose,,,0.09970282892086767,,,5571.730907533,,,,5.361149165614214,2.078143185676864
wheel_odom,,,,,,5571.750131472,0.074,0.07,0.013788101090755204,,
pose,,,0.07347986645845926,,,5571.750387857,,,,5.362828297865815,2.0795746706158282
cmd,,,,,,5571.767562085,0.08347517251968384,0.15053245425224304,0.0029521675314754248,,
pose,,,-0.004360225487159654,,,5571.771112751,,,,5.362563972283188,2.07948432361745
wheel_odom,,,,,,5571.790800094,0.081,0.062,0.02181661564992912,,
diagnostics,249.0,"[16.0,249.0,-44.0,-191.0]",,233.0,"[150.0,220.0,-163.0,-233.0]",5571.791241331,,,,,
pose,,,0.09589132368050711,,,5571.791599853,,,,5.3648759806747055,2.0814490876473566
wheel_odom,,,,,,5571.810382742,0.075,0.052,0.003839724354387525,,
pose,,,0.05692568687040314,,,5571.810804479,,,,5.366233544289049,2.0825423114221686
cmd,,,,,,5571.817497081,0.07057711482048035,0.13961264491081238,0.002944979816675186,,
wheel_odom,,,,,,5571.830342385,0.085,0.049,-0.007155849933176751,,
diagnostics,237.0,"[56.0,156.0,-36.0,-237.0]",,202.0,"[125.0,193.0,-134.0,-202.0]",5571.830710095,,,,,
pose,,,0.07722961340875406,,,5571.83106822,,,,5.368481502522553,2.084107402051545
wheel_odom,,,,,,5571.850323947,0.066,0.032,0.004537856055185257,,
pose,,,0.04525327551025947,,,5571.850800828,,,,5.36992196659275,2.085000266690379
cmd,,,,,,5571.867611324,0.05893763154745102,0.13068713247776031,0.0028625098057091236,,
pose,,,-0.007713336961546053,,,5571.870645245,,,,5.369742460416353,2.0848472080834015
wheel_odom,,,,,,5571.891464875,0.069,0.031,0.017976891295541596,,
diagnostics,216.0,"[69.0,194.0,-51.0,-216.0]",,175.0,"[98.0,169.0,-104.0,-175.0]",5571.89207348,,,,,
pose,,,0.05323679353208524,,,5571.892691414,,,,5.371756744985543,2.0860207889208375
wheel_odom,,,,,,5571.910865239,0.08,0.025,-0.022689280275926284,,
pose,,,0.0312754235415365,,,5571.911782288,,,,5.373188947565573,2.0866178581173402
cmd,,,,,,5571.917542582,0.051529690623283386,0.12462621182203293,0.002797939581796527,,
wheel_odom,,,,,,5571.931060496,0.094,0.024,-0.03316125578789226,,
diagnostics,168.0,"[140.0,165.0,-122.0,-168.0]",,164.0,"[38.0,160.0,-42.0,-164.0]",5571.931590737,,,,,
pose,,,0.03966118498526605,,,5571.932252662,,,,5.375538056632877,2.087429720352965
wheel_odom,,,,,,5571.950770718,0.072,0.016,0.02426007660272118,,
pose,,,0.026890967931887583,,,5571.951433147,,,,5.3770521888779825,2.0879454896557186
cmd,,,,,,5571.967888677,0.04906447231769562,0.11966545879840851,0.0027360895182937384,,
pose,,,-0.007240551201357392,,,5571.971301622,,,,5.3770461765176805,2.087801633334569
wheel_odom,,,,,,5571.992311295,0.078,0.024,0.01710422666954443,,
diagnostics,220.0,"[125.0,202.0,-95.0,-220.0]",,130.0,"[11.0,127.0,-14.0,-130.0]",5571.993016256,,,,,
pose,,,4.895558952271248,,,5571.993605605,,,,5.401500486413017,2.197003361665017
wheel_odom,,,,,,5572.010132022,0.075,0.044,0.006283185307179586,,
pose,,,0.04627367965482621,,,5572.010407036,,,,5.403651701527113,2.197781019402458
cmd,,,,,,5572.017542902,0.044491905719041824,0.11621847748756409,0.002656737808138132,,
wheel_odom,,,,,,5572.030294059,0.053,0.016,0.0024434609527920616,,
diagnostics,124.0,"[85.0,117.0,-67.0,-124.0]",,104.0,"[2.0,100.0,-6.0,-104.0]",5572.030701403,,,,,
pose,,,0.01725714016891531,,,5572.030858402,,,,5.405058784670869,2.198133924070571
wheel_odom,,,,,,5572.050302386,0.044,0.032,-0.02007128639793479,,
pose,,,0.03836537452073708,,,5572.050764354,,,,5.406585840029854,2.198897595175696
cmd,,,,,,5572.067599684,0.0,0.0062184774875640725,0.0,,
pose,,,0.0012315382935466608,,,5572.070377105,,,,5.4070902945911445,2.1989217486835315
wheel_odom,,,,,,5572.090534271,0.045,0.021,-0.008028514559173916,,
diagnostics,90.0,"[58.0,73.0,-17.0,-90.0]",,88.0,"[-11.0,83.0,6.0,-88.0]",5572.090867797,,,,,
pose,,,0.01824864748120463,,,5572.090987357,,,,5.408388810968427,2.1992978950245266
wheel_odom,,,,,,5572.110615103,0.05,0.009,0.003839724354387525,,
pose,,,0.02797494619893196,,,5572.111152447,,,,5.410206124424065,2.1998619434021185
cmd,,,,,,5572.117645977,0.0,0.0,0.0,,
wheel_odom,,,,,,5572.130273474,0.025,0.007,0.010821041362364843,,
diagnostics,78.0,"[43.0,43.0,-40.0,-78.0]",,62.0,"[-3.0,58.0,0.0,-62.0]",5572.130669003,,,,,
pose,,,0.012008345497293224,,,5572.130835559,,,,5.411208933813293,2.200098317872417
wheel_odom,,,,,,5572.150219687,0.03,0.028,0.0158824961931484,,
pose,,,0.032675413633025285,,,5572.150613574,,,,5.412311846291065,2.2007445943244903
cmd,,,,,,5572.16776633,0.0,0.0,0.0,,
pose,,,0.002180982135608092,,,5572.171248351,,,,5.41240289829067,2.2007895892792715
diagnostics,97.0,"[0.0,50.0,-9.0,-97.0]",,70.0,"[17.0,67.0,-20.0,-70.0]",5572.190435501,,,,,
wheel_odom,,,,,,5572.190777007,0.025,0.016,0.022689280275926284,,
pose,,,0.016606977187988106,,,5572.191166269,,,,5.4131196520387865,2.201120437082516
wheel_odom,,,,,,5572.210295625,0.038,0.036,0.017627825445142728,,
pose,,,0.040576922276375244,,,5572.210651141,,,,5.414152172969046,2.2019110613707884
cmd,,,,,,5572.217531318,0.0,0.0,0.0,,
wheel_odom,,,,,,5572.230731807,0.012,0.011,0.013788101090755204,,
diagnostics,53.0,"[0.0,14.0,0.0,-53.0]",,105.0,"[33.0,105.0,-33.0,-105.0]",5572.231463757,,,,,
pose,,,0.013536365423971039,,,5572.231760426,,,,5.414613901960617,2.202196751953574
wheel_odom,,,,,,5572.252809205,0.018,0.014,-0.0041887902047863905,,
pose,,,0.024999211199839427,,,5572.253102403,,,,5.415307722690649,2.202730272719387
cmd,,,,,,5572.267667888,0.0,0.0,0.0,,
pose,,,-0.006871813675769335,,,5572.270312183,,,,5.415274101895773,2.2026119854212456
wheel_odom,,,,,,5572.290251328,0.018,0.012,-0.020594885173533087,,
diagnostics,92.0,"[10.0,92.0,-17.0,-34.0]",,95.0,"[40.0,95.0,-39.0,-94.0]",5572.290577664,,,,,
pose,,,0.007645362537103722,,,5572.290711643,,,,5.415603770785716,2.202767954563235
wheel_odom,,,,,,5572.312044849,0.022,-0.001,0.007155849933176751,,
pose,,,0.012923879309802969,,,5572.312418503,,,,5.416122723934933,2.203048409994545
cmd,,,,,,5572.317557768,0.0,0.0,0.0,,
wheel_odom,,,,,,5572.330278438,0.02,0.005,-0.016755160819145562,,
diagnostics,73.0,"[12.0,73.0,-36.0,-11.0]",,101.0,"[28.0,101.0,-28.0,-101.0]",5572.330681355,,,,,
pose,,,0.007369283352028768,,,5572.330838245,,,,5.416479879810406,2.203184192710212
wheel_odom,,,,,,5572.350200272,0.009,0.004,-0.027227136331111543,,
pose,,,0.012746042674155515,,,5572.350576965,,,,5.416948410518568,2.203435788592768
cmd,,,,,,5572.367699944,0.0,0.0,0.0,,
pose,,,-0.0034968138333273434,,,5572.370412965,,,,5.416853104662752,2.2033664239367625
wheel_odom,,,,,,5572.39064452,0.016,0.016,-0.024783675378319478,,
diagnostics,87.0,"[0.0,87.0,-3.0,-30.0]",,95.0,"[29.0,93.0,-31.0,-95.0]",5572.391201201,,,,,
pose,,,0.007982745662845373,,,5572.391431177,,,,5.417059485355582,2.203534181967503
wheel_odom,,,,,,5572.410846042,0.03,0.013,-0.026354471705114377,,
pose,,,0.010110275437150939,,,5572.411445355,,,,5.417649730977147,2.203736531618445
cmd,,,,,,5572.417559992,0.0,0.0,0.0,,
wheel_odom,,,,,,5572.430181362,0.017,0.001,-0.02426007660272118,,
diagnostics,54.0,"[54.0,46.0,-11.0,-30.0]",,83.0,"[22.0,80.0,-25.0,-83.0]",5572.430461806,,,,,
pose,,,-0.0014502183471925747,,,5572.430560672,,,,5.417923450116928,2.203708804238366
wheel_odom,,,,,,5572.450076066,0.009,0.016,0.0024434609527920616,,
pose,,,0.017024243938530335,,,5572.450316727,,,,5.41837090732003,2.204045130434826
cmd,,,,,,5572.467775268,0.0,0.0,0.0,,
pose,,,-0.00031697636032341575,,,5572.471195506,,,,5.4182378762984555,2.204038514404069
wheel_odom,,,,,,5572.490857091,0.011,0.014,0.010122909661567111,,
diagnostics,51.0,"[-7.0,31.0,-3.0,-51.0]",,54.0,"[18.0,51.0,-21.0,-54.0]",5572.491442483,,,,,
pose,,,0.009776160370260906,,,5572.49164988,,,,5.41844150859338,2.2042385176151726
wheel_odom,,,,,,5572.510396034,0.022,0.02,0.012566370614359171,,
pose,,,0.016670177982876754,,,5572.510824178,,,,5.418869285581227,2.204558166944385
cmd,,,,,,5572.517509741,0.0,0.0,0.0,,
wheel_odom,,,,,,5572.530436675,0.02,0.011,0.003839724354387525,,
diagnostics,58.0,"[0.0,58.0,-32.0,-40.0]",,23.0,"[19.0,18.0,-23.0,-22.0]",5572.530941705,,,,,
pose,,,0.012815375778751133,,,5572.531162542,,,,5.419223988228973,2.204818792011322
wheel_odom,,,,,,5572.550970646,0.013,0.009,0.023911010752322315,,
pose,,,0.015607809106051274,,,5572.551735246,,,,5.419695063890205,2.2051398577083754
cmd,,,,,,5572.567787104,0.0,0.0,0.0,,
pose,,,-0.0011372938326712422,,,5572.570993721,,,,5.419628722942807,2.205117956421378
wheel_odom,,,,,,5572.591035716,0.019,0.01,0.010471975511965976,,
diagnostics,47.0,"[-5.0,41.0,-15.0,-47.0]",,18.0,"[4.0,14.0,-8.0,-18.0]",5572.591688289,,,,,
pose,,,0.0076299177168975595,,,5572.591969816,,,,5.4199877557962255,2.205278013432298
wheel_odom,,,,,,5572.610903562,0.02,0.011,0.026354471705114377,,
pose,,,0.019817518992055277,,,5572.611601279,,,,5.42048561394375,2.205667047877732
cmd,,,,,,5572.617563783,0.0,0.0,0.0,,
wheel_odom,,,,,,5572.630836999,0.018,0.009,0.04939281783143953,,
diagnostics,70.0,"[0.0,6.0,-26.0,-70.0]",,7.0,"[1.0,5.0,-3.0,-7.0]",5572.631538713,,,,,
pose,,,0.010848608722993099,,,5572.631769658,,,,5.420860214259024,2.20588589347674
pose,,,0.0,,,5572.649968581,,,,5.420860214259024,2.20588589347674
cmd,,,,,,5572.667632006,0.0,0.0,0.0,,
wheel_odom,,,,,,5572.670644478,0.015,0.019,0.013439035240356337,,
pose,,,0.019927259499189227,,,5572.671136398,,,,5.421361115747178,2.206307648583539
pose,,,-0.0024076628528057684,,,5572.691331216,,,,5.421421795987687,2.2062590382124294
wheel_odom,,,,,,5572.711109805,0.014,0.012,0.008726646259971648,,
diagnostics,55.0,"[-5.0,35.0,2.0,-55.0]",,4.0,"[0.0,4.0,2.0,-1.0]",5572.711738176,,,,,
pose,,,0.02067508008140842,,,5572.712022596,,,,5.421899827535539,2.2066868814348357
cmd,,,,,,5572.719987341,0.0,0.0,0.0,,
wheel_odom,,,,,,5572.730426569,0.001,0.008,0.012566370614359171,,
pose,,,0.011248939748286781,,,5572.731210949,,,,5.422108699282042,2.2069027757210473
wheel_odom,,,,,,5572.750181836,0.001,-0.001,-0.0020943951023931952,,
diagnostics,4.0,"[2.0,4.0,-3.0,4.0]",,0.0,"[0.0,0.0,0.0,0.0]",5572.750508355,,,,,
pose,,,0.00918576613712063,,,5572.750710258,,,,5.422364554682028,2.207081910690102
cmd,,,,,,5572.767715444,0.0,0.0,0.0,,
wheel_odom,,,,,,5572.770758838,-0.001,0.001,0.005934119456780721,,
pose,,,0.0029102603838972647,,,5572.771698057,,,,5.4224544490489,2.2071429806504224
wheel_odom,,,,,,5572.790642066,0.0,0.0,0.0,,
pose,,,0.006726397609632324,,,5572.791081877,,,,5.422524782540683,2.2072733750496685
diagnostics,0.0,"[0.0,0.0,0.0,0.0]",,0.0,"[0.0,0.0,0.0,0.0]",5572.810012117,,,,,
pose,,,-0.002255987122811876,,,5572.810429768,,,,5.422570333020589,2.207229726944012
cmd,,,,,,5572.817483819,0.0,0.0,0.0,,
wheel_odom,,,,,,5572.830660074,0.0,-0.001,0.0012217304763960308,,
pose,,,-0.0002104275424716463,,,5572.831264281,,,,5.422626760349491,2.207225343370475
wheel_odom,,,,,,5572.851109512,-0.004,-0.004,-0.0029670597283903604,,
diagnostics,25.0,"[0.0,-13.0,0.0,25.0]",,0.0,"[0.0,0.0,0.0,0.0]",5572.851842096,,,,,
pose,,,-0.0006367793728421867,,,5572.852506993,,,,5.422641051820732,2.2072118169202297
cmd,,,,,,5572.867542631,0.0,0.0,0.0,,
wheel_odom,,,,,,5572.870298252,-0.004,-0.004,0.007155849933176751,,
pose,,,-0.002968457182001456,,,5572.870778957,,,,5.422624300184716,2.2071575607214515
wheel_odom,,,,,,5572.890295564,-0.004,-0.005,-0.003839724354387525,,
pose,,,-0.003037914946575856,,,5572.890675016,,,,5.422492601965387,2.207097123168619
diagnostics,18.0,"[6.0,-9.0,0.0,18.0]",,0.0,"[0.0,0.0,0.0,0.0]",5572.909898936,,,,,
pose,,,0.0,,,5572.910636091,,,,5.422492601965387,2.207097123168619
cmd,,,,,,5572.917773121,0.0,0.0,0.0,,
wheel_odom,,,,,,5572.93028283,-0.005,-0.004,-0.011693705988362009,,
pose,,,-0.01128216936444831,,,5572.930885992,,,,5.422343272686934,2.2068686488593947
wheel_odom,,,,,,5572.950327913,-0.006,-0.006,0.012566370614359171,,
diagnostics,30.0,"[-5.0,-30.0,0.0,12.0]",,0.0,"[0.0,0.0,0.0,0.0]",5572.950746734,,,,,
pose,,,-0.010432720298547651,,,5572.950917337,,,,5.422216254474577,2.20665965756002
cmd,,,,,,5572.967583708,0.0,0.0,0.0,,
wheel_odom,,,,,,5572.970174735,-0.004,-0.004,-0.011344640137963142,,
pose,,,-0.009894144363660429,,,5572.970661026,,,,5.4220788594239,2.206464314845898
wheel_odom,,,,,,5572.990571762,-0.006,-0.006,-0.013439035240356337,,
pose,,,-0.007752926537507244,,,5572.990907622,,,,5.42197315440043,2.206307335419053
diagnostics,33.0,"[-3.0,-5.0,0.0,33.0]",,0.0,"[0.0,0.0,0.0,0.0]",5573.010301967,,,,,
pose,,,0.0,,,5573.011091809,,,,5.42197315440043,2.206307335419053
cmd,,,,,,5573.017543403,0.0,0.0,0.0,,
wheel_odom,,,,,,5573.030589029,-0.003,-0.002,0.0017453292519943296,,
pose,,,-0.006771554835860039,,,5573.031033669,,,,5.421865783121367,2.206172289529005
wheel_odom,,,,,,5573.050342024,-0.002,-0.002,0.006283185307179586,,
diagnostics,24.0,"[0.0,-24.0,0.0,-3.0]",,0.0,"[0.0,0.0,0.0,0.0]",5573.050699171,,,,,
pose,,,-0.0037510954256861654,,,5573.05086493,,,,5.421828714649845,2.20609789478864
wheel_odom,,,,,,5573.070899728,0.0,0.0,0.0,,
pose,,,-0.003432186872272346,,,5573.071484546,,,,5.421794843118495,2.2060271316963957
wheel_odom,,,,,,5573.090769812,-0.003,-0.003,-0.003839724354387525,,
pose,,,-0.0027148977356215376,,,5573.091339491,,,,5.421673454900092,2.2059732337737192
diagnostics,16.0,"[0.0,-9.0,0.0,16.0]",,0.0,"[0.0,0.0,0.0,0.0]",5573.109737454,,,,,
pose,,,0.0,,,5573.110123973,,,,5.421673454900092,2.2059732337737192
wheel_odom,,,,,,5573.130569311,-0.004,-0.004,0.009250245035569947,,
pose,,,-0.003760478129221072,,,5573.131320366,,,,5.421523903824664,2.2058935339370147
wheel_odom,,,,,,5573.151053871,0.0,0.0,0.0012217304763960308,,
diagnostics,0.0,"[0.0,0.0,0.0,0.0]",,0.0,"[0.0,0.0,0.0,0.0]",5573.15176879,,,,,
pose,,,-0.00025499405367307703,,,5573.152319304,,,,5.421455421053509,2.2058881798281447
wheel_odom,,,,,,5573.170237782,0.0,0.0,0.0,,
pose,,,-0.0009697370380274557,,,5573.17058737,,,,5.421379532660027,2.2058704604652153
wheel_odom,,,,,,5573.190381309,0.0,0.0,0.0,,
pose,,,0.0003660911442304159,,,5573.190649657,,,,5.421335886056301,2.2058778051197403
diagnostics,0.0,"[0.0,0.0,0.0,0.0]",,0.0,"[0.0,0.0,0.0,0.0]",5573.210247467,,,,,
pose,,,0.0,,,5573.210934914,,,,5.421335886056301,2.2058778051197403
wheel_odom,,,,,,5573.23086616,0.0,0.0,0.0,,
pose,,,-2.2373958169562455e-05,,,5573.231500709,,,,5.421289464943458,2.2058773449206237
wheel_odom,,,,,,5573.250348295,0.0,0.0,0.0,,
diagnostics,0.0,"[0.0,0.0,0.0,0.0]",,0.0,"[0.0,0.0,0.0,0.0]",5573.250759629,,,,,
pose,,,0.0006276131486686743,,,5573.250918478,,,,5.421258828812738,2.2058895336757103
wheel_odom,,,,,,5573.270118879,0.0,0.0,0.0,,
pose,,,0.0003830313070142423,,,5573.270447884,,,,5.421227224293351,2.205897014693491
wheel_odom,,,,,,5573.291505183,0.0,0.0,0.0,,
pose,,,0.0005904955425058554,,,5573.29213102,,,,5.421204303703655,2.2059098159253057
diagnostics,0.0,"[0.0,0.0,0.0,0.0]",,0.0,"[0.0,0.0,0.0,0.0]",5573.309837438,,,,,
pose,,,0.0,,,5573.310147692,,,,5.421204303703655,2.2059098159253057
wheel_odom,,,,,,5573.330426658,0.0,0.0,0.0,,
pose,,,0.0004892138950304218,,,5573.330833651,,,,5.4211811105296155,2.205919935314235
wheel_odom,,,,,,5573.351000003,0.0,0.0,0.0,,
diagnostics,0.0,"[0.0,0.0,0.0,0.0]",,0.0,"[0.0,0.0,0.0,0.0]",5573.351586112,,,,,
pose,,,0.0005377624291222665,,,5573.352037242,,,,5.421163316272957,2.2059313363031023
wheel_odom,,,,,,5573.37119764,0.0,0.0,0.0,,
pose,,,0.0005017528611059202,,,5573.371957428,,,,5.421145502134431,2.205941331743926
wheel_odom,,,,,,5573.3907323,0.0,0.0,0.0,,
pose,,,0.0004845340399350389,,,5573.391083755,,,,5.421131403613444,2.2059506007027703
diagnostics,0.0,"[0.0,0.0,0.0,0.0]",,0.0,"[0.0,0.0,0.0,0.0]",5573.409834083,,,,,
pose,,,0.0,,,5573.41028866,,,,5.421131403613444,2.2059506007027703
wheel_odom,,,,,,5573.43278105,0.0,0.0,0.0,,
pose,,,0.0003737148360215683,,,5573.433384035,,,,5.421117366816153,2.205959230695804
wheel_odom,,,,,,5573.450353578,0.0,0.0,0.0,,
diagnostics,0.0,"[0.0,0.0,0.0,0.0]",,0.0,"[0.0,0.0,0.0,0.0]",5573.450659148,,,,,
pose,,,0.0004047476164079792,,,5573.450874963,,,,5.421106079793679,2.205966311596287
wheel_odom,,,,,,5573.470404516,0.0,0.0,0.0,,
pose,,,0.0003454839681527894,,,5573.470774695,,,,5.421094873733157,2.2059731865510566
wheel_odom,,,,,,5573.491754342,0.0,0.0,0.0,,
pose,,,0.00023644426743296126,,,5573.492577012,,,,5.4210857897749944,2.2059783406220728
diagnostics,0.0,"[0.0,0.0,0.0,0.0]",,0.0,"[0.0,0.0,0.0,0.0]",5573.510134126,,,,,
pose,,,0.0,,,5573.51088311,,,,5.4210857897749944,2.2059783406220728
wheel_odom,,,,,,5573.531035576,0.0,0.0,0.0,,
pose,,,0.00024726138763978765,,,5573.531800992,,,,5.421076783541019,2.2059835130704304
wheel_odom,,,,,,5573.550930634,0.0,0.0,0.0,,
diagnostics,0.0,"[0.0,0.0,0.0,0.0]",,0.0,"[0.0,0.0,0.0,0.0]",5573.551541996,,,,,
pose,,,0.00017649629795417384,,,5573.55219444,,,,5.421069453224158,2.2059871121317545
wheel_odom,,,,,,5573.571167629,0.0,0.0,0.0012217304763960308,,
pose,,,0.00016665762329448012,,,5573.574503049,,,,5.421062190345873,2.2059908297093602
wheel_odom,,,,,,5573.591131101,0.0,0.0,0.0,,
pose,,,0.00017977142235074884,,,5573.591569801,,,,5.421055575955801,2.2059938983895626
diagnostics,0.0,"[0.0,0.0,0.0,0.0]",,0.0,"[0.0,0.0,0.0,0.0]",5573.609809826,,,,,
pose,,,0.0,,,5573.610242811,,,,5.421055575955801,2.2059938983895626
wheel_odom,,,,,,5573.630989491,0.0,0.0,0.0,,
pose,,,8.867079859993139e-05,,,5573.631831528,,,,5.4210501829510696,2.2059958122896957
wheel_odom,,,,,,5573.650605709,0.0,0.0,0.0,,
diagnostics,0.0,"[0.0,0.0,0.0,0.0]",,0.0,"[0.0,0.0,0.0,0.0]",5573.65102701,,,,,
pose,,,0.00010569490556922973,,,5573.651184497,,,,5.421044872024134,2.205997858223129
wheel_odom,,,,,,5573.670357372,0.0,0.0,0.0,,
pose,,,6.108251865874429e-05,,,5573.670773794,,,,5.421040542371018,2.205999054817575
wheel_odom,,,,,,5573.690324962,0.0,0.0,0.0,,
pose,,,6.635842127909644e-05,,,5573.690696115,,,,5.4210362761685,2.2060003768618035
diagnostics,0.0,"[0.0,0.0,0.0,0.0]",,0.0,"[0.0,0.0,0.0,0.0]",5573.710019188,,,,,
pose,,,0.0,,,5573.713306372,,,,5.4210362761685,2.2060003768618035
wheel_odom,,,,,,5573.731383881,0.0,0.0,0.0,,
pose,,,3.8423018957683406e-05,,,5573.731967484,,,,5.4210328000142605,2.2060010939934864
wheel_odom,,,,,,5573.750609525,0.0,0.0,0.0,,
diagnostics,0.0,"[0.0,0.0,0.0,0.0]",,0.0,"[0.0,0.0,0.0,0.0]",5573.751264971,,,,,
pose,,,4.1984995019019635e-05,,,5573.751528836,,,,5.421029371804484,2.206001915230569
wheel_odom,,,,,,5573.770210075,0.0,0.0,0.0,,
pose,,,2.1250034281894402e-05,,,5573.770614795,,,,5.421026577097098,2.2060023208735786
wheel_odom,,,,,,5573.79050913,0.0,0.0,0.0,,
pose,,,2.3922429442005105e-05,,,5573.790924068,,,,5.4210238180562555,2.2060028067217576
diagnostics,0.0,"[0.0,0.0,0.0,0.0]",,0.0,"[0.0,0.0,0.0,0.0]",5573.810253399,,,,,
pose,,,0.0,,,5573.811015841,,,,5.4210238180562555,2.2060028067217576
wheel_odom,,,,,,5573.83064377,0.0,0.0,0.0,,
pose,,,1.687615691062538e-05,,,5573.831252741,,,,5.421021307955734,2.2060031484686773
wheel_odom,,,,,,5573.850478153,0.0,0.0,0.0,,
diagnostics,0.0,"[0.0,0.0,0.0,0.0]",,0.0,"[0.0,0.0,0.0,0.0]",5573.850900661,,,,,
pose,,,6.471308261006058e-06,,,5573.851080177,,,,5.421019261438914,2.2060032767890383
wheel_odom,,,,,,5573.870875751,0.0,0.0,0.0,,
pose,,,8.543449438725793e-06,,,5573.871801794,,,,5.421017249837314,2.206003453796957
wheel_odom,,,,,,5573.890685409,0.0,0.0,0.0,,
pose,,,2.435167205278295e-06,,,5573.891239725,,,,5.421015610248793,2.2060035011366974
diagnostics,0.0,"[0.0,0.0,0.0,0.0]",,0.0,"[0.0,0.0,0.0,0.0]",5573.909855366,,,,,
pose,,,0.0,,,5573.910303516,,,,5.421015610248793,2.2060035011366974
wheel_odom,,,,,,5573.930909455,0.0,0.0,0.0,,
pose,,,3.7727526913398924e-06,,,5573.931622232,,,,5.421013996649725,2.206003581556558
wheel_odom,,,,,,5573.951159076,0.0,0.0,0.0,,
diagnostics,0.0,"[0.0,0.0,0.0,0.0]",,0.0,"[0.0,0.0,0.0,0.0]",5573.951815706,,,,,
pose,,,2.147441496073425e-07,,,5573.952134026,,,,5.421012682123423,2.206003585961277
pose,,,0.0,,,5573.970754187,,,,5.421012682123423,2.206003585961277
wheel_odom,,,,,,5573.990257635,0.0,0.0,0.0,,
pose,,,1.3093276857417282e-06,,,5573.990564715,,,,5.421011386753894,2.2060036119050266
wheel_odom,,,,,,5574.010566496,0.0,0.0,0.0,,
pose,,,-7.802057638980224e-07,,,5574.010930708,,,,5.421010330909754,2.2060035960162954
diagnostics,0.0,"[0.0,0.0,0.0,0.0]",,0.0,"[0.0,0.0,0.0,0.0]",5574.029864155,,,,,
pose,,,0.0,,,5574.030249872,,,,5.421010330909754,2.2060035960162954
wheel_odom,,,,,,5574.050304355,0.0,0.0,0.0,,
pose,,,-1.1779990880951536e-07,,,5574.050635366,,,,5.4210092890819785,2.2060035936148057
wheel_odom,,,,,,5574.070117078,0.0,0.0,0.0,,
diagnostics,0.0,"[0.0,0.0,0.0,0.0]",,0.0,"[0.0,0.0,0.0,0.0]",5574.070458508,,,,,
pose,,,-1.162754172949886e-06,,,5574.070566639,,,,5.421008439261431,2.206003570438936
wheel_odom,,,,,,5574.090205194,0.0,0.0,0.0,,
pose,,,-7.575568065014336e-07,,,5574.090504547,,,,5.421007599824373,2.206003555335583
wheel_odom,,,,,,5574.110413238,0.0,0.0,0.0,,
pose,,,-1.1646182484103514e-06,,,5574.11071043,,,,5.421006914671137,2.2060035318020557
diagnostics,0.0,"[0.0,0.0,0.0,0.0]",,0.0,"[0.0,0.0,0.0,0.0]",5574.130019025,,,,,
pose,,,0.0,,,5574.130371238,,,,5.421006914671137,2.2060035318020557
wheel_odom,,,,,,5574.150120273,0.0,0.0,0.0,,
pose,,,-9.469861341134041e-07,,,5574.150408335,,,,5.4210062373609835,2.2060035128255615
wheel_odom,,,,,,5574.170709172,0.0,0.0,0.0,,
diagnostics,0.0,"[0.0,0.0,0.0,0.0]",,0.0,"[0.0,0.0,0.0,0.0]",5574.171410591,,,,,
pose,,,-9.716612815460495e-07,,,5574.171671474,,,,5.421005684295822,2.2060034921688443
wheel_odom,,,,,,5574.190495266,0.0,0.0,0.0,,
pose,,,-9.519301517726683e-07,,,5574.190887467,,,,5.421005137266178,2.206003473873887
wheel_odom,,,,,,5574.210344368,0.0,0.0,0.0,,
pose,,,-8.438563657522628e-07,,,5574.210637697,,,,5.421004690454038,2.2060034572074683
diagnostics,0.0,"[0.0,0.0,0.0,0.0]",,0.0,"[0.0,0.0,0.0,0.0]",5574.229792412,,,,,
pose,,,0.0,,,5574.230203187,,,,5.421004690454038,2.2060034572074683
wheel_odom,,,,,,5574.250208597,0.0,0.0,0.0,,
pose,,,-7.683260031445824e-07,,,5574.250523875,,,,5.421004248356709,2.20600344159434
wheel_odom,,,,,,5574.270514609,0.0,0.0,0.0,,
diagnostics,0.0,"[0.0,0.0,0.0,0.0]",,0.0,"[0.0,0.0,0.0,0.0]",5574.271069602,,,,,
pose,,,-6.1144842075367e-07,,,5574.27126772,,,,5.421003887185519,2.206003428911801
wheel_odom,,,,,,5574.290758768,0.0,0.0,0.0,,
pose,,,-6.185025462615439e-07,,,5574.291256053,,,,5.421003529738645,2.2060034165487084
wheel_odom,,,,,,5574.31062833,0.0,0.0,0.0,,
pose,,,-5.479660523505663e-07,,,5574.311082885,,,,5.421003203897027,2.2060034056839832
diagnostics,0.0,"[0.0,0.0,0.0,0.0]",,0.0,"[0.0,0.0,0.0,0.0]",5574.329777884,,,,,
pose,,,0.0,,,5574.330191545,,,,5.421003203897027,2.2060034056839832
wheel_odom,,,,,,5574.350921375,0.0,0.0,0.0,,
pose,,,-3.6161952966305693e-07,,,5574.351598135,,,,5.421002937896285,2.2060033979440274
wheel_odom,,,,,,5574.372813049,0.0,0.0,0.0,,
diagnostics,0.0,"[0.0,0.0,0.0,0.0]",,0.0,"[0.0,0.0,0.0,0.0]",5574.373766529,,,,,
pose,,,-3.424064055580377e-07,,,5574.374455563,,,,5.421002676066261,2.2060033901177665
wheel_odom,,,,,,5574.390279778,0.0,0.0,0.0,,
pose,,,-3.222206094156218e-07,,,5574.390690643,,,,5.421002462480684,2.206003384885237
wheel_odom,,,,,,5574.410333739,0.0,0.0,0.0,,
pose,,,-2.7271515790647733e-07,,,5574.410700291,,,,5.421002252083367,2.2060033794281764
diagnostics,0.0,"[0.0,0.0,0.0,0.0]",,0.0,"[0.0,0.0,0.0,0.0]",5574.430346172,,,,,
pose,,,0.0,,,5574.431303579,,,,5.421002252083367,2.2060033794281764
wheel_odom,,,,,,5574.450520514,0.0,0.0,0.0,,
pose,,,-1.7409376091513188e-07,,,5574.451024636,,,,5.4210020805903865,2.2060033759972004
wheel_odom,,,,,,5574.470980818,0.0,0.0,0.0,,
diagnostics,0.0,"[0.0,0.0,0.0,0.0]",,0.0,"[0.0,0.0,0.0,0.0]",5574.471609554,,,,,
pose,,,-1.739910602497467e-07,,,5574.47216421,,,,5.421001911491798,2.2060033723161885
wheel_odom,,,,,,5574.49064344,0.0,0.0,0.0,,
pose,,,-1.1494018664946701e-07,,,5574.49107437,,,,5.421001773613289,2.206003370142406
wheel_odom,,,,,,5574.510651592,0.0,0.0,0.0,,
pose,,,-1.2004507730234878e-07,,,5574.511064809,,,,5.421001637509685,2.2060033677426176
diagnostics,0.0,"[0.0,0.0,0.0,0.0]",,0.0,"[0.0,0.0,0.0,0.0]",5574.530137621,,,,,
pose,,,0.0,,,5574.531089593,,,,5.421001637509685,2.2060033677426176
wheel_odom,,,,,,5574.551102615,0.0,0.0,0.0,,
pose,,,-8.798302436746544e-08,,,5574.552065145,,,,5.421001513680723,2.206003365897056
wheel_odom,,,,,,5574.571729255,0.0,0.0,0.0,,
diagnostics,0.0,"[0.0,0.0,0.0,0.0]",,0.0,"[0.0,0.0,0.0,0.0]",5574.572471917,,,,,
pose,,,-4.577850780839176e-08,,,5574.573158303,,,,5.4210014127114405,2.206003364931445
wheel_odom,,,,,,5574.590805855,0.0,0.0,0.0,,
pose,,,-6.220627195460504e-08,,,5574.591172306,,,,5.421001313470908,2.2060033638105945
wheel_odom,,,,,,5574.610368397,0.0,0.0,0.0,,
pose,,,-2.7356551025506144e-08,,,5574.610891681,,,,5.421001232577899,2.206003363271194
diagnostics,0.0,"[0.0,0.0,0.0,0.0]",,0.0,"[0.0,0.0,0.0,0.0]",5574.630243667,,,,,
pose,,,0.0,,,5574.631148261,,,,5.421001232577899,2.206003363271194
wheel_odom,,,,,,5574.650488165,0.0,0.0,0.0,,
pose,,,-3.3015642858685296e-08,,,5574.65099309,,,,5.421001152970562,2.206003362615812
wheel_odom,,,,,,5574.671309902,0.0,0.0,0.0,,
diagnostics,0.0,"[0.0,0.0,0.0,0.0]",,0.0,"[0.0,0.0,0.0,0.0]",5574.672018739,,,,,
pose,,,-1.2844607786070777e-08,,,5574.672777557,,,,5.421001088114964,2.2060033623360313
wheel_odom,,,,,,5574.690486672,0.0,0.0,0.0,,
pose,,,-1.9951094824263383e-08,,,5574.690907708,,,,5.421001024206444,2.2060033619742474
wheel_odom,,,,,,5574.710819136,0.0,0.0,0.0,,
pose,,,-6.273182176608038e-09,,,5574.711251673,,,,5.421000972113407,2.2060033618466255
diagnostics,0.0,"[0.0,0.0,0.0,0.0]",,0.0,"[0.0,0.0,0.0,0.0]",5574.730049027,,,,,
pose,,,0.0,,,5574.730693912,,,,5.421000972113407,2.2060033618466255
wheel_odom,,,,,,5574.751135125,0.0,0.0,0.0,,
pose,,,-8.664028872141654e-09,,,5574.751849599,,,,5.421000920712994,2.20600336166336
wheel_odom,,,,,,5574.770485384,0.0,0.0,0.0,,
diagnostics,0.0,"[0.0,0.0,0.0,0.0]",,0.0,"[0.0,0.0,0.0,0.0]",5574.770927047,,,,,
pose,,,-2.266961070225966e-09,,,5574.77109682,,,,5.421000878784612,2.206003361619719
wheel_odom,,,,,,5574.790776027,0.0,0.0,0.0,,
pose,,,-3.928831459213168e-09,,,5574.791448463,,,,5.421000837369134,2.206003361539776
wheel_odom,,,,,,5574.811518835,0.0,0.0,0.0,,
pose,,,-6.398448337628302e-11,,,5574.812235312,,,,5.421000803565078,2.206003361538446
diagnostics,0.0,"[0.0,0.0,0.0,0.0]",,0.0,"[0.0,0.0,0.0,0.0]",5574.829692354,,,,,
pose,,,0.0,,,5574.830085525,,,,5.421000803565078,2.206003361538446
wheel_odom,,,,,,5574.850150476,0.0,0.0,0.0,,
pose,,,-1.175324559027103e-09,,,5574.850536327,,,,5.42100077014831,2.20600336151441
wheel_odom,,,,,,5574.870364141,0.0,0.0,0.0,,
diagnostics,0.0,"[0.0,0.0,0.0,0.0]",,0.0,"[0.0,0.0,0.0,0.0]",5574.870820477,,,,,
pose,,,8.135788109129248e-10,,,5574.871128705,,,,5.421000742861241,2.2060033615311636
wheel_odom,,,,,,5574.890318483,0.0,0.0,0.0,,
pose,,,1.6632334305039636e-10,,,5574.89060011,,,,5.42100071587212,2.2060033615344024
wheel_odom,,,,,,5574.910791136,0.0,0.0,0.0,,
pose,,,1.0483871874547092e-09,,,5574.911280406,,,,5.421000693827411,2.2060033615560806
diagnostics,0.0,"[0.0,0.0,0.0,0.0]",,0.0,"[0.0,0.0,0.0,0.0]",5574.929787206,,,,,
pose,,,0.0,,,5574.930037727,,,,5.421000693827411,2.2060033615560806
wheel_odom,,,,,,5574.950828742,0.0,0.0,0.0,,
pose,,,6.579354750044987e-10,,,5574.95153275,,,,5.421000672015396,2.2060033615702186
wheel_odom,,,,,,5574.971025248,0.0,0.0,0.0,,
diagnostics,0.0,"[0.0,0.0,0.0,0.0]",,0.0,"[0.0,0.0,0.0,0.0]",5574.971664589,,,,,
pose,,,9.809172175316477e-10,,,5574.972088867,,,,5.421000654196085,2.2060033615903856
wheel_odom,,,,,,5574.990281502,0.0,0.0,0.0,,
pose,,,8.825239758596018e-10,,,5574.99061136,,,,5.421000636560551,2.2060033616067343
wheel_odom,,,,,,5575.010541068,0.0,0.0,0.0,,
pose,,,8.120698280799754e-10,,,5575.010857336,,,,5.421000620484372,2.2060033616231753
diagnostics,0.0,"[0.0,0.0,0.0,0.0]",,0.0,"[0.0,0.0,0.0,0.0]",5575.030223321,,,,,
pose,,,0.0,,,5575.030722611,,,,5.421000620484372,2.2060033616231753
wheel_odom,,,,,,5575.050210146,0.0,0.0,0.0,,
pose,,,7.107411419172114e-10,,,5575.050479928,,,,5.421000607360636,2.2060033616372206
wheel_odom,,,,,,5575.070089432,0.0,0.0,0.0,,
diagnostics,0.0,"[0.0,0.0,0.0,0.0]",,0.0,"[0.0,0.0,0.0,0.0]",5575.070333216,,,,,
pose,,,6.522989743186318e-10,,,5575.070500173,,,,5.421000594442667,2.20600336165028
wheel_odom,,,,,,5575.090334303,0.0,0.0,0.0,,
pose,,,4.656153311748891e-10,,,5575.09073445,,,,5.421000583904998,2.2060033616597003
wheel_odom,,,,,,5575.113761951,0.0,0.0,0.0,,
pose,,,4.073031486301475e-10,,,5575.11399062,,,,5.421000573524618,2.2060033616691714
diagnostics,0.0,"[0.0,0.0,0.0,0.0]",,0.0,"[0.0,0.0,0.0,0.0]",5575.130089465,,,,,
pose,,,0.0,,,5575.130558514,,,,5.421000573524618,2.2060033616691714
wheel_odom,,,,,,5575.150927523,0.0,0.0,0.0,,
pose,,,2.7367811914370845e-10,,,5575.151670751,,,,5.421000565063709,2.2060033616749486
wheel_odom,,,,,,5575.170211374,0.0,0.0,0.0,,
diagnostics,0.0,"[0.0,0.0,0.0,0.0]",,0.0,"[0.0,0.0,0.0,0.0]",5575.170630123,,,,,
pose,,,3.3438425946306294e-10,,,5575.170790499,,,,5.421000556720919,2.2060033616813435
wheel_odom,,,,,,5575.1902985,0.0,0.0,0.0,,
pose,,,1.5116763387588297e-10,,,5575.190705534,,,,5.421000549918468,2.206003361684354
wheel_odom,,,,,,5575.210930599,0.0,0.0,0.0,,
pose,,,1.7460255874526175e-10,,,5575.211480998,,,,5.421000543203575,2.2060033616879813
diagnostics,0.0,"[0.0,0.0,0.0,0.0]",,0.0,"[0.0,0.0,0.0,0.0]",5575.22985303,,,,,
pose,,,0.0,,,5575.230300178,,,,5.421000543203575,2.2060033616879813
wheel_odom,,,,,,5575.250358921,0.0,0.0,0.0,,
pose,,,1.1450907127321345e-10,,,5575.25085542,,,,5.421000537094286,2.206003361690335
wheel_odom,,,,,,5575.270861084,0.0,0.0,0.0,,
diagnostics,0.0,"[0.0,0.0,0.0,0.0]",,0.0,"[0.0,0.0,0.0,0.0]",5575.271465997,,,,,
pose,,,7.98359371214334e-12,,,5575.271716256,,,,5.4210005321128385,2.2060033616905015
wheel_odom,,,,,,5575.290836139,0.0,0.0,0.0,,
pose,,,4.022628410303972e-11,,,5575.291478127,,,,5.421000527216675,2.2060033616912964
wheel_odom,,,,,,5575.311157376,0.0,0.0,0.0,,
pose,,,-3.5537119036683837e-11,,,5575.312107226,,,,5.421000523225728,2.206003361690563
diagnostics,0.0,"[0.0,0.0,0.0,0.0]",,0.0,"[0.0,0.0,0.0,0.0]",5575.329775718,,,,,
pose,,,0.0,,,5575.330765424,,,,5.421000523225728,2.206003361690563
wheel_odom,,,,,,5575.350340338,0.0,0.0,0.0,,
pose,,,-1.464398751129647e-11,,,5575.350748456,,,,5.421000519298206,2.2060033616902706
wheel_odom,,,,,,5575.370444029,0.0,0.0,0.0,,
diagnostics,0.0,"[0.0,0.0,0.0,0.0]",,0.0,"[0.0,0.0,0.0,0.0]",5575.370856435,,,,,
pose,,,-6.391647728398234e-11,,,5575.371029645,,,,5.4210005160984895,2.2060033616889743
wheel_odom,,,,,,5575.390358214,0.0,0.0,0.0,,
pose,,,-4.8523549327562816e-11,,,5575.390779788,,,,5.421000512945494,2.206003361688016
wheel_odom,,,,,,5575.410263158,0.0,0.0,0.0,,
pose,,,2.4358561819130035e-11,,,5575.410540914,,,,5.421000512818148,2.2060033616884973
diagnostics,0.0,"[0.0,0.0,0.0,0.0]",,0.0,"[0.0,0.0,0.0,0.0]",5575.430631063,,,,,
pose,,,-9.860927277798494e-11,,,5575.431142162,,,,5.421000510375436,2.206003361686466
wheel_odom,,,,,,5575.450279253,0.0,0.0,0.0,,
pose,,,-6.850621127364384e-11,,,5575.45069908,,,,5.421000507839548,2.2060033616851262
wheel_odom,,,,,,5575.470321403,0.0,0.0,0.0,,
diagnostics,0.0,"[0.0,0.0,0.0,0.0]",,0.0,"[0.0,0.0,0.0,0.0]",5575.47072831,,,,,
pose,,,-7.979833337604986e-11,,,5575.470883428,,,,5.421000505770976,2.2060033616835155
wheel_odom,,,,,,5575.49020591,0.0,0.0,0.0,,
pose,,,-7.20024592531395e-11,,,5575.490602197,,,,5.421000503727706,2.2060033616820958
wheel_odom,,,,,,5575.510714224,0.0,0.0,-0.0008726646259971648,,
pose,,,7.992008023937182e-12,,,5575.511161815,,,,5.42100050364477,2.20600336168226
diagnostics,2.0,"[0.0,0.0,0.0,2.0]",,0.0,"[0.0,0.0,0.0,0.0]",5575.530062942,,,,,
pose,,,-8.376470786113704e-11,,,5575.530518198,,,,5.421000502059956,2.2060033616806387
pose,,,0.0,,,5575.55016433,,,,5.421000502059956,2.2060033616806387
cmd,,,,,,5575.567641431,-0.0574505515396595,-0.11000000000000001,-0.009213315322995186,,
wheel_odom,,,,,,5575.570717242,-0.001,-0.001,-0.0017453292519943296,,
pose,,,-0.00047484890257273415,,,5575.571438196,,,,5.420988409234364,2.2059932611188233
wheel_odom,,,,,,5575.590417919,0.0,0.0,0.003839724354387525,,
diagnostics,9.0,"[4.0,-3.0,0.0,-9.0]",,0.0,"[0.0,0.0,0.0,0.0]",5575.590680462,,,,,
pose,,,4.466066319743651e-06,,,5575.590980115,,,,5.420987010954741,2.205993348419402
wheel_odom,,,,,,5575.610557791,0.001,0.0,0.0017453292519943296,,
pose,,,-3.8254153569662503e-05,,,5575.611695735,,,,5.421091217862118,2.2059925562453895
cmd,,,,,,5575.618330042,-0.14503271877765656,-0.22000000000000003,-0.006380206905305386,,
wheel_odom,,,,,,5575.631055573,0.001,-0.001,-0.0024434609527920616,,
pose,,,-0.0004446043436320853,,,5575.631673422,,,,5.421189256165279,2.2059836727287103
diagnostics,6.0,"[6.0,0.0,0.0,0.0]",,0.0,"[0.0,0.0,0.0,0.0]",5575.649843882,,,,,
pose,,,0.0,,,5575.650280119,,,,5.421189256165279,2.2059836727287103
cmd,,,,,,5575.66780749,-0.25503271877765654,-0.33000000000000007,-0.0068069035187363625,,
wheel_odom,,,,,,5575.670747295,0.001,-0.001,-0.0033161255787892262,,
pose,,,-0.0005177003599803638,,,5575.67162433,,,,5.421290223749202,2.2059726251200287
wheel_odom,,,,,,5575.69098279,0.0,0.0,0.0033161255787892262,,
diagnostics,3.0,"[-3.0,0.0,-3.0,0.0]",,0.0,"[0.0,0.0,0.0,0.0]",5575.691628277,,,,,
pose,,,8.772800624727751e-05,,,5575.691866189,,,,5.421361881167004,2.205974401109737
wheel_odom,,,,,,5575.710461672,0.0,-0.001,0.004537856055185257,,
pose,,,-0.0005222929761889833,,,5575.711102193,,,,5.421434408795327,2.205964354309206
cmd,,,,,,5575.717804959,-0.36503271877765653,-0.4102075397968292,-0.014042934402823448,,
wheel_odom,,,,,,5575.732948503,-0.001,0.0,0.0024434609527920616,,
pose,,,0.00012805569287733753,,,5575.73373169,,,,5.4214782749122845,2.2059672520321785
diagnostics,2.0,"[2.0,0.0,0.0,0.0]",,0.0,"[0.0,0.0,0.0,0.0]",5575.749854734,,,,,
pose,,,0.0,,,5575.750156886,,,,5.4214782749122845,2.2059672520321785
cmd,,,,,,5575.767563428,-0.4750327187776565,-0.5202075397968292,-0.012755594216287136,,
wheel_odom,,,,,,5575.770087677,0.0,0.0,-0.0008726646259971648,,
pose,,,5.026345543458522e-05,,,5575.770558522,,,,5.421529950796937,2.2059682774783953
wheel_odom,,,,,,5575.790573108,0.0,-0.001,-0.008377580409572781,,
diagnostics,10.0,"[4.0,4.0,0.0,10.0]",,0.0,"[0.0,0.0,0.0,0.0]",5575.791015315,,,,,
pose,,,-0.0002850179867859805,,,5575.791372601,,,,5.421574287731495,2.2059623454816917
wheel_odom,,,,,,5575.810646159,0.0,0.0,0.0,,
pose,,,6.958426544128643e-05,,,5575.811398852,,,,5.421617790848717,2.205963738700429
cmd,,,,,,5575.817730248,-0.5421668291091919,-0.5304869413375854,-0.012755594216287136,,
wheel_odom,,,,,,5575.830709054,0.0,0.0,0.0,,
pose,,,0.00015391508793714681,,,5575.831228436,,,,5.421658004039182,2.2059667914048773
diagnostics,2.0,"[2.0,0.0,0.0,0.0]",,0.0,"[0.0,0.0,0.0,0.0]",5575.849988839,,,,,
pose,,,0.0,,,5575.850522989,,,,5.421658004039182,2.2059667914048773
cmd,,,,,,5575.867710807,-0.6093217134475708,-0.6404869413375854,-0.010695593431591988,,
wheel_odom,,,,,,5575.870274788,0.0,0.0,0.0012217304763960308,,
pose,,,0.0002289954523157071,,,5575.870781164,,,,5.4216913310910275,2.2059714309347216
wheel_odom,,,,,,5575.891141768,-0.012,-0.012,-0.016755160819145562,,
diagnostics,69.0,"[-3.0,-26.0,-3.0,69.0]",,148.0,"[6.0,-148.0,-6.0,148.0]",5575.891944571,,,,,
pose,,,-0.005502199705615544,,,5575.892628326,,,,5.421576134081349,2.205851234265209
wheel_odom,,,,,,5575.910660675,-0.051,-0.05,0.05777039824101231,,
pose,,,-0.025894501228243137,,,5575.911343769,,,,5.420977683409712,2.2053665682840102
cmd,,,,,,5575.917637687,-0.6093217134475708,-0.673209011554718,-0.010695593431591988,,
wheel_odom,,,,,,5575.930535951,-0.065,-0.066,0.09337511498169662,,
pose,,,-0.0459063943354194,,,5575.930936489,,,,5.419881475538918,2.2044670474065855
diagnostics,260.0,"[2.0,-260.0,0.0,106.0]",,443.0,"[1.0,-443.0,-1.0,443.0]",5575.949833112,,,,,
pose,,,0.0,,,5575.950184197,,,,5.419881475538918,2.2044670474065855
cmd,,,,,,5575.967607642,-0.6935647130012512,-0.783209011554718,0.0012151761911809444,,
wheel_odom,,,,,,5575.970150057,-0.045,-0.051,-0.015533430342749533,,
pose,,,-0.028169503157271656,,,5575.970539075,,,,5.4191202549895925,2.20389368474775
wheel_odom,,,,,,5575.99056624,-0.066,-0.064,0.014660765716752368,,
diagnostics,215.0,"[-3.0,-201.0,6.0,215.0]",,817.0,"[13.0,-817.0,-13.0,817.0]",5575.991111603,,,,,
pose,,,-0.049966190015763925,,,5575.991296416,,,,5.417705183801113,2.202856573266774
wheel_odom,,,,,,5576.010759055,-0.069,-0.088,-0.028099800957108706,,
pose,,,-0.06092654439739922,,,5576.011460654,,,,5.4165996647526065,2.201628125669806
cmd,,,,,,5576.017621018,-0.6935647130012512,-0.872511088848114,0.0012151761911809444,,
wheel_odom,,,,,,5576.031181642,-0.114,-0.111,0.01884955592153876,,
pose,,,-0.1092614098943613,,,5576.031646387,,,,5.4142201150395115,2.199422441660016
diagnostics,423.0,"[-9.0,-423.0,-3.0,364.0]",,1104.0,"[33.0,-1104.0,-33.0,1104.0]",5576.049842784,,,,,
pose,,,0.0,,,5576.05040699,,,,5.4142201150395115,2.199422441660016
cmd,,,,,,5576.067808292,-0.7475791573524475,-0.982511088848114,0.005606804043054581,,
wheel_odom,,,,,,5576.070470149,-0.157,-0.158,0.041887902047863905,,
pose,,,-0.12111574156911699,,,5576.070855437,,,,5.411751830671966,2.1969456768246984
wheel_odom,,,,,,5576.090518124,-0.194,-0.206,0.027227136331111543,,
diagnostics,687.0,"[46.0,-687.0,0.0,619.0]",,1488.0,"[67.0,-1488.0,-67.0,1488.0]",5576.091119494,,,,,
pose,,,-0.19761590164918041,,,5576.091356096,,,,5.4075501177396825,2.192894842917233
wheel_odom,,,,,,5576.110479062,-0.236,-0.246,0.08709192967451705,,
pose,,,-0.20582355664440813,,,5576.111039158,,,,5.403546700358758,2.1888431994124455
cmd,,,,,,5576.117569195,-0.8575791573524475,-1.092511088848114,0.005762502551078796,,
wheel_odom,,,,,,5576.132911156,-0.278,-0.309,0.08133234314293576,,
pose,,,-0.28050974262939427,,,5576.133299621,,,,5.3971458523424065,2.1826008520115656
diagnostics,1141.0,"[35.0,-1141.0,-128.0,870.0]",,1863.0,"[145.0,-1863.0,-145.0,1863.0]",5576.150033021,,,,,
pose,,,0.0,,,5576.150506764,,,,5.3971458523424065,2.1826008520115656
cmd,,,,,,5576.167606067,-0.9675791573524475,-1.202511088848114,0.0030428338795900345,,
wheel_odom,,,,,,5576.170198977,-0.288,-0.344,0.08621926504851989,,
pose,,,-0.3619889654940724,,,5576.170862674,,,,5.390019099840917,2.1752315867149217
wheel_odom,,,,,,5576.190379162,-0.321,-0.38,0.005061454830783556,,
diagnostics,1182.0,"[83.0,-1151.0,-168.0,1182.0]",,2157.0,"[216.0,-2157.0,-216.0,2157.0]",5576.190890881,,,,,
pose,,,-0.311183973626236,,,5576.191360215,,,,5.38439331888932,2.1688536760631174
wheel_odom,,,,,,5576.210876623,-0.392,-0.441,0.04817108735504349,,
pose,,,-0.4833331730541888,,,5576.21162162,,,,5.375073844031529,2.159063795509478
cmd,,,,,,5576.217782054,-1.0587615966796875,-1.3101564645767212,0.0030428338795900345,,
wheel_odom,,,,,,5576.230855026,-0.397,-0.471,0.07871434926494426,,
pose,,,-0.41592110537858495,,,5576.231422497,,,,5.368017771798592,2.150825590441785
diagnostics,1469.0,"[48.0,-1449.0,-124.0,1469.0]",,2440.0,"[259.0,-2440.0,-259.0,2440.0]",5576.249871318,,,,,
pose,,,0.0,,,5576.25033351,,,,5.368017771798592,2.150825590441785
cmd,,,,,,5576.267594484,-1.1687615966796876,-1.3145703077316284,-0.0023592119105160236,,
wheel_odom,,,,,,5576.270122475,-0.5,-0.583,0.04276056667386108,,
pose,,,-0.6511749589524618,,,5576.270641865,,,,5.356072250384729,2.137601423884892
wheel_odom,,,,,,5576.290235196,-0.49,-0.582,0.0762708883121522,,
diagnostics,1827.0,"[100.0,-1827.0,-256.0,1738.0]",,2817.0,"[302.0,-2817.0,-302.0,2817.0]",5576.29063169,,,,,
pose,,,-0.4998598105407587,,,5576.290787978,,,,5.347395595505976,2.127530656807778
wheel_odom,,,,,,5576.310129547,-0.593,-0.71,0.0024434609527920616,,
pose,,,-0.8224219633766957,,,5576.310523602,,,,5.33299682745084,2.111300207883415
cmd,,,,,,5576.317541107,-1.235988736152649,-1.264694094657898,-0.008887975476682186,,
wheel_odom,,,,,,5576.330959245,-0.581,-0.705,0.030543261909900768,,
pose,,,-0.5804844808818906,,,5576.331656389,,,,5.322801762347858,2.0990353277540086
diagnostics,2212.0,"[152.0,-2212.0,-252.0,2180.0]",,3111.0,"[332.0,-3111.0,-332.0,3111.0]",5576.350103257,,,,,
pose,,,0.0,,,5576.350754891,,,,5.322801762347858,2.0990353277540086
cmd,,,,,,5576.367684751,-1.205251693725586,-1.1546940946578979,-0.00945284590125084,,
wheel_odom,,,,,,5576.370263678,-0.655,-0.749,-0.027227136331111543,,
pose,,,-0.9289230716262694,,,5576.370627355,,,,5.3063876976031015,2.080572834935494
wheel_odom,,,,,,5576.390255623,-0.737,-0.858,-0.026354471705114377,,
diagnostics,2707.0,"[223.0,-2685.0,-216.0,2707.0]",,3479.0,"[302.0,-3479.0,-302.0,3479.0]",5576.39052536,,,,,
pose,,,-0.7460618956495616,,,5576.390625987,,,,5.293657460358226,2.0656515455441116
wheel_odom,,,,,,5576.410759671,-0.786,-0.88,0.03979350694547071,,
pose,,,-1.0352188341130257,,,5576.411379218,,,,5.27422887472886,2.0441711719296127
cmd,,,,,,5576.417763999,-1.205251693725586,-1.085470199584961,-0.00945284590125084,,
wheel_odom,,,,,,5576.431286001,-0.856,-0.902,0.03595378259108319,,
pose,,,-0.7785498286766078,,,5576.432063127,,,,5.259688671506192,2.028068972365165
diagnostics,3075.0,"[54.0,-3075.0,-118.0,2988.0]",,3877.0,"[55.0,-3877.0,-55.0,3877.0]",5576.449831464,,,,,
pose,,,0.0,,,5576.45030164,,,,5.259688671506192,2.028068972365165
cmd,,,,,,5576.467871844,-1.204856276512146,-0.9887255430221558,-0.007866419851779938,,
wheel_odom,,,,,,5576.47079487,-0.935,-0.938,0.0301941960595019,,
pose,,,-1.1214411433643612,,,5576.471356589,,,,5.236957767254874,2.0044585138791193
wheel_odom,,,,,,5576.490245771,-0.896,-0.887,-0.02844886680750757,,
diagnostics,3063.0,"[-7.0,-3026.0,14.0,3063.0]",,3865.0,"[-202.0,-3865.0,202.0,3865.0]",5576.490651361,,,,,
pose,,,-0.8480243024783309,,,5576.490813935,,,,5.221554487788947,1.9879565681384423
wheel_odom,,,,,,5576.511161349,-0.905,-0.865,0.03438298626428829,,
pose,,,-1.1039627550794369,,,5576.512172,,,,5.198079930791626,1.9643832131560346
cmd,,,,,,5576.51769155,-1.2123347520828247,-0.9239377379417419,-0.006274109240621328,,
wheel_odom,,,,,,5576.530986769,-0.926,-0.889,0.08499753457212385,,
pose,,,-0.8651587405077917,,,5576.531607041,,,,5.182072646524244,1.9475674168708577
diagnostics,3173.0,"[-97.0,-3173.0,60.0,2942.0]",,3703.0,"[-364.0,-3703.0,364.0,3703.0]",5576.54969756,,,,,
pose,,,0.0,,,5576.549983074,,,,5.182072646524244,1.9475674168708577
cmd,,,,,,5576.567512643,-1.3223347520828248,-0.813937737941742,-0.0029306705109775066,,
wheel_odom,,,,,,5576.570014001,-0.985,-0.921,-0.0041887902047863905,,
pose,,,-1.226792779419775,,,5576.570397688,,,,5.156943615514834,1.9225239622754131
wheel_odom,,,,,,5576.590099499,-0.976,-0.926,0.017627825445142728,,
diagnostics,3212.0,"[-201.0,-3171.0,142.0,3212.0]",,3605.0,"[-486.0,-3605.0,486.0,3605.0]",5576.590389852,,,,,
pose,,,-0.8928081890676366,,,5576.590484026,,,,5.1399331098526035,1.904589962583119
wheel_odom,,,,,,5576.610375036,-1.022,-0.883,0.016755160819145562,,
pose,,,-1.2490490587935454,,,5576.6109653,,,,5.113389858684467,1.8790113026892632
cmd,,,,,,5576.617577917,-1.3990226984024048,-0.703937737941742,-0.00047219678526744246,,
wheel_odom,,,,,,5576.630188986,-1.063,-0.839,0.03769911184307752,,
pose,,,-0.8874071667767726,,,5576.630519305,,,,5.094816375999314,1.8616562035241273
diagnostics,3240.0,"[-417.0,-3240.0,359.0,3224.0]",,3605.0,"[-857.0,-3605.0,857.0,3605.0]",5576.649883127,,,,,
wheel_odom,,,,,,5576.650261198,-1.096,-0.857,0.07295476273336297,,
pose,,,-1.2916877862581422,,,5576.650748118,,,,5.064050177541365,1.8355305793177887
cmd,,,,,,5576.667620003,-1.456323266029358,-0.6509389281272888,0.0012438723351806402,,
pose,,,0.03656700567796913,,,5576.670290066,,,,5.066378318690037,1.8362452614416118
wheel_odom,,,,,,5576.690177281,-1.121,-0.875,0.04223696789826278,,
pose,,,-0.9008795750978167,,,5576.690486365,,,,5.04634027189197,1.8180516299629226
wheel_odom,,,,,,5576.710114155,-1.167,-0.832,0.08342673824532895,,
diagnostics,3487.0,"[-549.0,-3487.0,527.0,3300.0]",,3550.0,"[-1173.0,-3550.0,1173.0,3550.0]",5576.710410265,,,,,
pose,,,-0.9186063729454647,,,5576.710506209,,,,5.025127677672196,1.7996604671431464
cmd,,,,,,5576.717544768,-1.5218324661254883,-0.6147071123123169,0.0036283209919929504,,
wheel_odom,,,,,,5576.730455592,-1.184,-0.815,0.02007128639793479,,
pose,,,-1.285274176918313,,,5576.730794,,,,4.993262614812297,1.7735856562133976
wheel_odom,,,,,,5576.750807106,-1.196,-0.785,0.05567600313861911,,
pose,,,-1.2097413590455652,,,5576.751327248,,,,4.961287808911771,1.7487493600483799
cmd,,,,,,5576.767645779,-1.5218324661254883,-0.6147071123123169,0.0036283209919929504,,
diagnostics,3445.0,"[-762.0,-3445.0,784.0,3337.0]",,3556.0,"[-1358.0,-3556.0,1358.0,3556.0]",5576.770082858,,,,,
pose,,,0.0,,,5576.770401698,,,,4.961287808911771,1.7487493600483799
wheel_odom,,,,,,5576.790264074,-1.259,-0.741,0.0066322511575784525,,
pose,,,-0.8142824617708665,,,5576.790522028,,,,4.938860997427294,1.732365597918811
wheel_odom,,,,,,5576.810845261,-1.275,-0.744,0.033510321638291124,,
diagnostics,3441.0,"[-909.0,-3441.0,876.0,3379.0]",,3607.0,"[-1531.0,-3607.0,1531.0,3607.0]",5576.811518893,,,,,
pose,,,-1.0927649320240351,,,5576.812231452,,,,4.904905928291071,1.7086496418721862
cmd,,,,,,5576.817664952,-1.5731232166290283,-0.5955702066421509,0.004498706664890051,,
wheel_odom,,,,,,5576.831403154,-1.309,-0.721,-0.033510321638291124,,
pose,,,-0.7926388257831781,,,5576.832074072,,,,4.881369844503078,1.692918748636145
wheel_odom,,,,,,5576.850234274,-1.33,-0.674,-0.05899212871740834,,
pose,,,-1.21047860553446,,,5576.850568191,,,,4.845631089541914,1.6705290173241651
cmd,,,,,,5576.867699035,-1.6373268365859985,-0.6098522543907166,0.00543575594201684,,
diagnostics,3400.0,"[-1022.0,-3363.0,1186.0,3400.0]",,3607.0,"[-1531.0,-3607.0,1531.0,3607.0]",5576.869887666,,,,,
pose,,,0.0,,,5576.870350461,,,,4.845631089541914,1.6705290173241651
wheel_odom,,,,,,5576.891672011,-1.329,-0.653,-0.020943951023931952,,
pose,,,-0.6546064152816568,,,5576.892613388,,,,4.821483415781853,1.6559580814125543
wheel_odom,,,,,,5576.91019775,-1.369,-0.64,0.014660765716752368,,
diagnostics,3393.0,"[-1216.0,-3393.0,1190.0,3379.0]",,3661.0,"[-1649.0,-3661.0,1649.0,3661.0]",5576.910605066,,,,,
pose,,,-1.1573654338389838,,,5576.910765135,,,,4.784551038966866,1.6349448886260112
cmd,,,,,,5576.917643835,-1.6365787982940674,-0.64715176820755,0.006839856971055269,,
wheel_odom,,,,,,5576.930378223,-1.427,-0.645,-0.005061454830783556,,
pose,,,-0.6974046307360138,,,5576.930741941,,,,4.758801595127316,1.6210131550318836
wheel_odom,,,,,,5576.951029843,-1.421,-0.673,-0.01884955592153876,,
pose,,,-0.9918198599434371,,,5576.951682156,,,,4.72017693179992,1.600247417664521
cmd,,,,,,5576.967916551,-1.6365787982940674,-0.64715176820755,0.006839856971055269,,
pose,,,0.0,,,5576.97122143,,,,4.72017693179992,1.600247417664521
diagnostics,3537.0,"[-1279.0,-3537.0,1232.0,3517.0]",,3793.0,"[-1733.0,-3793.0,1733.0,3793.0]",5576.989963341,,,,,
pose,,,0.0,,,5576.990443807,,,,4.72017693179992,1.600247417664521
wheel_odom,,,,,,5577.010353267,-1.471,-0.659,-0.010821041362364843,,
pose,,,-0.7163794318077962,,,5577.010752358,,,,4.6929384848355085,1.5856985859865975
cmd,,,,,,5577.017708375,-1.6270915269851685,-0.6958615183830261,0.00792479608207941,,
diagnostics,3598.0,"[-1302.0,-3598.0,1330.0,3549.0]",,3855.0,"[-1671.0,-3855.0,1671.0,3855.0]",5577.031941832,,,,,
wheel_odom,,,,,,5577.032493555,-1.461,-0.663,0.0017453292519943296,,
pose,,,-0.90906154871121,,,5577.033202864,,,,4.652993163581143,1.5652928423127723
wheel_odom,,,,,,5577.05038837,-1.484,-0.645,0.02426007660272118,,
pose,,,-1.13841455867689,,,5577.050781819,,,,4.612558192207562,1.5452760854669183
cmd,,,,,,5577.067706722,-1.5620915269851685,-0.8058615183830261,0.010025818832218647,,
wheel_odom,,,,,,5577.070096101,-1.477,-0.672,0.04014257279586958,,
diagnostics,3629.0,"[-1436.0,-3629.0,1328.0,3611.0]",,3855.0,"[-1671.0,-3855.0,1671.0,3855.0]",5577.070510594,,,,,
pose,,,-0.6997391278203671,,,5577.07068183,,,,4.585377474717235,1.5313513425985479
wheel_odom,,,,,,5577.090192248,-1.496,-0.691,0.05113814708343386,,
pose,,,-1.0416661930751838,,,5577.090597459,,,,4.5413757545581985,1.5106065436971234
pose,,,0.02655030576255728,,,5577.11041753,,,,4.544153557271491,1.5111327357640296
cmd,,,,,,5577.117635068,-1.553093433380127,-0.9158615183830261,0.010025818832218647,,
wheel_odom,,,,,,5577.130194577,-1.509,-0.698,0.04520402762665313,,
diagnostics,3743.0,"[-1398.0,-3721.0,1339.0,3743.0]",,3921.0,"[-1571.0,-3921.0,1571.0,3921.0]",5577.130612543,,,,,
pose,,,-0.6967045741378205,,,5577.130773859,,,,4.5163145353869245,1.496949129988192
wheel_odom,,,,,,5577.150744597,-1.493,-0.725,0.011344640137963142,,
pose,,,-0.9999577356274181,,,5577.151554838,,,,4.47466799207228,1.4761744960521717
cmd,,,,,,5577.167760653,-1.5055437088012695,-1.0258615183830262,0.00814522709697485,,
wheel_odom,,,,,,5577.170464772,-1.511,-0.724,0.04014257279586958,,
diagnostics,3799.0,"[-1287.0,-3799.0,1249.0,3756.0]",,3980.0,"[-1343.0,-3980.0,1343.0,3980.0]",5577.171030239,,,,,
pose,,,-0.7257781746093231,,,5577.171594392,,,,4.446491129727212,1.4616284571349418
wheel_odom,,,,,,5577.19031769,-1.508,-0.742,0.026354471705114377,,
pose,,,-1.1414644526850186,,,5577.190698152,,,,4.401807370969418,1.439816889796772
pose,,,0.031681140758634145,,,5577.21170321,,,,4.4042126117025555,1.4404821472447822
cmd,,,,,,5577.217647543,-1.4405437088012696,-1.1358615183830263,0.007316507399082184,,
wheel_odom,,,,,,5577.230111203,-1.49,-0.812,0.02303834612632515,,
diagnostics,3874.0,"[-1189.0,-3874.0,1161.0,3860.0]",,4134.0,"[-1115.0,-4134.0,1115.0,4134.0]",5577.230435838,,,,,
pose,,,-0.8007897021382168,,,5577.230739186,,,,4.37606651284726,1.4252337916146542
wheel_odom,,,,,,5577.250291386,-1.366,-0.762,-0.0029670597283903604,,
pose,,,-1.0847675374160515,,,5577.250590446,,,,4.335345580200253,1.4036989029347748
cmd,,,,,,5577.267675184,-1.3964974880218506,-1.2458615183830264,0.011360583826899529,,
wheel_odom,,,,,,5577.270412347,-1.322,-0.743,-0.005934119456780721,,
diagnostics,3480.0,"[-923.0,-3449.0,975.0,3480.0]",,3418.0,"[-646.0,-3418.0,646.0,3418.0]",5577.270758118,,,,,
pose,,,-0.7069004865989752,,,5577.271279948,,,,4.309246508281029,1.389074565461296
wheel_odom,,,,,,5577.291030466,-1.286,-0.802,-0.041887902047863905,,
pose,,,-1.1181525301872803,,,5577.291943136,,,,4.269091949873971,1.365974826771352
pose,,,0.05842044157646451,,,5577.311033924,,,,4.270600461500452,1.3670901204968553
cmd,,,,,,5577.317619702,-1.3433574438095093,-1.3558615183830265,0.01292491052299738,,
wheel_odom,,,,,,5577.331219022,-1.202,-0.792,-0.0054105206811824215,,
diagnostics,3319.0,"[-653.0,-3319.0,711.0,3302.0]",,3043.0,"[-359.0,-3043.0,359.0,3043.0]",5577.331793244,,,,,
pose,,,-0.7186898304519753,,,5577.332212834,,,,4.246170049547689,1.351866647085952
wheel_odom,,,,,,5577.351345878,-1.187,-0.769,-0.0762708883121522,,
pose,,,-1.1394946440411207,,,5577.351963678,,,,4.209143783926557,1.329362505277661
cmd,,,,,,5577.368035179,-1.2815176248550415,-1.395537257194519,0.013990688137710094,,
wheel_odom,,,,,,5577.370932513,-1.141,-0.824,-0.04485496177625427,,
diagnostics,3341.0,"[-557.0,-3290.0,521.0,3341.0]",,3122.0,"[-178.0,-3122.0,178.0,3122.0]",5577.371662208,,,,,
pose,,,-0.7690445970973081,,,5577.372291048,,,,4.185713613787454,1.313730362620531
wheel_odom,,,,,,5577.39048754,-1.109,-0.87,-0.05777039824101231,,
pose,,,-1.2911995526071574,,,5577.390762962,,,,4.150731503336489,1.2898730518370702
wheel_odom,,,,,,5577.410719483,-1.025,-0.853,-0.05619960191421741,,
pose,,,-0.8167591542847955,,,5577.411070311,,,,4.129311093019936,1.2732876905219939
cmd,,,,,,5577.41759206,-1.2165176248550416,-1.285537257194519,0.013631814159452915,,
diagnostics,3167.0,"[-291.0,-3167.0,265.0,3145.0]",,2734.0,"[13.0,-2734.0,-13.0,2734.0]",5577.430078107,,,,,
pose,,,0.027254317220150592,,,5577.43038669,,,,4.1289500631882845,1.2738141547000634
wheel_odom,,,,,,5577.450659374,-1.003,-0.863,0.011693705988362009,,
pose,,,-1.1818301013447554,,,5577.450905567,,,,4.096518360886344,1.2495634489341383
cmd,,,,,,5577.467983594,-1.1515176248550416,-1.1894618272781372,0.013631814159452915,,
wheel_odom,,,,,,5577.471040414,-0.952,-0.84,-0.06876597252857658,,
diagnostics,3060.0,"[-166.0,-3060.0,326.0,2990.0]",,2711.0,"[114.0,-2711.0,-114.0,2711.0]",5577.471530264,,,,,
pose,,,-0.7831956636527521,,,5577.47196447,,,,4.075586862719531,1.233074398303241
wheel_odom,,,,,,5577.490261864,-0.918,-0.813,-0.06667157742618339,,
pose,,,-1.2707964904926177,,,5577.490603601,,,,4.0454131358566405,1.2093818350091057
wheel_odom,,,,,,5577.510130515,-0.898,-0.807,-0.017627825445142728,,
pose,,,-0.8169134160674851,,,5577.510497045,,,,4.02690314700423,1.193130457683428
cmd,,,,,,5577.517581358,-1.0865176248550417,-1.079461827278137,0.012867584824562073,,
diagnostics,2916.0,"[-74.0,-2916.0,140.0,2871.0]",,2533.0,"[69.0,-2533.0,-69.0,2533.0]",5577.530417366,,,,,
pose,,,0.012612499017628896,,,5577.530961292,,,,4.025570665955538,1.19338852944198
wheel_odom,,,,,,5577.551863925,-0.86,-0.765,-0.041015237421866746,,
pose,,,-1.0619119026394632,,,5577.552628802,,,,3.9972990840593465,1.170381605967112
cmd,,,,,,5577.567666713,-1.0215176248550417,-1.0587317943572998,0.009385589510202408,,
wheel_odom,,,,,,5577.57051142,-0.85,-0.751,0.005934119456780721,,
diagnostics,2723.0,"[-141.0,-2723.0,207.0,2657.0]",,2371.0,"[38.0,-2371.0,-38.0,2371.0]",5577.570847499,,,,,
pose,,,-0.8280737644182244,,,5577.571155772,,,,3.9784579351648284,1.1550372898068741
wheel_odom,,,,,,5577.59040625,-0.802,-0.716,0.0054105206811824215,,
pose,,,-1.1254835345182044,,,5577.590809976,,,,3.9518936215501994,1.1329164894344153
wheel_odom,,,,,,5577.610825259,-0.787,-0.719,0.013439035240356337,,
pose,,,-0.7226690633536074,,,5577.61142693,,,,3.935714589257387,1.1180190366997103
cmd,,,,,,5577.617821898,-0.9565176248550418,-1.0479851961135864,0.006254724692553282,,
diagnostics,2570.0,"[-93.0,-2570.0,152.0,2435.0]",,2194.0,"[-6.0,-2194.0,6.0,2194.0]",5577.630248649,,,,,
pose,,,0.007632517953880491,,,5577.630648121,,,,3.93437604031265,1.1181657598590504
wheel_odom,,,,,,5577.65028272,-0.778,-0.714,-0.029670597283903602,,
pose,,,-1.08795031658863,,,5577.65057,,,,3.909093297471229,1.096490500678747
cmd,,,,,,5577.667746479,-0.8915176248550418,-1.1579851961135865,0.002749466337263584,,
wheel_odom,,,,,,5577.670307295,-0.726,-0.699,-0.023911010752322315,,
diagnostics,2427.0,"[-15.0,-2340.0,54.0,2427.0]",,2030.0,"[92.0,-2030.0,-92.0,2030.0]",5577.670688931,,,,,
pose,,,-0.7137672312481349,,,5577.670818198,,,,3.892629196349018,1.0820382552693335
wheel_odom,,,,,,5577.690322057,-0.699,-0.671,-0.009250245035569947,,
pose,,,-1.0724898030106134,,,5577.690718391,,,,3.868912791819479,1.0606955634031157
wheel_odom,,,,,,5577.710626043,-0.688,-0.681,0.01710422666954443,,
pose,,,-0.6751778728047318,,,5577.71116754,,,,3.8534499417358683,1.0468900069869476
cmd,,,,,,5577.718762915,-0.8265176248550419,-1.1724802255630493,0.002749466337263584,,
diagnostics,2311.0,"[4.0,-2311.0,33.0,2245.0]",,2030.0,"[92.0,-2030.0,-92.0,2030.0]",5577.730390802,,,,,
pose,,,0.0,,,5577.731400115,,,,3.8534499417358683,1.0468900069869476
wheel_odom,,,,,,5577.750624956,-0.657,-0.673,-0.0301941960595019,,
pose,,,-1.0579162847172643,,,5577.751048548,,,,3.8313052873986346,1.0260976505047137
cmd,,,,,,5577.767699285,-0.7615176248550419,-1.1870996952056885,2.4310313165187836e-05,,
wheel_odom,,,,,,5577.770453298,-0.659,-0.693,-0.016406094968746697,,
diagnostics,2241.0,"[77.0,-2233.0,-36.0,2241.0]",,2160.0,"[310.0,-2160.0,-310.0,2160.0]",5577.770849342,,,,,
pose,,,-0.9685126007758494,,,5577.771221114,,,,3.810325284547719,1.0065607019742662
wheel_odom,,,,,,5577.790633264,-0.645,-0.721,-0.014311699866353502,,
pose,,,-0.7107019554107261,,,5577.791053342,,,,3.796077425401595,0.9924646450764052
wheel_odom,,,,,,5577.810341704,-0.656,-0.731,0.0024434609527920616,,
pose,,,-1.0072603386317565,,,5577.810828171,,,,3.7757657073948723,0.9725475535596143
cmd,,,,,,5577.817554561,-0.696517624855042,-1.2970996952056886,-0.0008883132832124829,,
diagnostics,2367.0,"[192.0,-2367.0,-126.0,2364.0]",,2363.0,"[408.0,-2363.0,-408.0,2363.0]",5577.829855734,,,,,
pose,,,0.0,,,5577.830209125,,,,3.7757657073948723,0.9725475535596143
wheel_odom,,,,,,5577.850671066,-0.604,-0.728,-0.04310963252425994,,
pose,,,-0.667581890218263,,,5577.851211741,,,,3.7623428481912486,0.9585274312943254
cmd,,,,,,5577.868051153,-0.631517624855042,-1.4070996952056887,-0.0008883132832124829,,
wheel_odom,,,,,,5577.870942171,-0.578,-0.683,-0.07958701389094142,,
diagnostics,2134.0,"[200.0,-2076.0,-201.0,2134.0]",,1993.0,"[504.0,-1993.0,-504.0,1993.0]",5577.871601231,,,,,
pose,,,-0.9385147146833152,,,5577.872494673,,,,3.743329390125597,0.9385584021883263
wheel_odom,,,,,,5577.890537627,-0.531,-0.692,0.008028514559173916,,
pose,,,-0.729801773587889,,,5577.890955862,,,,3.731271989951363,0.9250818227931519
wheel_odom,,,,,,5577.910200828,-0.541,-0.69,-0.07120943348136864,,
pose,,,-1.007466184588111,,,5577.910598261,,,,3.713614121357803,0.9052921655366551
cmd,,,,,,5577.917559907,-0.5665176248550421,-1.5170996952056888,0.00030583381885662675,,
diagnostics,2134.0,"[324.0,-2085.0,-256.0,2134.0]",,2018.0,"[607.0,-2018.0,-607.0,2018.0]",5577.92981797,,,,,
pose,,,0.0,,,5577.930360554,,,,3.713614121357803,0.9052921655366551
wheel_odom,,,,,,5577.950561757,-0.528,-0.728,-0.016755160819145562,,
pose,,,-0.6721000761952945,,,5577.950991806,,,,3.7019321530399165,0.8914246964359419
cmd,,,,,,5577.967660692,-0.5015176248550421,-1.5816513299942017,0.0017669473309069872,,
wheel_odom,,,,,,5577.970195221,-0.501,-0.751,-0.0033161255787892262,,
diagnostics,2110.0,"[431.0,-2110.0,-417.0,2107.0]",,2064.0,"[784.0,-2064.0,-784.0,2064.0]",5577.970615858,,,,,
pose,,,-1.0410077886765237,,,5577.97079905,,,,3.6853278266238987,0.8708048045358779
wheel_odom,,,,,,5577.990413054,-0.471,-0.793,-0.02897246558310587,,
pose,,,-0.7394549247834629,,,5577.990829995,,,,3.6747144915727628,0.8559929818511527
wheel_odom,,,,,,5578.010726377,-0.46,-0.768,-0.023911010752322315,,
pose,,,-1.0215965772748845,,,5578.011452497,,,,3.6595054434058762,0.8349297679807894
cmd,,,,,,5578.017721118,-0.43651762485504214,-1.644978642463684,0.003190787276253104,,
diagnostics,2046.0,"[554.0,-2032.0,-563.0,2046.0]",,2110.0,"[962.0,-2110.0,-962.0,2110.0]",5578.030231778,,,,,
pose,,,0.0,,,5578.031154466,,,,3.6595054434058762,0.8349297679807894
pose,,,0.0,,,5578.050393649,,,,3.6595054434058762,0.8349297679807894
cmd,,,,,,5578.06761429,-0.37151762485504214,-1.698185920715332,0.005234770942479372,,
wheel_odom,,,,,,5578.07045438,-0.379,-0.713,0.009599310885968814,,
pose,,,-0.9755493002864087,,,5578.070771158,,,,3.64593630037534,0.8150483385902841
wheel_odom,,,,,,5578.090208586,-0.394,-0.698,0.0008726646259971648,,
diagnostics,1869.0,"[604.0,-1869.0,-551.0,1801.0]",,1758.0,"[911.0,-1758.0,-911.0,1758.0]",5578.090476044,,,,,
pose,,,-0.6756243498874369,,,5578.090566515,,,,3.6371776241079705,0.801673511405281
wheel_odom,,,,,,5578.110829417,-0.356,-0.735,-0.04852015320544236,,
pose,,,-0.9919985570133041,,,5578.111404435,,,,3.624611855997639,0.7810060646685283
cmd,,,,,,5578.117918894,-0.30651762485504214,-1.698185920715332,0.005234770942479372,,
diagnostics,1898.0,"[774.0,-1842.0,-697.0,1898.0]",,1755.0,"[1019.0,-1755.0,-1019.0,1755.0]",5578.130356538,,,,,
wheel_odom,,,,,,5578.130679819,-0.348,-0.763,0.018500490071139894,,
pose,,,-0.7101894754961184,,,5578.1310903,,,,3.6166735323539796,0.7670228997804875
wheel_odom,,,,,,5578.150222289,-0.322,-0.779,-0.01972222054753592,,
pose,,,-1.1372056939426527,,,5578.150568208,,,,3.605678938292977,0.7448735171871183
cmd,,,,,,5578.16764563,-0.24151762485504213,-1.7104778289794922,0.004533351864665747,,
pose,,,0.026364983184644915,,,5578.170343871,,,,3.605192562096125,0.7453948922172601
wheel_odom,,,,,,5578.190134374,-0.303,-0.821,0.02897246558310587,,
diagnostics,1954.0,"[889.0,-1928.0,-846.0,1954.0]",,1909.0,"[1223.0,-1909.0,-1223.0,1909.0]",5578.190445892,,,,,
pose,,,-0.7445555924365727,,,5578.1905447,,,,3.5981355606390197,0.7303533220636812
wheel_odom,,,,,,5578.210302263,-0.315,-0.846,-0.028099800957108706,,
pose,,,-1.1273594129822515,,,5578.210722155,,,,3.587664257344745,0.7076080556278485
cmd,,,,,,5578.217674489,-0.17651762485504213,-1.7241106033325195,0.0034670394379645586,,
wheel_odom,,,,,,5578.230476288,-0.299,-0.86,-0.027227136331111543,,
diagnostics,2073.0,"[993.0,-1894.0,-997.0,2073.0]",,2281.0,"[1499.0,-2281.0,-1508.0,2273.0]",5578.231255446,,,,,
pose,,,-0.7365958777196081,,,5578.231610761,,,,3.5810455902432157,0.6922241763253408
wheel_odom,,,,,,5578.250923475,-0.285,-0.92,-0.028099800957108706,,
pose,,,-1.261417399029809,,,5578.251335724,,,,3.5714510416683485,0.6673377229164946
cmd,,,,,,5578.267707647,-0.11151762485504213,-1.7241106033325195,0.0034670394379645586,,
pose,,,0.04789361088487323,,,5578.270422195,,,,3.5713983972242023,0.6682518113219493
wheel_odom,,,,,,5578.290600082,-0.289,-0.982,0.02600540585471551,,
diagnostics,2178.0,"[1150.0,-2101.0,-1195.0,2178.0]",,2572.0,"[1772.0,-2572.0,-1788.0,2556.0]",5578.291033014,,,,,
pose,,,-0.847187033625,,,5578.291166134,,,,3.5649443762718005,0.6506767307756384
wheel_odom,,,,,,5578.310397193,-0.239,-1.074,-0.013788101090755204,,
pose,,,-1.3279575611001848,,,5578.311110795,,,,3.556182381321337,0.6241943594029666
cmd,,,,,,5578.317989328,-0.04651762485504213,-1.7553956508636475,0.0023219548165798187,,
diagnostics,2402.0,"[1443.0,-2150.0,-1612.0,2402.0]",,2858.0,"[2131.0,-2858.0,-2156.0,2833.0]",5578.330292124,,,,,
wheel_odom,,,,,,5578.33065069,-0.241,-1.122,0.0033161255787892262,,
pose,,,-0.9910552205817835,,,5578.330920635,,,,3.5505444728961866,0.6045584534809757
wheel_odom,,,,,,5578.350602269,-0.224,-1.173,-0.03595378259108319,,
pose,,,-1.527780552973295,,,5578.350920561,,,,3.542521086027371,0.5740031510334194
cmd,,,,,,5578.367721251,0.018482375144957874,-1.7958056926727295,0.0015472876839339733,,
pose,,,0.08111444963694028,,,5578.370687056,,,,3.5425675566476333,0.5756060973934387
wheel_odom,,,,,,5578.390384479,-0.209,-1.275,-0.07208209810736581,,
diagnostics,2655.0,"[1718.0,-2353.0,-1875.0,2655.0]",,3016.0,"[2574.0,-3016.0,-2608.0,2982.0]",5578.390824116,,,,,
pose,,,-1.0747629715995553,,,5578.390992798,,,,3.5374717799895685,0.553778634100846
wheel_odom,,,,,,5578.41020653,-0.171,-1.326,-0.0041887902047863905,,
pose,,,-1.6333547639906403,,,5578.410618295,,,,3.530490252698544,0.5217232644808558
cmd,,,,,,5578.417670535,0.1284823751449579,-1.8435865640640259,0.0017139250412583351,,
wheel_odom,,,,,,5578.430780892,-0.164,-1.388,0.026354471705114377,,
diagnostics,2653.0,"[2029.0,-2560.0,-2104.0,2653.0]",,3050.0,"[2793.0,-3050.0,-2831.0,3012.0]",5578.43152989,,,,,
pose,,,-1.1247973895654872,,,5578.431728942,,,,3.526027629344349,0.4979789749290579
wheel_odom,,,,,,5578.451450891,-0.079,-1.473,0.12740903539558607,,
pose,,,-1.7395125044450803,,,5578.452082146,,,,3.5205222129370197,0.46257778369598607
cmd,,,,,,5578.467807135,0.2384823751449579,-1.8775538206100464,0.0025824776384979486,,
wheel_odom,,,,,,5578.470451857,0.014,-1.567,0.15323990832510212,,
pose,,,-1.4958243757749294,,,5578.470868644,,,,3.5190720824996844,0.43447308653024236
diagnostics,3008.0,"[2433.0,-2520.0,-3008.0,2722.0]",,3241.0,"[3200.0,-2957.0,-3241.0,2916.0]",5578.490308151,,,,,
pose,,,0.09652592457844605,,,5578.490785853,,,,3.518256388794496,0.4363955539874352
wheel_odom,,,,,,5578.510448785,-0.024,-1.462,0.0012217304763960308,,
pose,,,-1.8858008813067215,,,5578.510890609,,,,3.514273787065734,0.39848100301555084
cmd,,,,,,5578.517949448,0.34848237514495795,-1.9088141918182373,0.0042372411116957664,,
wheel_odom,,,,,,5578.530338681,-0.017,-1.55,-0.05567600313861911,,
diagnostics,2712.0,"[2680.0,-2591.0,-2591.0,2712.0]",,3350.0,"[3307.0,-2918.0,-3350.0,2875.0]",5578.53074922,,,,,
pose,,,-1.3282342873458768,,,5578.530881598,,,,3.5116317313490564,0.37192515268332055
wheel_odom,,,,,,5578.550550443,0.076,-1.643,-0.031415926535897934,,
pose,,,-2.020211722011568,,,5578.551254406,,,,3.5089536938861197,0.3307714338354174
cmd,,,,,,5578.567917894,0.45848237514495793,-1.9638711214065552,0.0055002253502607346,,
wheel_odom,,,,,,5578.571132684,0.049,-1.607,0.027227136331111543,,
pose,,,-1.4744096665303297,,,5578.571773297,,,,3.5087465340630297,0.3005230687922155
diagnostics,2861.0,"[2749.0,-2579.0,-2861.0,2663.0]",,3683.0,"[3625.0,-2748.0,-3683.0,2690.0]",5578.590593087,,,,,
pose,,,0.12866340260831557,,,5578.591353224,,,,3.506939445787978,0.3030421938692757
wheel_odom,,,,,,5578.610423501,0.14,-1.662,0.0024434609527920616,,
pose,,,-2.1933354500749807,,,5578.610834983,,,,3.5053869150893178,0.2603020565285372
cmd,,,,,,5578.617674636,0.5418873429298401,-2.0236806869506836,0.006408139131963253,,
diagnostics,3034.0,"[3034.0,-2493.0,-2974.0,2552.0]",,3846.0,"[3773.0,-2671.0,-3846.0,2598.0]",5578.630215557,,,,,
wheel_odom,,,,,,5578.630530339,0.128,-1.64,-0.034732052114687155,,
pose,,,-1.4767359184554396,,,5578.630898729,,,,3.5041698542163306,0.23067331290592116
wheel_odom,,,,,,5578.650439493,0.208,-1.717,-0.041887902047863905,,
pose,,,-2.2253386318988544,,,5578.65082742,,,,3.504037676511397,0.18632476852119445
cmd,,,,,,5578.667723728,0.5626780390739441,-2.067586660385132,0.006509013473987579,,
wheel_odom,,,,,,5578.670127243,0.259,-1.767,-0.01972222054753592,,
pose,,,-1.7043412497048454,,,5578.670408129,,,,3.506964339474868,0.15295146769568965
diagnostics,3398.0,"[3398.0,-2606.0,-3368.0,2523.0]",,4209.0,"[4123.0,-2571.0,-4209.0,2485.0]",5578.690224223,,,,,
pose,,,0.08884089263384841,,,5578.690675443,,,,3.504437973330114,0.15475193126264034
wheel_odom,,,,,,5578.710532282,0.27,-1.768,0.030543261909900768,,
pose,,,-2.2923317612486738,,,5578.710867757,,,,3.5060261456706447,0.10846159688697557
cmd,,,,,,5578.717753625,0.5909731984138489,-2.1254098415374756,0.006998718716204166,,
wheel_odom,,,,,,5578.730508112,0.315,-1.8,0.010122909661567111,,
diagnostics,3545.0,"[3519.0,-2533.0,-3545.0,2460.0]",,4377.0,"[4285.0,-2547.0,-4377.0,2455.0]",5578.730911051,,,,,
pose,,,-1.600297197503424,,,5578.73108152,,,,3.5073870597002976,0.0761155049660147
wheel_odom,,,,,,5578.750436186,0.33,-1.822,0.03944444109507184,,
pose,,,-2.5995498228159164,,,5578.750861786,,,,3.5133798154411777,0.02469566079979493
cmd,,,,,,5578.767964932,0.6051493883132935,-2.1482796669006348,0.006839803885668516,,
wheel_odom,,,,,,5578.77152818,0.346,-1.868,0.06911503837897545,,
pose,,,-2.2959150819658776,,,5578.772198109,,,,3.5172826887844733,-0.024279417586323158
diagnostics,3771.0,"[3708.0,-2633.0,-3771.0,2486.0]",,4487.0,"[4395.0,-2586.0,-4487.0,2494.0]",5578.790344488,,,,,
pose,,,0.2730789886594435,,,5578.790824511,,,,3.5143944201181694,-0.019191794364675132
wheel_odom,,,,,,5578.810326163,0.401,-1.911,0.05777039824101231,,
pose,,,-1.6870425255895587,,,5578.810725244,,,,3.5173339529012075,-0.05276579299581839
cmd,,,,,,5578.817724464,0.62510085105896,-2.150498867034912,0.006618146318942308,,
wheel_odom,,,,,,5578.832688459,0.414,-1.913,0.0757472895365539,,
diagnostics,4043.0,"[3927.0,-2574.0,-4043.0,2523.0]",,4630.0,"[4539.0,-2634.0,-4630.0,2544.0]",5578.833306985,,,,,
pose,,,-2.1539537819240593,,,5578.833769994,,,,3.522918274333942,-0.10240083406811594
wheel_odom,,,,,,5578.851152658,0.446,-1.949,0.03595378259108319,,
pose,,,-1.930110784367473,,,5578.85181456,,,,3.5268215953784003,-0.13722627845536312
cmd,,,,,,5578.867741299,0.6146623492240906,-2.1289656162261963,0.006507670972496271,,
wheel_odom,,,,,,5578.870220564,0.435,-1.956,0.019198621771937627,,
pose,,,-2.968814944944729,,,5578.870608471,,,,3.5364445746163002,-0.19302926121766414
diagnostics,4072.0,"[4072.0,-2587.0,-4050.0,2481.0]",,4688.0,"[4606.0,-2645.0,-4688.0,2563.0]",5578.89005601,,,,,
pose,,,0.20713030839660432,,,5578.890507781,,,,3.5335356640200404,-0.1889075762464481
wheel_odom,,,,,,5578.910411591,0.474,-2.017,0.09459684545809266,,
pose,,,-1.86125480021125,,,5578.910822886,,,,3.5382489490245694,-0.22672022572076483
cmd,,,,,,5578.917623933,0.6003918647766113,-2.108020305633545,0.007271251641213894,,
diagnostics,4221.0,"[4120.0,-2618.0,-4221.0,2511.0]",,4670.0,"[4593.0,-2594.0,-4670.0,2517.0]",5578.930334941,,,,,
wheel_odom,,,,,,5578.9306542,0.469,-1.997,0.07033676885537149,,
pose,,,-2.6379507871191317,,,5578.931036176,,,,3.5461362696109644,-0.2800428660285378
wheel_odom,,,,,,5578.951377286,0.482,-1.991,0.06579891280018622,,
pose,,,-1.8207120908126133,,,5578.952056345,,,,3.5513690988407616,-0.31830698045957734
cmd,,,,,,5578.967925882,0.6003918647766113,-2.108020305633545,0.007271251641213894,,
wheel_odom,,,,,,5578.971199787,0.498,-1.994,0.04014257279586958,,
pose,,,-2.9307498669137946,,,5578.971911938,,,,3.5630471377641775,-0.37649353147572756
diagnostics,4239.0,"[4239.0,-2600.0,-4179.0,2460.0]",,4668.0,"[4595.0,-2592.0,-4668.0,2519.0]",5578.990981586,,,,,
pose,,,0.11949948437648115,,,5578.991990567,,,,3.5604254753243967,-0.37409394358966314
wheel_odom,,,,,,5579.010422523,0.498,-2.03,0.06876597252857658,,
pose,,,-2.0785023090599464,,,5579.010783824,,,,3.566314923141655,-0.41316696647252704
cmd,,,,,,5579.017583323,0.6005108952522278,-2.045703887939453,0.006453965324908495,,
wheel_odom,,,,,,5579.030140538,0.49,-2.013,0.04852015320544236,,
diagnostics,4282.0,"[4222.0,-2627.0,-4282.0,2532.0]",,4606.0,"[4535.0,-2581.0,-4606.0,2510.0]",5579.030410726,,,,,
pose,,,-2.8703305348458312,,,5579.030499432,,,,3.576010140265909,-0.46975734988763984
wheel_odom,,,,,,5579.05169901,0.504,-2.037,0.04904375198104066,,
pose,,,-2.5368209643209223,,,5579.052394182,,,,3.5858807076777084,-0.5252907809235721
cmd,,,,,,5579.067720811,0.5855733752250671,-2.017083168029785,0.0060427552089095116,,
wheel_odom,,,,,,5579.070638393,0.517,-2.011,0.02897246558310587,,
pose,,,-2.1271645632736953,,,5579.071160872,,,,3.594524185695381,-0.5652129672498295
diagnostics,4259.0,"[4225.0,-2551.0,-4259.0,2452.0]",,4502.0,"[4434.0,-2473.0,-4502.0,2405.0]",5579.090094948,,,,,
pose,,,0.09576686517424808,,,5579.090542904,,,,3.592341732355181,-0.5633567842770302
wheel_odom,,,,,,5579.110559846,0.492,-1.976,0.034732052114687155,,
pose,,,-2.736281817221332,,,5579.110959729,,,,3.602674956510929,-0.6192251822052228
cmd,,,,,,5579.117918367,0.5748515725135803,-1.907083168029785,0.005642603617161512,,
wheel_odom,,,,,,5579.130317479,0.506,-1.984,0.06911503837897545,,
diagnostics,4280.0,"[4189.0,-2516.0,-4280.0,2465.0]",,4500.0,"[4435.0,-2471.0,-4500.0,2406.0]",5579.130993865,,,,,
pose,,,-1.8720158374931766,,,5579.131487698,,,,3.609515162527658,-0.6576529704619584
wheel_odom,,,,,,5579.150556771,0.526,-1.974,0.03316125578789226,,
pose,,,-2.8944641307190127,,,5579.150931993,,,,3.620832030460288,-0.7139352408026788
cmd,,,,,,5579.167730691,0.538794219493866,-1.861241102218628,0.00532804150134325,,
wheel_odom,,,,,,5579.170776946,0.533,-1.908,0.030543261909900768,,
pose,,,-1.8751259763224652,,,5579.171587933,,,,3.6299787181300056,-0.7526613212799157
diagnostics,4083.0,"[4078.0,-2369.0,-4083.0,2276.0]",,4220.0,"[4159.0,-2278.0,-4220.0,2218.0]",5579.190354976,,,,,
pose,,,0.05133529289870125,,,5579.190846455,,,,3.6285354921308093,-0.7516725811051426
wheel_odom,,,,,,5579.210294419,0.532,-1.905,0.045727626402251434,,
pose,,,-2.788954291850909,,,5579.210700506,,,,3.640742042661174,-0.8070482530704611
cmd,,,,,,5579.217643468,0.4882410764694214,-1.7512411022186278,0.004125205799937248,,
wheel_odom,,,,,,5579.230241129,0.548,-1.907,0.053581608036225914,,
diagnostics,4173.0,"[4128.0,-2353.0,-4173.0,2257.0]",,4219.0,"[4160.0,-2278.0,-4219.0,2218.0]",5579.230650044,,,,,
pose,,,-1.8728673453127898,,,5579.230818394,,,,3.649091999540594,-0.8447264896972887
wheel_odom,,,,,,5579.250514505,0.53,-1.894,0.08970992355250854,,
pose,,,-2.8221866439428305,,,5579.250911852,,,,3.6620519704582457,-0.9014345655112422
cmd,,,,,,5579.268043533,0.4882410764694214,-1.715942621231079,0.004125205799937248,,
wheel_odom,,,,,,5579.27078942,0.537,-1.899,0.04485496177625427,,
pose,,,-1.8671773029580567,,,5579.271426668,,,,3.6715907591792383,-0.9397324072175608
diagnostics,4179.0,"[4111.0,-2334.0,-4179.0,2247.0]",,4078.0,"[4024.0,-2258.0,-4078.0,2204.0]",5579.290140759,,,,,
pose,,,0.03701113115601885,,,5579.290397668,,,,3.6705966519868816,-0.9390300705947109
wheel_odom,,,,,,5579.310330506,0.503,-1.853,0.032637657012293965,,
pose,,,-2.76974781366609,,,5579.31075646,,,,3.683666720151781,-0.9954141010418216
cmd,,,,,,5579.31773257,0.49118316173553467,-1.605942621231079,0.003100832225754857,,
wheel_odom,,,,,,5579.330245304,0.522,-1.85,0.0778416846389471,,
diagnostics,4058.0,"[3952.0,-2256.0,-4058.0,2230.0]",,3745.0,"[3695.0,-2097.0,-3745.0,2048.0]",5579.330547748,,,,,
pose,,,-1.8796978534114182,,,5579.330676465,,,,3.6923162890839563,-1.032859020627372
wheel_odom,,,,,,5579.350563458,0.516,-1.83,0.051487212933832724,,
pose,,,-2.7606404756088305,,,5579.351028318,,,,3.705755047411499,-1.0890381895766132
cmd,,,,,,5579.367859827,0.49812814593315125,-1.564926266670227,0.002171645872294903,,
wheel_odom,,,,,,5579.370693798,0.506,-1.821,0.0041887902047863905,,
pose,,,-1.827983813052854,,,5579.371311564,,,,3.7150419463422244,-1.1261120813395238
diagnostics,3974.0,"[3890.0,-2221.0,-3974.0,2165.0]",,3742.0,"[3698.0,-2095.0,-3742.0,2050.0]",5579.390216931,,,,,
pose,,,-0.0783471582755962,,,5579.390666807,,,,3.714753527249531,-1.12762871458252
wheel_odom,,,,,,5579.410850109,0.504,-1.755,0.032637657012293965,,
pose,,,-2.6444237586085797,,,5579.411430344,,,,3.7281685504578626,-1.1825335073378398
cmd,,,,,,5579.417709499,0.5702039003372192,-1.454926266670227,0.0029476608615368605,,
wheel_odom,,,,,,5579.430504338,0.494,-1.728,0.08499753457212385,,
diagnostics,3828.0,"[3716.0,-2081.0,-3828.0,2065.0]",,3502.0,"[3462.0,-1820.0,-3502.0,1781.0]",5579.430917349,,,,,
pose,,,-1.8936597476981738,,,5579.431098975,,,,3.7370213427327785,-1.2197814915886533
wheel_odom,,,,,,5579.450659389,0.505,-1.711,0.04642575810304917,,
pose,,,-2.6640071779303405,,,5579.451241199,,,,3.750381331042841,-1.2734405262338637
cmd,,,,,,5579.467994782,0.5702039003372192,-1.4044986963272095,0.0029476608615368605,,
wheel_odom,,,,,,5579.471279194,0.509,-1.695,0.06702064327658225,,
pose,,,-1.6907460614693708,,,5579.471954802,,,,3.7598336454797048,-1.3084554933673824
diagnostics,3719.0,"[3710.0,-1970.0,-3719.0,2004.0]",,3501.0,"[3463.0,-1819.0,-3501.0,1782.0]",5579.490334435,,,,,
pose,,,-0.07002464203119907,,,5579.490820777,,,,3.7595014978964456,-1.3097767807051361
pose,,,0.0,,,5579.510230516,,,,3.7595014978964456,-1.3097767807051361
cmd,,,,,,5579.51773899,0.6522579789161682,-1.2944986963272094,0.0056718215346336365,,
wheel_odom,,,,,,5579.530435878,0.548,-1.613,0.011344640137963142,,
pose,,,-2.488938122639847,,,5579.530956693,,,,3.7735591358596676,-1.3613635053203188
wheel_odom,,,,,,5579.550699082,0.555,-1.601,0.0,,
diagnostics,3625.0,"[3580.0,-1786.0,-3625.0,1743.0]",,3350.0,"[3314.0,-1425.0,-3350.0,1389.0]",5579.55119931,,,,,
pose,,,-1.683657042274914,,,5579.551601188,,,,3.7833805335977115,-1.3961219129748004
cmd,,,,,,5579.567676467,0.6990668177604675,-1.1844986963272093,0.006252627819776535,,
wheel_odom,,,,,,5579.571082,0.545,-1.567,0.038571776469074684,,
pose,,,-2.4891217152545755,,,5579.571684319,,,,3.797914976112973,-1.4461038827436408
wheel_odom,,,,,,5579.590294695,0.536,-1.549,0.010471975511965976,,
pose,,,-1.761003852075727,,,5579.59073861,,,,3.8075282941782738,-1.4796678113860897
diagnostics,3568.0,"[3490.0,-1739.0,-3568.0,1718.0]",,3350.0,"[3314.0,-1425.0,-3350.0,1390.0]",5579.610171655,,,,,
pose,,,0.0,,,5579.610885926,,,,3.8075282941782738,-1.4796678113860897
cmd,,,,,,5579.619189021,0.6990668177604675,-1.0950064659118652,0.006252627819776535,,
wheel_odom,,,,,,5579.630547695,0.557,-1.405,0.04852015320544236,,
pose,,,-2.399766116862731,,,5579.630967019,,,,3.822396651653035,-1.5278633774068302
wheel_odom,,,,,,5579.650319786,0.547,-1.24,0.0041887902047863905,,
diagnostics,3108.0,"[2961.0,-1061.0,-3108.0,1224.0]",,2560.0,"[2527.0,-673.0,-2560.0,640.0]",5579.650746392,,,,,
pose,,,-1.4770245183535073,,,5579.650919251,,,,3.8321077593056807,-1.5573329026540905
cmd,,,,,,5579.667816232,0.8043725490570068,-0.9850064659118652,0.008684929460287094,,
wheel_odom,,,,,,5579.671221769,0.587,-1.177,-0.016755160819145562,,
pose,,,-2.070344952366716,,,5579.672021895,,,,3.8474861997091936,-1.601021752471158
wheel_odom,,,,,,5579.690628843,0.553,-1.09,-0.031066860685499065,,
pose,,,-1.3970431682205382,,,5579.691220835,,,,3.8573610661152116,-1.6278445649810684
diagnostics,2980.0,"[2647.0,-666.0,-2980.0,1063.0]",,2241.0,"[2208.0,-590.0,-2241.0,557.0]",5579.709907201,,,,,
pose,,,0.0,,,5579.710293362,,,,3.8573610661152116,-1.6278445649810684
cmd,,,,,,5579.717573096,0.8375068306922913,-0.8750064659118653,0.00955939944833517,,
wheel_odom,,,,,,5579.730341692,0.549,-1.105,-0.038571776469074684,,
pose,,,-1.990774555131012,,,5579.730675368,,,,3.8724053515657255,-1.6684183361394054
wheel_odom,,,,,,5579.75111649,0.558,-0.92,-0.01972222054753592,,
diagnostics,2620.0,"[2255.0,-375.0,-2620.0,732.0]",,1813.0,"[1813.0,-182.0,-1813.0,182.0]",5579.751710459,,,,,
pose,,,-1.1072178887561095,,,5579.752373271,,,,3.8822265889283094,-1.6924378006261687
cmd,,,,,,5579.767611892,0.8625896573066711,-0.7650064659118653,0.011189321987330914,,
wheel_odom,,,,,,5579.771032816,0.547,-0.833,-0.06824237375297829,,
pose,,,-1.8467665251533087,,,5579.771508372,,,,3.8971434693795404,-1.7277853902298907
wheel_odom,,,,,,5579.790222971,0.552,-0.863,-0.11135200627723822,,
pose,,,-1.7307502030883042,,,5579.790603173,,,,3.911721549622952,-1.7608328071017885
diagnostics,2537.0,"[2199.0,-222.0,-2537.0,759.0]",,1813.0,"[1813.0,-182.0,-1813.0,182.0]",5579.81022697,,,,,
pose,,,0.0,,,5579.810931755,,,,3.911721549622952,-1.7608328071017885
cmd,,,,,,5579.817915879,0.8625896573066711,-0.6550064659118653,0.011189321987330914,,
wheel_odom,,,,,,5579.830964982,0.556,-0.768,-0.024783675378319478,,
pose,,,-1.0018337036323315,,,5579.831705147,,,,3.9213177377321937,-1.7816428987971369
wheel_odom,,,,,,5579.851021619,0.545,-0.727,0.0012217304763960308,,
diagnostics,2428.0,"[1906.0,-63.0,-2428.0,527.0]",,1649.0,"[1649.0,99.0,-1649.0,-99.0]",5579.851590203,,,,,
pose,,,-1.4665384615694637,,,5579.851833171,,,,3.9358002645410326,-1.811163449838765
cmd,,,,,,5579.867713883,0.8818589448928833,-0.5450064659118653,0.013189953751862049,,
wheel_odom,,,,,,5579.870295009,0.555,-0.675,0.03682644721708035,,
pose,,,-0.9925046739434804,,,5579.870660152,,,,3.945319602415008,-1.8298513163741141
wheel_odom,,,,,,5579.890204816,0.532,-0.628,0.05445427266222309,,
pose,,,-1.3132740217234917,,,5579.890611694,,,,3.9595568190616093,-1.8560532579849307
diagnostics,2168.0,"[1789.0,20.0,-2168.0,303.0]",,1649.0,"[1649.0,99.0,-1649.0,-99.0]",5579.910065256,,,,,
pose,,,0.0,,,5579.910694271,,,,3.9595568190616093,-1.8560532579849307
cmd,,,,,,5579.917874426,0.8818589448928833,-0.4350064659118653,0.013189953751862049,,
wheel_odom,,,,,,5579.930616709,0.492,-0.61,0.05061454830783556,,
pose,,,-0.8250262049818952,,,5579.931194154,,,,3.968095766902215,-1.8729673157442563
wheel_odom,,,,,,5579.950218379,0.525,-0.56,0.04817108735504349,,
diagnostics,1988.0,"[1684.0,96.0,-1988.0,223.0]",,1633.0,"[1633.0,319.0,-1553.0,-240.0]",5579.950650049,,,,,
pose,,,-1.1906277402568575,,,5579.950814377,,,,3.9818641017318512,-1.8963299823328543
cmd,,,,,,5579.967694279,0.8808531165122986,-0.3250064659118653,0.012466435320675373,,
wheel_odom,,,,,,5579.970502662,0.538,-0.552,0.0029670597283903604,,
pose,,,-0.7535257207999269,,,5579.970870995,,,,3.990701437045903,-1.91144328344649
wheel_odom,,,,,,5579.991808608,0.513,-0.545,0.053581608036225914,,
pose,,,-0.9767187783506384,,,5579.992542917,,,,4.004309679180169,-1.9326072429946075
diagnostics,1880.0,"[1630.0,0.0,-1880.0,115.0]",,1748.0,"[1748.0,458.0,-1624.0,-334.0]",5580.009970168,,,,,
pose,,,0.0,,,5580.010443346,,,,4.004309679180169,-1.9326072429946075
cmd,,,,,,5580.017574095,0.8603090047836304,-0.2150064659118653,0.008923904970288277,,
wheel_odom,,,,,,5580.030409281,0.505,-0.513,0.03735004599267865,,
pose,,,-0.6876966108327658,,,5580.030930081,,,,4.012934172456586,-1.9466962925206446
diagnostics,1787.0,"[1787.0,2.0,-1742.0,-26.0]",,1924.0,"[1924.0,769.0,-1755.0,-600.0]",5580.050442681,,,,,
wheel_odom,,,,,,5580.050767614,0.521,-0.515,-0.003839724354387525,,
pose,,,-0.9331121719036544,,,5580.051172038,,,,4.026573703392912,-1.965584341639125
cmd,,,,,,5580.067862211,0.8603090047836304,-0.1050064659118653,0.008923904970288277,,
wheel_odom,,,,,,5580.070875936,0.548,-0.514,-0.09756390518648302,,
pose,,,-0.8865007489137832,,,5580.071374836,,,,4.0404503954987225,-1.9834952728037343
wheel_odom,,,,,,5580.090153137,0.602,-0.495,-0.14486232791552936,,
diagnostics,1914.0,"[1914.0,244.0,-1760.0,-172.0]",,2137.0,"[2137.0,1040.0,-1933.0,-836.0]",5580.090503662,,,,,
pose,,,-0.566937477338188,,,5580.09072912,,,,4.049752600731326,-1.9944682172820312
wheel_odom,,,,,,5580.11041784,0.625,-0.415,-0.11938052083641214,,
pose,,,-0.7205573511887771,,,5580.110652818,,,,4.068435470249488,-2.0088243576779337
cmd,,,,,,5580.117560931,0.8345347046852112,0.004993534088134716,0.0016219558892771602,,
pose,,,-0.0449886714473697,,,5580.130636871,,,,4.06533149342998,-2.009723362700376
wheel_odom,,,,,,5580.150273512,0.647,-0.365,-0.11100294042683936,,
diagnostics,1851.0,"[1851.0,577.0,-1557.0,-438.0]",,1735.0,"[1735.0,1381.0,-1522.0,-1167.0]",5580.150556843,,,,,
pose,,,-0.43365204311448335,,,5580.150948906,,,,4.075636528377921,-2.0185320980573342
cmd,,,,,,5580.167588647,0.8529978394508362,0.11499353408813473,-0.0004901743959635496,,
wheel_odom,,,,,,5580.170475162,0.675,-0.328,-0.23003439541285262,,
pose,,,-0.6260253362626699,,,5580.171119555,,,,4.092602297641137,-2.031158478187451
wheel_odom,,,,,,5580.190378191,0.666,-0.269,-0.268082573106329,,
diagnostics,1646.0,"[1646.0,832.0,-1421.0,-576.0]",,1517.0,"[1501.0,1517.0,-1301.0,-1318.0]",5580.19067506,,,,,
pose,,,-0.3661230794164868,,,5580.190964594,,,,4.103660397947044,-2.03842438657434
wheel_odom,,,,,,5580.210065189,0.689,-0.265,-0.20699604928652748,,
pose,,,-0.49103498035335463,,,5580.210404574,,,,4.12426942345744,-2.0479704183992427
cmd,,,,,,5580.217625465,0.8230417370796204,0.22499353408813474,-0.0038335327990353107,,
pose,,,-0.04715242972031704,,,5580.230457109,,,,4.121317804835127,-2.0489158425802176
wheel_odom,,,,,,5580.250458485,0.753,-0.163,-0.30700341542580256,,
diagnostics,1571.0,"[1571.0,1280.0,-1472.0,-666.0]",,1652.0,"[1388.0,1652.0,-1207.0,-1470.0]",5580.250863987,,,,,
pose,,,-0.2703550525434832,,,5580.251036539,,,,4.1335903379834305,-2.0544798709511407
cmd,,,,,,5580.267693804,0.8374481201171875,0.2634408175945282,-0.0033837086521089077,,
wheel_odom,,,,,,5580.27068984,0.773,-0.126,-0.28361600344907856,,
pose,,,-0.3759089650647151,,,5580.27105751,,,,4.152914069108918,-2.0620066036849924
diagnostics,1469.0,"[1399.0,1469.0,-1417.0,-898.0]",,1795.0,"[1184.0,1795.0,-1023.0,-1634.0]",5580.290114359,,,,,
wheel_odom,,,,,,5580.290330842,0.781,-0.078,-0.2593559268463574,,
pose,,,-0.2012114387654022,,,5580.290564465,,,,4.165720827896986,-2.0659315808939214
wheel_odom,,,,,,5580.310152923,0.756,-0.034,-0.22619467105846514,,
pose,,,-0.19385678249199387,,,5580.31040558,,,,4.18828079317005,-2.0697779578696403
cmd,,,,,,5580.317650973,0.826309859752655,0.32489901781082153,-0.005181468557566404,,
pose,,,-0.0683091613143089,,,5580.330513818,,,,4.185307964474464,-2.0711513488053646
wheel_odom,,,,,,5580.350241789,0.754,-0.023,-0.1457349925415265,,
diagnostics,1452.0,"[1272.0,1452.0,-1267.0,-1041.0]",,1930.0,"[1042.0,1930.0,-895.0,-1783.0]",5580.350582231,,,,,
pose,,,-0.1369276360017581,,,5580.350686725,,,,4.197749565140423,-2.0739138270281967
cmd,,,,,,5580.367703917,0.8503236174583435,0.3375571072101593,-0.00445938017219305,,
wheel_odom,,,,,,5580.370429664,0.776,0.062,-0.22706733568446227,,
pose,,,-0.14318208144332237,,,5580.370798571,,,,4.217320750361767,-2.0767933137588854
wheel_odom,,,,,,5580.390363745,0.748,0.051,-0.24748768793279594,,
diagnostics,1565.0,"[1132.0,1565.0,-1156.0,-1038.0]",,2017.0,"[920.0,2017.0,-771.0,-1868.0]",5580.39076737,,,,,
pose,,,-0.06649230006649033,,,5580.390919565,,,,4.229505542900547,-2.0781312305290816
wheel_odom,,,,,,5580.410283408,0.762,0.122,-0.20612338466053032,,
pose,,,0.03899073381258941,,,5580.41069039,,,,4.251977938732285,-2.0773603486689045
cmd,,,,,,5580.41774274,0.8503236174583435,0.3375571072101593,-0.00445938017219305,,
pose,,,-0.0919304390036879,,,5580.430260785,,,,4.248981593457991,-2.0791595094540503
wheel_odom,,,,,,5580.450354113,0.743,0.108,-0.2181661564992912,,
diagnostics,1747.0,"[1004.0,1747.0,-1112.0,-1210.0]",,2083.0,"[942.0,2083.0,-785.0,-1927.0]",5580.450779429,,,,,
pose,,,-0.006902849513751625,,,5580.4511449,,,,4.26077440650744,-2.0793036637105935
cmd,,,,,,5580.467678617,0.8816884756088257,0.34598398208618164,-0.005864300765097141,,
wheel_odom,,,,,,5580.470287608,0.737,0.124,-0.09965830028887622,,
pose,,,0.015030756900299716,,,5580.47080105,,,,4.2795843545969445,-2.0790082208364096
wheel_odom,,,,,,5580.490353528,0.736,0.139,-0.12479104151759457,,
diagnostics,1602.0,"[1006.0,1602.0,-1001.0,-1306.0]",,2090.0,"[948.0,2090.0,-779.0,-1920.0]",5580.490786763,,,,,
pose,,,0.044731663938796185,,,5580.490973258,,,,4.2910809749382395,-2.078105874611014
wheel_odom,,,,,,5580.510349843,0.715,0.116,-0.0942477796076938,,
pose,,,0.15054221736148263,,,5580.510725464,,,,4.312542375337035,-2.075132216750658
cmd,,,,,,5580.517757271,0.8816884756088257,0.34598398208618164,-0.005864300765097141,,
pose,,,-0.07487520401450751,,,5580.530466225,,,,4.309435759412466,-2.076610153993392
diagnostics,1483.0,"[1029.0,1483.0,-852.0,-1375.0]",,2164.0,"[996.0,2164.0,-813.0,-1981.0]",5580.550407336,,,,,
wheel_odom,,,,,,5580.55080934,0.7,0.133,-0.12566370614359174,,
pose,,,0.07380763884410398,,,5580.55119001,,,,4.320730833936335,-2.075081059735244
cmd,,,,,,5580.567783685,0.880946159362793,0.2984864115715027,-0.004241893999278545,,
wheel_odom,,,,,,5580.570371641,0.724,0.162,-0.12391837689159739,,
pose,,,0.15319918079201525,,,5580.570594783,,,,4.338784383912653,-2.072106802888113
wheel_odom,,,,,,5580.590262526,0.721,0.168,-0.10471975511965978,,
diagnostics,1544.0,"[1000.0,1544.0,-873.0,-1392.0]",,2167.0,"[999.0,2167.0,-810.0,-1978.0]",5580.590610918,,,,,
pose,,,0.13257413341407623,,,5580.590898255,,,,4.350327441998928,-2.069415170541184
wheel_odom,,,,,,5580.610468981,0.734,0.181,-0.12356931104119853,,
pose,,,0.2639923127664527,,,5580.610772654,,,,4.371520347620342,-2.064168371635645
cmd,,,,,,5580.617542225,0.880946159362793,0.2984864115715027,-0.004241893999278545,,
pose,,,-0.04852728271392837,,,5580.630313688,,,,4.368647030367017,-2.0651164873975247
diagnostics,1682.0,"[1002.0,1682.0,-848.0,-1442.0]",,2083.0,"[1077.0,2083.0,-891.0,-1897.0]",5580.650282779,,,,,
wheel_odom,,,,,,5580.650598833,0.749,0.18,-0.18011797880581482,,
pose,,,0.17026972472246482,,,5580.650982122,,,,4.380783693586046,-2.0615969173472912
cmd,,,,,,5580.667709731,0.8470297455787659,0.2664317786693573,-0.003752696793526411,,
wheel_odom,,,,,,5580.670626233,0.762,0.182,-0.11309733552923257,,
pose,,,0.2650086779189261,,,5580.671040104,,,,4.399917443745018,-2.0562814570281565
wheel_odom,,,,,,5580.690343887,0.757,0.204,-0.19181168479417682,,
diagnostics,1732.0,"[989.0,1732.0,-852.0,-1493.0]",,2077.0,"[1071.0,2077.0,-896.0,-1902.0]",5580.690608926,,,,,
pose,,,0.21553792130223132,,,5580.690696632,,,,4.412482422883882,-2.0520443748521306
wheel_odom,,,,,,5580.710245455,0.771,0.214,-0.14748032179352083,,
pose,,,0.34235152387830303,,,5580.71058774,,,,4.434547606978315,-2.045235057133616
cmd,,,,,,5580.717521494,0.7939590811729431,0.2764108180999756,-0.004323773551732302,,
pose,,,-0.021380614805903753,,,5580.730362196,,,,4.432131768233415,-2.045657839570224
wheel_odom,,,,,,5580.750258827,0.754,0.208,-0.14119713648634125,,
diagnostics,1743.0,"[996.0,1743.0,-877.0,-1536.0]",,1958.0,"[1060.0,1958.0,-900.0,-1799.0]",5580.750608904,,,,,
pose,,,0.23379500154108615,,,5580.750757263,,,,4.444991169346149,-2.040889290087202
cmd,,,,,,5580.767735667,0.7737494707107544,0.2758243978023529,-0.00521682808175683,,
wheel_odom,,,,,,5580.770451317,0.724,0.237,-0.17558012275062956,,
pose,,,0.3578567852711835,,,5580.77070059,,,,4.464508720585701,-2.0337521181383695
wheel_odom,,,,,,5580.790098944,0.758,0.214,-0.13648474750595657,,
diagnostics,1718.0,"[935.0,1718.0,-789.0,-1547.0]",,1877.0,"[945.0,1877.0,-803.0,-1735.0]",5580.790447236,,,,,
pose,,,0.35600741822665416,,,5580.790582761,,,,4.484086267003163,-2.0266742645230162
pose,,,0.0,,,5580.809935121,,,,4.484086267003163,-2.0266742645230162
cmd,,,,,,5580.817897536,0.7737494707107544,0.2758243978023529,-0.00521682808175683,,
wheel_odom,,,,,,5580.830478187,0.75,0.236,-0.17837264955382048,,
pose,,,0.24986008432266427,,,5580.831061074,,,,4.497296786520359,-2.021396538423606
wheel_odom,,,,,,5580.850148727,0.73,0.24,-0.10384709049366261,,
diagnostics,1686.0,"[916.0,1686.0,-794.0,-1614.0]",,1834.0,"[902.0,1834.0,-778.0,-1710.0]",5580.850430971,,,,,
pose,,,0.3873022498854605,,,5580.850527631,,,,4.516964801673757,-2.0138557624565467
cmd,,,,,,5580.867766374,0.7553312182426453,0.19428247213363647,-0.0065346164628863335,,
wheel_odom,,,,,,5580.870493432,0.735,0.227,-0.13997540600994524,,
pose,,,0.2651784784876117,,,5580.870811877,,,,4.530283822990388,-2.008476914285476
wheel_odom,,,,,,5580.890213871,0.733,0.223,-0.10681415022205297,,
diagnostics,1686.0,"[943.0,1686.0,-777.0,-1557.0]",,1827.0,"[895.0,1827.0,-785.0,-1717.0]",5580.890562137,,,,,
pose,,,0.3812486866994911,,,5580.890697742,,,,4.550495113410846,-2.0008954387390983
pose,,,0.0,,,5580.910062856,,,,4.550495113410846,-2.0008954387390983
cmd,,,,,,5580.917611983,0.7553312182426453,0.19428247213363647,-0.0065346164628863335,,
wheel_odom,,,,,,5580.930429189,0.728,0.217,-0.04642575810304917,,
pose,,,0.2523680402414603,,,5580.930827031,,,,4.563985802796562,-1.9956549457204387
diagnostics,1613.0,"[966.0,1613.0,-869.0,-1505.0]",,1650.0,"[995.0,1650.0,-898.0,-1553.0]",5580.950284152,,,,,
wheel_odom,,,,,,5580.950554134,0.728,0.206,-0.0825540736193318,,
pose,,,0.36312187520262307,,,5580.951135118,,,,4.584261336974253,-1.988280614389125
cmd,,,,,,5580.967701359,0.741524875164032,0.2121003270149231,-0.0061483317986130714,,
pose,,,0.0,,,5580.970226087,,,,4.584261336974253,-1.988280614389125
wheel_odom,,,,,,5580.990565457,0.726,0.191,-0.12531464029319286,,
pose,,,0.23167019712440073,,,5580.990987696,,,,4.5978657942485235,-1.9834705612261576
wheel_odom,,,,,,5581.010389539,0.72,0.21,-0.051487212933832724,,
diagnostics,1605.0,"[1004.0,1605.0,-831.0,-1524.0]",,1644.0,"[989.0,1644.0,-904.0,-1559.0]",5581.010842026,,,,,
pose,,,0.3586542539724409,,,5581.011017948,,,,4.618247027520391,-1.9762866924894609
cmd,,,,,,5581.018302311,0.7760419845581055,0.15634512901306152,-0.005048173014074564,,
wheel_odom,,,,,,5581.030089329,0.7,0.201,-0.09040805525330627,,
pose,,,0.24204177224739784,,,5581.030442051,,,,4.632196849978028,-1.9715851365936532
pose,,,0.00403484360567823,,,5581.050411539,,,,4.631636636915922,-1.9715045662542383
cmd,,,,,,5581.067757513,0.7394525408744812,0.104408860206604,-0.005948307923972607,,
wheel_odom,,,,,,5581.07033561,0.727,0.226,-0.1340412865531645,,
diagnostics,1590.0,"[922.0,1590.0,-754.0,-1568.0]",,1650.0,"[934.0,1650.0,-854.0,-1570.0]",5581.070586708,,,,,
pose,,,0.3553841466406344,,,5581.070689803,,,,4.6520803428192234,-1.9642971504467104
wheel_odom,,,,,,5581.090393481,0.731,0.178,-0.08587019919812101,,
pose,,,0.31563831123059133,,,5581.090801552,,,,4.672334848031254,-1.957949510607709
wheel_odom,,,,,,5581.110123465,0.71,0.167,-0.10053096491487337,,
diagnostics,1535.0,"[1006.0,1535.0,-928.0,-1478.0]",,1606.0,"[1079.0,1606.0,-1013.0,-1540.0]",5581.110374068,,,,,
pose,,,0.2002748286282839,,,5581.110457842,,,,4.6856840971839055,-1.9540124928055933
cmd,,,,,,5581.117569918,0.6959447860717773,0.06417804211378098,-0.007608614396303892,,
wheel_odom,,,,,,5581.130080553,0.714,0.168,-0.0439822971502571,,
pose,,,0.31217179158764935,,,5581.130328879,,,,4.706930887857236,-1.9478096698995169
pose,,,-0.017172223057088803,,,5581.150410417,,,,4.705790832329111,-1.9481544663469446
cmd,,,,,,5581.167753006,0.6309447860717774,-0.04582195788621904,-0.008499314077198505,,
wheel_odom,,,,,,5581.170450183,0.697,0.15,-0.055326937288220246,,
diagnostics,1462.0,"[996.0,1462.0,-850.0,-1384.0]",,1448.0,"[1097.0,1448.0,-1046.0,-1397.0]",5581.170861712,,,,,
pose,,,0.17617441643407442,,,5581.171027764,,,,4.71911450031732,-1.9445219290493618
wheel_odom,,,,,,5581.190531472,0.711,0.137,-0.034732052114687155,,
pose,,,0.2744186412132537,,,5581.190949221,,,,4.739532159507888,-1.9390551192187533
wheel_odom,,,,,,5581.210224009,0.671,0.132,-0.07714355293814937,,
diagnostics,1433.0,"[996.0,1433.0,-965.0,-1325.0]",,1305.0,"[1089.0,1305.0,-1043.0,-1259.0]",5581.210610089,,,,,
pose,,,0.16457750774070826,,,5581.210760332,,,,4.752562042810431,-1.9357945718457077
cmd,,,,,,5581.217670378,0.5659447860717775,-0.15557679533958435,-0.007785028778016567,,
wheel_odom,,,,,,5581.230274446,0.659,0.076,-0.04310963252425994,,
pose,,,0.21706042043319748,,,5581.230643648,,,,4.772805991946262,-1.9314787658010326
pose,,,-0.0045078503283476476,,,5581.250396441,,,,4.772353496444853,-1.9315678060778378
cmd,,,,,,5581.267596093,0.5009447860717775,-0.18916046619415283,-0.006915661972016096,,
wheel_odom,,,,,,5581.270272791,0.64,0.02,0.027227136331111543,,
diagnostics,1166.0,"[1048.0,1092.0,-994.0,-1166.0]",,1160.0,"[1160.0,1005.0,-1125.0,-970.0]",5581.27054145,,,,,
pose,,,0.09118249183251552,,,5581.270879987,,,,4.784990127332412,-1.9296999056514441
wheel_odom,,,,,,5581.290629789,0.656,0.04,-0.02181661564992912,,
pose,,,0.14821866688175767,,,5581.291051554,,,,4.804403327772826,-1.9267102620685654
diagnostics,1134.0,"[1094.0,1134.0,-1013.0,-1047.0]",,1196.0,"[1196.0,859.0,-1163.0,-825.0]",5581.310241246,,,,,
wheel_odom,,,,,,5581.310583915,0.643,0.015,-0.03944444109507184,,
pose,,,0.06700095366641984,,,5581.310996602,,,,4.81733959716185,-1.925373936757842
cmd,,,,,,5581.317836261,0.48392951488494873,-0.18916046619415283,-0.006915661972016096,,
wheel_odom,,,,,,5581.330386142,0.607,-0.017,-0.04485496177625427,,
pose,,,0.08520693612444465,,,5581.330776551,,,,4.836311260617419,-1.9236885881245147
pose,,,-0.0036655244605102314,,,5581.351039994,,,,4.836005778045915,-1.9237628582077078
cmd,,,,,,5581.367765902,0.41892951488494873,-0.2052793651819229,-0.00623408704996109,,
wheel_odom,,,,,,5581.370617552,0.585,-0.056,-0.0322885911618951,,
diagnostics,1091.0,"[1052.0,830.0,-1091.0,-840.0]",,1164.0,"[1164.0,526.0,-1164.0,-526.0]",5581.37104663,,,,,
pose,,,0.008689740042459634,,,5581.371215951,,,,4.848056547183291,-1.923587518605703
wheel_odom,,,,,,5581.390568704,0.561,-0.076,0.012915436464758038,,
pose,,,-0.0003453592628646946,,,5581.391011956,,,,4.865565737309488,-1.9235943527091415
diagnostics,1098.0,"[1098.0,820.0,-1072.0,-787.0]",,1136.0,"[1136.0,497.0,-1136.0,-497.0]",5581.410148456,,,,,
wheel_odom,,,,,,5581.410484065,0.541,-0.082,-0.0054105206811824215,,
pose,,,-0.04010859286357944,,,5581.410741993,,,,4.876795189120002,-1.9243860863853224
cmd,,,,,,5581.417533405,0.3732122480869293,-0.21242602169513702,-0.00566089665517211,,
wheel_odom,,,,,,5581.43012718,0.51,-0.115,0.015009831567151233,,
pose,,,-0.06256988668575503,,,5581.430410199,,,,4.893204753412851,-1.9256166666171857
wheel_odom,,,,,,5581.45150051,0.508,-0.121,-0.016755160819145562,,
pose,,,-0.07231663549334308,,,5581.452271724,,,,4.903366000219139,-1.9271972445302823
cmd,,,,,,5581.467764408,0.3732122480869293,-0.21242602169513702,-0.00566089665517211,,
diagnostics,1088.0,"[1088.0,657.0,-1028.0,-626.0]",,1053.0,"[1053.0,361.0,-1053.0,-361.0]",5581.469938671,,,,,
pose,,,-0.016049360583049597,,,5581.470611005,,,,4.903427697983223,-1.9274916342922082
wheel_odom,,,,,,5581.490565678,0.455,-0.144,-0.014311699866353502,,
pose,,,-0.12723981108618676,,,5581.49097627,,,,4.918197803935751,-1.9300829281397942
wheel_odom,,,,,,5581.510217185,0.421,-0.151,0.023911010752322315,,
diagnostics,1024.0,"[1014.0,431.0,-1024.0,-467.0]",,987.0,"[987.0,271.0,-987.0,-271.0]",5581.510611077,,,,,
pose,,,-0.1258420494526361,,,5581.510759797,,,,4.927278949197344,-1.932572627389764
cmd,,,,,,5581.517566364,0.34087035059928894,-0.20587199926376343,-0.005359248723834753,,
wheel_odom,,,,,,5581.530372882,0.436,-0.18,-0.015009831567151233,,
pose,,,-0.20144994005016958,,,5581.530742977,,,,4.94101963455262,-1.936598228939083
wheel_odom,,,,,,5581.550328842,0.432,-0.181,-0.013788101090755204,,
pose,,,-0.14571192131365604,,,5581.550716046,,,,4.94986707256025,-1.9395085771484701
cmd,,,,,,5581.567702039,0.28935855627059937,-0.18720091879367828,-0.004122712183743715,,
diagnostics,1027.0,"[1027.0,412.0,-1007.0,-413.0]",,987.0,"[987.0,271.0,-987.0,-271.0]",5581.570050066,,,,,
pose,,,-0.019631927216657304,,,5581.570454545,,,,4.949880137582784,-1.9398960681033246
wheel_odom,,,,,,5581.590555797,0.387,-0.192,-0.032637657012293965,,
pose,,,-0.2361547093022403,,,5581.590966836,,,,4.962504781032322,-1.9447401460000255
wheel_odom,,,,,,5581.610247172,0.368,-0.208,0.020943951023931952,,
diagnostics,990.0,"[962.0,284.0,-990.0,-273.0]",,923.0,"[923.0,227.0,-923.0,-227.0]",5581.610629124,,,,,
pose,,,-0.19859562514286988,,,5581.610780923,,,,4.970254100807342,-1.9486752776000384
cmd,,,,,,5581.617655995,0.3089336156845093,-0.20131082832813263,-0.0034984867088496685,,
wheel_odom,,,,,,5581.630466643,0.343,-0.194,-0.02897246558310587,,
pose,,,-0.28403948772283494,,,5581.630879917,,,,4.981540680135715,-1.9543839549196962
wheel_odom,,,,,,5581.650338112,0.329,-0.207,0.0017453292519943296,,
pose,,,-0.18793813433480727,,,5581.650768892,,,,4.988493982224964,-1.9581218929334634
cmd,,,,,,5581.667693314,0.3241313099861145,-0.19949394464492798,-0.003180357627570629,,
diagnostics,864.0,"[864.0,223.0,-856.0,-237.0]",,803.0,"[803.0,172.0,-803.0,-172.0]",5581.670056339,,,,,
pose,,,-0.03021498656380467,,,5581.670458226,,,,4.988449711735203,-1.9587168019677574
wheel_odom,,,,,,5581.690413979,0.35,-0.193,0.02548180707911721,,
pose,,,-0.2883619163648511,,,5581.690819755,,,,4.999064286052111,-1.9645883970307632
wheel_odom,,,,,,5581.71060482,0.33,-0.211,-0.03735004599267865,,
diagnostics,929.0,"[929.0,188.0,-867.0,-258.0]",,860.0,"[860.0,182.0,-860.0,-182.0]",5581.711039038,,,,,
pose,,,-0.21905473198822828,,,5581.711210022,,,,5.00597078851999,-1.969055008447371
cmd,,,,,,5581.717714922,0.31526297330856323,-0.1844026744365692,-0.003041755175217986,,
wheel_odom,,,,,,5581.730807751,0.312,-0.207,-0.023911010752322315,,
pose,,,-0.3041689439199557,,,5581.731518188,,,,5.015856894103372,-1.9752309188645578
wheel_odom,,,,,,5581.750199355,0.321,-0.226,0.051487212933832724,,
pose,,,-0.22088687615007324,,,5581.750599834,,,,5.022379371187478,-1.9794466560018895
cmd,,,,,,5581.767661213,0.31526297330856323,-0.1844026744365692,-0.003041755175217986,,
diagnostics,906.0,"[906.0,150.0,-875.0,-166.0]",,882.0,"[882.0,211.0,-882.0,-211.0]",5581.770260111,,,,,
pose,,,-0.01955344683167946,,,5581.770801319,,,,5.022434203509629,-1.979841663608868
wheel_odom,,,,,,5581.790322176,0.312,-0.202,0.06579891280018622,,
pose,,,-0.3121876841812813,,,5581.790653383,,,,5.031900218154101,-1.9860395026012074
wheel_odom,,,,,,5581.810274523,0.296,-0.175,0.06492624817418906,,
diagnostics,841.0,"[841.0,169.0,-731.0,-214.0]",,842.0,"[842.0,221.0,-842.0,-221.0]",5581.810560831,,,,,
pose,,,-0.28679304861469335,,,5581.810652899,,,,5.0408024021358795,-1.9917755907134056
cmd,,,,,,5581.817692332,0.3030771017074585,-0.1624760925769806,-0.002629802329465747,,
wheel_odom,,,,,,5581.83103295,0.293,-0.192,-0.025132741228718343,,
pose,,,-0.19420895495727644,,,5581.831630566,,,,5.046618054031774,-1.9958492591015349
wheel_odom,,,,,,5581.85048741,0.288,-0.187,0.023387411976724018,,
pose,,,-0.29894165847706916,,,5581.850822834,,,,5.055540032205396,-2.0015869737018703
cmd,,,,,,5581.867718307,0.3041994869709015,-0.15947574377059937,-0.00295005994848907,,
diagnostics,825.0,"[801.0,165.0,-825.0,-224.0]",,842.0,"[842.0,221.0,-842.0,-221.0]",5581.870058852,,,,,
pose,,,0.004610597059192071,,,5581.870597637,,,,5.055193229271672,-2.0014957989237154
wheel_odom,,,,,,5581.890666208,0.294,-0.188,0.016755160819145562,,
pose,,,-0.18949879432052114,,,5581.891182002,,,,5.06081429633179,-2.005396196894553
wheel_odom,,,,,,5581.91086046,0.261,-0.165,0.029670597283903602,,
diagnostics,807.0,"[807.0,150.0,-745.0,-183.0]",,784.0,"[784.0,238.0,-784.0,-238.0]",5581.911494684,,,,,
pose,,,-0.2612701988760126,,,5581.912045101,,,,5.068823714787462,-2.010846342361763
cmd,,,,,,5581.917903062,0.3041994869709015,-0.15947574377059937,-0.00295005994848907,,
wheel_odom,,,,,,5581.930774522,0.276,-0.19,0.014660765716752368,,
pose,,,-0.20475417442560873,,,5581.931433984,,,,5.074262924799884,-2.0148168251545573
wheel_odom,,,,,,5581.950330685,0.119,-0.103,0.012217304763960306,,
pose,,,-0.23892877607244906,,,5581.950678175,,,,5.080510313538701,-2.019414970026795
cmd,,,,,,5581.967684482,0.30628299713134766,-0.1564532220363617,-0.0036247107200324535,,
diagnostics,349.0,"[349.0,33.0,-342.0,27.0]",,86.0,"[86.0,6.0,-74.0,6.0]",5581.970056669,,,,,
pose,,,-0.004804588167221076,,,5581.970383688,,,,5.080365076063937,-2.0195096473770406
wheel_odom,,,,,,5581.99068882,0.165,-0.143,-0.011344640137963142,,
pose,,,-0.1598136564169424,,,5581.991042093,,,,5.084116740808916,-2.0228110729369715
wheel_odom,,,,,,5582.010351364,0.151,-0.137,0.03560471674068432,,
diagnostics,493.0,"[493.0,-3.0,-436.0,-42.0]",,497.0,"[497.0,6.0,-485.0,6.0]",5582.010712305,,,,,
pose,,,-0.2205845571848366,,,5582.010938519,,,,5.089304969977744,-2.027200252985462
cmd,,,,,,5582.017640569,0.306165874004364,-0.1468924880027771,-0.004992564208805561,,
wheel_odom,,,,,,5582.030557594,0.182,-0.167,-0.009599310885968814,,
pose,,,-0.1599804364889825,,,5582.030884734,,,,5.092940762792216,-2.0303911021464436
wheel_odom,,,,,,5582.050349082,0.203,-0.195,-0.029321531433504737,,
pose,,,-0.2635128678175585,,,5582.05063721,,,,5.098672513874083,-2.035596427560589
cmd,,,,,,5582.067806142,0.30347055196762085,-0.1411900818347931,-0.005310040898621082,,
diagnostics,661.0,"[661.0,18.0,-649.0,6.0]",,899.0,"[899.0,4.0,-890.0,4.0]",5582.069965416,,,,,
pose,,,0.012756015404524998,,,5582.070423724,,,,5.098508535770205,-2.035344034271742
wheel_odom,,,,,,5582.090353807,0.191,-0.2,-0.013788101090755204,,
pose,,,-0.24414016449628692,,,5582.090680176,,,,5.103906674369112,-2.0402894839278316
diagnostics,584.0,"[500.0,-15.0,-584.0,60.0]",,1077.0,"[1077.0,0.0,-1072.0,4.0]",5582.111242432,,,,,
wheel_odom,,,,,,5582.111816554,0.141,-0.172,0.0008726646259971648,,
pose,,,-0.13794395926664468,,,5582.112463007,,,,5.10676113731937,-2.0432935594664348
cmd,,,,,,5582.117610374,0.30347055196762085,-0.1411900818347931,-0.005310040898621082,,
wheel_odom,,,,,,5582.130216806,0.173,-0.183,0.008726646259971648,,
pose,,,-0.252940993132375,,,5582.130932989,,,,5.111554135041756,-2.047966238597085
wheel_odom,,,,,,5582.150205599,0.211,-0.218,-0.02129301687433082,,
pose,,,-0.20090965716205914,,,5582.150599192,,,,5.115515362329135,-2.051917412899754
cmd,,,,,,5582.167632934,0.2970011234283447,-0.13051486015319824,-0.00489641772583127,,
diagnostics,847.0,"[847.0,-7.0,-731.0,23.0]",,1075.0,"[1075.0,0.0,-1074.0,1.0]",5582.171242402,,,,,
pose,,,0.014187037827418666,,,5582.171470967,,,,5.115180871387715,-2.051621318496285
wheel_odom,,,,,,5582.190708824,0.262,-0.278,0.023387411976724018,,
pose,,,-0.31561894331907636,,,5582.191108809,,,,5.121311173417842,-2.0578198820156803
wheel_odom,,,,,,5582.210268772,0.312,-0.324,-0.13648474750595657,,
diagnostics,1215.0,"[1215.0,-47.0,-963.0,18.0]",,1074.0,"[1074.0,0.0,-1074.0,0.0]",5582.210657797,,,,,
pose,,,-0.2564552764692433,,,5582.210826298,,,,5.126428133473325,-2.06287650969348
cmd,,,,,,5582.217688608,0.2938231825828552,-0.12311749160289764,-0.0040443530306220055,,
wheel_odom,,,,,,5582.23105281,0.255,-0.286,0.04153883619746504,,
pose,,,-0.33488755122377406,,,5582.231827339,,,,5.133298056233858,-2.0699076566801766
wheel_odom,,,,,,5582.251142485,0.316,-0.333,0.05619960191421741,,
pose,,,-0.2903559734105031,,,5582.251782518,,,,5.1391589943339016,-2.0757025016397113
cmd,,,,,,5582.268116677,0.2938231825828552,-0.12311749160289764,-0.0040443530306220055,,
diagnostics,1162.0,"[1140.0,-49.0,-1162.0,-24.0]",,1035.0,"[1035.0,40.0,-1033.0,-38.0]",5582.270897887,,,,,
pose,,,-0.002179812600649611,,,5582.271826642,,,,5.138682993317089,-2.07574619180895
wheel_odom,,,,,,5582.290407265,0.351,-0.356,0.01884955592153876,,
pose,,,-0.4589111810557971,,,5582.290801888,,,,5.147343207441708,-2.0844560089179076
wheel_odom,,,,,,5582.310621032,0.36,-0.359,0.062482787221396996,,
diagnostics,1260.0,"[1182.0,2.0,-1260.0,-11.0]",,1039.0,"[1039.0,42.0,-1031.0,-33.0]",5582.311416384,,,,,
pose,,,-0.3156145330283184,,,5582.311713626,,,,5.1537719749530435,-2.091054455597978
cmd,,,,,,5582.317658417,0.28982311487197876,-0.10941067337989807,-0.003358782734721899,,
wheel_odom,,,,,,5582.330921696,0.36,-0.355,-0.007504915783575617,,
pose,,,-0.5000060587815348,,,5582.331429536,,,,5.163580464440621,-2.1009138575682025
wheel_odom,,,,,,5582.35053091,0.364,-0.355,0.0017453292519943296,,
pose,,,-0.34288806709742664,,,5582.350835819,,,,5.170683523181647,-2.1075689826922246
cmd,,,,,,5582.36763579,0.27089717984199524,-0.07457852363586426,-0.002633711788803339,,
diagnostics,1277.0,"[1263.0,33.0,-1277.0,-11.0]",,964.0,"[964.0,118.0,-953.0,-107.0]",5582.370219848,,,,,
pose,,,-0.01843613278612456,,,5582.370824542,,,,5.1703488468697,-2.1079374939223734
wheel_odom,,,,,,5582.390809885,0.37,-0.328,0.003839724354387525,,
pose,,,-0.5015833613209806,,,5582.391057015,,,,5.180777602766701,-2.1180865301506446
wheel_odom,,,,,,5582.411328813,0.36,-0.299,0.00034906585039886593,,
diagnostics,1133.0,"[1094.0,156.0,-1133.0,-61.0]",,864.0,"[864.0,220.0,-852.0,-209.0]",5582.41199101,,,,,
pose,,,-0.31282856976087736,,,5582.412539866,,,,5.187783190149005,-2.1248057055524767
cmd,,,,,,5582.417948023,0.27089717984199524,-0.07457852363586426,-0.002633711788803339,,
wheel_odom,,,,,,5582.431426283,0.364,-0.253,-0.008028514559173916,,
pose,,,-0.47781346829137367,,,5582.432323339,,,,5.1984532665019465,-2.1342566839423345
pose,,,0.0,,,5582.451202142,,,,5.1984532665019465,-2.1342566839423345
cmd,,,,,,5582.467903613,0.2563383877277374,-0.05203542113304138,-0.0025874802377074957,,
wheel_odom,,,,,,5582.470992609,0.334,-0.221,0.02007128639793479,,
pose,,,-0.293941048815601,,,5582.471600917,,,,5.205300810799428,-2.140253753287354
diagnostics,980.0,"[973.0,184.0,-980.0,-145.0]",,750.0,"[750.0,334.0,-738.0,-322.0]",5582.49004845,,,,,
pose,,,0.0,,,5582.490565792,,,,5.205300810799428,-2.140253753287354
wheel_odom,,,,,,5582.510674083,0.304,-0.164,0.006283185307179586,,
pose,,,-0.38798416134654057,,,5582.511067173,,,,5.21510658505441,-2.148208564612422
cmd,,,,,,5582.517784775,0.22840838134288788,0.004228436388075352,-0.002646754728630185,,
wheel_odom,,,,,,5582.531097917,0.285,-0.139,0.03804817769347639,,
diagnostics,758.0,"[638.0,307.0,-758.0,-172.0]",,613.0,"[613.0,351.0,-600.0,-337.0]",5582.531901499,,,,,
pose,,,-0.21847668892514793,,,5582.532278527,,,,5.221229099182689,-2.152841501752376
wheel_odom,,,,,,5582.550862125,0.292,-0.125,-0.023911010752322315,,
pose,,,-0.3350278853197248,,,5582.551535963,,,,5.230457702977599,-2.159294166630817
cmd,,,,,,5582.567768421,0.21471424400806427,0.03319460153579712,-0.0027358101215213537,,
wheel_odom,,,,,,5582.57037602,0.283,-0.087,-0.05235987755982989,,
pose,,,-0.1820726131891438,,,5582.570732385,,,,5.23643570189596,-2.1627898450058827
diagnostics,669.0,"[669.0,391.0,-593.0,-275.0]",,590.0,"[590.0,311.0,-585.0,-306.0]",5582.59006627,,,,,
pose,,,0.0,,,5582.590549465,,,,5.23643570189596,-2.1627898450058827
wheel_odom,,,,,,5582.611467623,0.263,-0.047,-0.050265482457436686,,
pose,,,-0.20730838484225894,,,5582.612249239,,,,5.2449169618964255,-2.16728820062531
cmd,,,,,,5582.617904915,0.21471424400806427,0.03319460153579712,-0.0027358101215213537,,
wheel_odom,,,,,,5582.631215124,0.271,-0.075,-0.02129301687433082,,
diagnostics,528.0,"[525.0,343.0,-528.0,-340.0]",,596.0,"[586.0,210.0,-596.0,-220.0]",5582.631901708,,,,,
pose,,,-0.11880907723256129,,,5582.632347639,,,,5.250557984740265,-2.1696753773560014
wheel_odom,,,,,,5582.65026073,0.243,-0.059,-0.008377580409572781,,
pose,,,-0.17875741321927807,,,5582.650701233,,,,5.2584020575188575,-2.172957678612032
cmd,,,,,,5582.667810377,0.19676391780376434,0.05858628824353218,-0.0024018867406994104,,
wheel_odom,,,,,,5582.670242022,0.194,-0.053,0.08377580409572781,,
pose,,,-0.07512675991663356,,,5582.670615786,,,,5.262871072830904,-2.1744537737191756
diagnostics,467.0,"[420.0,194.0,-467.0,-371.0]",,508.0,"[491.0,121.0,-508.0,-138.0]",5582.689953131,,,,,
pose,,,0.0,,,5582.690219865,,,,5.262871072830904,-2.1744537737191756
wheel_odom,,,,,,5582.710317874,0.185,-0.044,0.09634217471008698,,
pose,,,-0.10530290821984808,,,5582.710561755,,,,5.269388889255559,-2.176595853481195
cmd,,,,,,5582.717574297,0.16654406487941742,0.08347117900848389,-0.001834756345488131,,
wheel_odom,,,,,,5582.730982225,0.182,-0.047,0.0645771823237902,,
diagnostics,415.0,"[401.0,131.0,-415.0,-302.0]",,530.0,"[515.0,44.0,-530.0,-59.0]",5582.731748615,,,,,
pose,,,-0.036370403596380586,,,5582.732277047,,,,5.273429333935124,-2.17738536721786
wheel_odom,,,,,,5582.751044304,0.159,-0.091,0.07958701389094142,,
pose,,,-0.09516143087603064,,,5582.751769672,,,,5.279164795158834,-2.1792405847048304
cmd,,,,,,5582.770950708,0.16654406487941742,0.08347117900848389,-0.001834756345488131,,
wheel_odom,,,,,,5582.772552732,0.143,-0.07,0.034732052114687155,,
pose,,,-0.03679676038770181,,,5582.77345665,,,,5.2824846158863705,-2.1800385422872885
diagnostics,432.0,"[330.0,106.0,-432.0,-111.0]",,429.0,"[423.0,12.0,-429.0,-17.0]",5582.789918198,,,,,
pose,,,0.0,,,5582.790367416,,,,5.2824846158863705,-2.1800385422872885
wheel_odom,,,,,,5582.8106901,0.125,-0.073,-0.004537856055185257,,
pose,,,-0.06965599500370917,,,5582.811072289,,,,5.287112606582733,-2.1814808298466106
cmd,,,,,,5582.817721243,0.15657566487789154,0.09807708859443665,-0.0017047745641320944,,
wheel_odom,,,,,,5582.831284812,0.115,-0.073,-0.03647738136668149,,
diagnostics,379.0,"[349.0,56.0,-379.0,-72.0]",,379.0,"[376.0,65.0,-379.0,-68.0]",5582.831964643,,,,,
pose,,,-0.06652871539965212,,,5582.832631907,,,,5.291161957888743,-2.182914906602789
wheel_odom,,,,,,5582.850643671,0.098,-0.069,-0.013788101090755204,,
pose,,,-0.04710464789465384,,,5582.851202169,,,,5.293436807051408,-2.1837897510811515
cmd,,,,,,5582.867920326,0.14750124514102936,0.10447697341442108,-0.0016309261554852128,,
wheel_odom,,,,,,5582.870842432,0.109,-0.098,0.02897246558310587,,
pose,,,-0.09234938972621298,,,5582.871685479,,,,5.29685128803568,-2.1856812496192433
diagnostics,347.0,"[347.0,39.0,-304.0,0.0]",,306.0,"[301.0,83.0,-306.0,-88.0]",5582.889889002,,,,,
pose,,,0.0,,,5582.890291006,,,,5.29685128803568,-2.1856812496192433
wheel_odom,,,,,,5582.910389147,0.09,-0.085,0.0,,
pose,,,-0.06866493174362588,,,5582.910650119,,,,5.298757938723971,-2.187079265638218
cmd,,,,,,5582.917598232,0.10734770447015762,0.12897665798664093,-0.0007494062883779407,,
wheel_odom,,,,,,5582.930417891,0.101,-0.081,-0.06283185307179587,,
diagnostics,289.0,"[251.0,60.0,-289.0,-11.0]",,263.0,"[257.0,109.0,-263.0,-116.0]",5582.930831438,,,,,
pose,,,-0.1025283896188864,,,5582.930983354,,,,5.301714134469566,-2.189163781093037
wheel_odom,,,,,,5582.950955776,0.096,-0.087,0.007155849933176751,,
pose,,,-0.07375409781156268,,,5582.951509984,,,,5.303533727701384,-2.1906775929486515
cmd,,,,,,5582.967817144,0.10734770447015762,0.12897665798664093,-0.0007494062883779407,,
wheel_odom,,,,,,5582.971158986,0.078,-0.065,-0.044331363000655974,,
pose,,,-0.0970173425339017,,,5582.972401928,,,,5.3060402931018515,-2.192704073639327
diagnostics,262.0,"[221.0,37.0,-262.0,0.0]",,205.0,"[196.0,123.0,-205.0,-132.0]",5582.989855365,,,,,
pose,,,0.0,,,5582.990464987,,,,5.3060402931018515,-2.192704073639327
wheel_odom,,,,,,5583.012509702,0.084,-0.069,0.02897246558310587,,
pose,,,0.7709284244693175,,,5583.01342055,,,,5.356012197829106,-2.1750089064855347
cmd,,,,,,5583.019129355,0.04234770447015762,0.018976657986640916,0.0,,
wheel_odom,,,,,,5583.031230303,0.075,-0.056,-0.03560471674068432,,
diagnostics,261.0,"[261.0,52.0,-231.0,-28.0]",,182.0,"[171.0,105.0,-182.0,-116.0]",5583.031872776,,,,,
pose,,,-0.0969238796445629,,,5583.032467195,,,,5.358034721350347,-2.1768550455705733
wheel_odom,,,,,,5583.050443863,0.074,-0.055,0.008377580409572781,,
pose,,,-0.08464498369475493,,,5583.050853997,,,,5.359753458050211,-2.178411607061393
cmd,,,,,,5583.067724881,0.0,0.0,0.0,,
wheel_odom,,,,,,5583.070287566,0.086,-0.044,-0.010821041362364843,,
pose,,,-0.08371441987175351,,,5583.070802214,,,,5.3619154396678255,-2.1800815934584685
diagnostics,198.0,"[198.0,92.0,-151.0,-59.0]",,143.0,"[130.0,92.0,-143.0,-105.0]",5583.090300798,,,,,
pose,,,0.0,,,5583.091060041,,,,5.3619154396678255,-2.1800815934584685
wheel_odom,,,,,,5583.110488398,0.074,-0.029,-0.028099800957108706,,
pose,,,-0.05771355392760558,,,5583.110887702,,,,5.364088178334138,-2.1812261597720597
cmd,,,,,,5583.117647002,0.0,0.0,0.0,,
wheel_odom,,,,,,5583.130084553,0.086,-0.027,-0.011693705988362009,,
diagnostics,150.0,"[150.0,98.0,-109.0,-103.0]",,143.0,"[127.0,38.0,-143.0,-55.0]",5583.130438353,,,,,
pose,,,-0.035533802061436005,,,5583.130588964,,,,5.365746526225081,-2.181926226379429
wheel_odom,,,,,,5583.150809403,0.07,-0.026,0.033510321638291124,,
pose,,,-0.04953431327293498,,,5583.151540994,,,,5.368128348631175,-2.182963848784343
cmd,,,,,,5583.167793792,0.0,0.0,0.0,,
wheel_odom,,,,,,5583.170468848,0.078,-0.035,0.08168140899333462,,
diagnostics,212.0,"[125.0,31.0,-212.0,-111.0]",,148.0,"[130.0,-2.0,-148.0,-15.0]",5583.171027851,,,,,
pose,,,-0.030176662545240332,,,5583.171595988,,,,5.369704839024133,-2.183569112787567
wheel_odom,,,,,,5583.191110389,0.065,-0.025,0.041015237421866746,,
pose,,,-0.04696834803575969,,,5583.19183262,,,,5.3718424674980305,-2.184519496831872
pose,,,0.013090243060542664,,,5583.211436622,,,,5.371862819671566,-2.184262886427833
cmd,,,,,,5583.21776947,0.0,0.0,0.0,,
wheel_odom,,,,,,5583.230222287,0.055,-0.019,0.0033161255787892262,,
diagnostics,130.0,"[85.0,62.0,-130.0,-59.0]",,124.0,"[106.0,-18.0,-124.0,1.0]",5583.230627388,,,,,
pose,,,-0.011361140542531342,,,5583.230794566,,,,5.373079219783002,-2.184482869829049
wheel_odom,,,,,,5583.250176252,0.054,-0.031,0.05445427266222309,,
pose,,,-0.033872870808448356,,,5583.250579352,,,,5.37491094284866,-2.1851530461361435
cmd,,,,,,5583.267892744,0.0,0.0,0.0,,
wheel_odom,,,,,,5583.270411917,0.036,-0.033,0.06492624817418906,,
diagnostics,187.0,"[52.0,0.0,-187.0,4.0]",,90.0,"[78.0,-19.0,-90.0,7.0]",5583.270906587,,,,,
pose,,,-0.016883819634474197,,,5583.271039754,,,,5.375836850964142,-2.185498510697151
wheel_odom,,,,,,5583.290532963,0.043,-0.013,0.07208209810736581,,
pose,,,-0.033287148859519625,,,5583.291052179,,,,5.377284455641354,-2.18616458161933
pose,,,0.017518816424803584,,,5583.311049828,,,,5.377256222571538,-2.1858143063744113
cmd,,,,,,5583.317829525,0.0,0.0,0.0,,
wheel_odom,,,,,,5583.330190169,0.043,-0.023,0.06824237375297829,,
diagnostics,97.0,"[33.0,0.0,-97.0,-93.0]",,77.0,"[76.0,13.0,-77.0,-14.0]",5583.330582745,,,,,
pose,,,-0.01363221634002052,,,5583.330743701,,,,5.3781422511607415,-2.1860828468315394
wheel_odom,,,,,,5583.350557656,0.021,-0.014,0.028099800957108706,,
pose,,,-0.015134354857937092,,,5583.351185819,,,,5.379185672353755,-2.1863921885802036
cmd,,,,,,5583.367839558,0.0,0.0,0.0,,
wheel_odom,,,,,,5583.370637281,0.023,-0.018,0.0066322511575784525,,
diagnostics,76.0,"[60.0,0.0,-76.0,0.0]",,81.0,"[81.0,20.0,-70.0,-9.0]",5583.371294247,,,,,
pose,,,-0.012588270532344615,,,5583.37158134,,,,5.379671655493697,-2.1866489127120268
wheel_odom,,,,,,5583.390372416,0.023,-0.023,0.022165681500327987,,
pose,,,-0.03233117178808451,,,5583.39062364,,,,5.38050653238685,-2.1872647410623123
pose,,,0.010106866635941738,,,5583.410682831,,,,5.380458479052475,-2.1870620357236885
cmd,,,,,,5583.417551991,0.0,0.0,0.0,,
wheel_odom,,,,,,5583.430365025,0.011,-0.01,-0.006283185307179586,,
diagnostics,34.0,"[29.0,4.0,-34.0,2.0]",,89.0,"[89.0,50.0,-71.0,-32.0]",5583.430602094,,,,,
pose,,,-0.011069304112054467,,,5583.430971072,,,,5.380726213859193,-2.1872865497034675
wheel_odom,,,,,,5583.450550036,0.022,-0.02,-0.0158824961931484,,
pose,,,-0.020295210425229027,,,5583.451292291,,,,5.381253815182721,-2.187699130894145
cmd,,,,,,5583.467905099,0.0,0.0,0.0,,
wheel_odom,,,,,,5583.470793594,0.031,-0.031,-0.013788101090755204,,
diagnostics,94.0,"[94.0,0.0,-90.0,0.0]",,94.0,"[94.0,27.0,-76.0,-9.0]",5583.471301023,,,,,
pose,,,-0.022814077345873884,,,5583.471858526,,,,5.381735673265535,-2.1881682819533332
wheel_odom,,,,,,5583.491668067,0.023,-0.021,-0.02548180707911721,,
pose,,,-0.02952159230080857,,,5583.492275089,,,,5.382458899845985,-2.1887709895564216
pose,,,0.006306936049465735,,,5583.511637221,,,,5.38241580524625,-2.1886488944833316
cmd,,,,,,5583.517761596,0.0,0.0,0.0,,
wheel_odom,,,,,,5583.530321434,0.023,-0.011,-0.017627825445142728,,
diagnostics,49.0,"[31.0,41.0,-49.0,-5.0]",,74.0,"[74.0,32.0,-59.0,-17.0]",5583.530735266,,,,,
pose,,,-0.01558856988921702,,,5583.530930829,,,,5.382803058761723,-2.1889497328999865
wheel_odom,,,,,,5583.550225915,0.03,-0.01,-0.020594885173533087,,
pose,,,-0.018899134959432125,,,5583.550891047,,,,5.3834447013340325,-2.1893269479541075
cmd,,,,,,5583.567871662,0.0,0.0,0.0,,
wheel_odom,,,,,,5583.570650817,0.024,-0.024,-0.028099800957108706,,
diagnostics,110.0,"[110.0,-3.0,-36.0,-3.0]",,66.0,"[66.0,41.0,-54.0,-30.0]",5583.57118805,,,,,
pose,,,-0.021633702529052983,,,5583.571747663,,,,5.383853154510391,-2.189777663366012
wheel_odom,,,,,,5583.591603949,0.023,-0.019,-0.026354471705114377,,
pose,,,-0.026429983459348667,,,5583.592287881,,,,5.384578500986423,-2.1903211018586752
pose,,,0.0025469299940643416,,,5583.611977425,,,,5.384428911764495,-2.190270962577114
cmd,,,,,,5583.61777543,0.0,0.0,0.0,,
wheel_odom,,,,,,5583.630208068,0.024,-0.015,-0.028099800957108706,,
diagnostics,94.0,"[94.0,35.0,-51.0,0.0]",,31.0,"[31.0,24.0,-24.0,-17.0]",5583.630464823,,,,,
pose,,,-0.0206415734941836,,,5583.630652676,,,,5.384826364236341,-2.1906566113859105
wheel_odom,,,,,,5583.650210873,0.014,-0.012,-0.0158824961931484,,
pose,,,-0.022157704062604498,,,5583.650517323,,,,5.385276973324363,-2.191096750889366
cmd,,,,,,5583.667867772,0.0,0.0,0.0,,
wheel_odom,,,,,,5583.670512372,0.019,-0.016,-0.022165681500327987,,
diagnostics,77.0,"[77.0,10.0,-28.0,0.0]",,25.0,"[25.0,20.0,-22.0,-18.0]",5583.671060469,,,,,
pose,,,-0.012288923211609275,,,5583.671597208,,,,5.385601679555859,-2.19135573636998
pose,,,0.0,,,5583.690718288,,,,5.385601679555859,-2.19135573636998
wheel_odom,,,,,,5583.711846349,0.014,-0.011,-0.008377580409572781,,
pose,,,-0.01866051456964792,,,5583.713144295,,,,5.386109954305991,-2.1917741958340655
cmd,,,,,,5583.717601735,0.0,0.0,0.0,,
wheel_odom,,,,,,5583.730951408,0.019,-0.008,0.0,,
pose,,,-0.01395174883885544,,,5583.731627824,,,,5.386371520569077,-2.19203208321036
diagnostics,42.0,"[35.0,25.0,-42.0,-9.0]",,17.0,"[16.0,4.0,-17.0,-4.0]",5583.750654803,,,,,
pose,,,0.00016760945409038046,,,5583.751599133,,,,5.386338211932631,-2.1920287357751853
cmd,,,,,,5583.76773614,0.0,0.0,0.0,,
wheel_odom,,,,,,5583.770240645,0.016,-0.006,-0.005934119456780721,,
pose,,,-0.01382389985015497,,,5583.770726849,,,,5.386765795885602,-2.1922932248429716
wheel_odom,,,,,,5583.791006563,0.011,-0.009,0.024783675378319478,,
diagnostics,39.0,"[39.0,-9.0,-36.0,-9.0]",,25.0,"[21.0,-2.0,-25.0,-1.0]",5583.79159744,,,,,
pose,,,-0.006094550374114692,,,5583.792089366,,,,5.3870245927624,-2.192423402433856
wheel_odom,,,,,,5583.811531551,0.012,-0.004,0.011693705988362009,,
pose,,,-0.006271842730253146,,,5583.814600403,,,,5.38739066875467,-2.1925645606720314
cmd,,,,,,5583.817873866,0.0,0.0,0.0,,
wheel_odom,,,,,,5583.830568733,0.008,-0.003,0.02129301687433082,,
pose,,,-0.00440423037445931,,,5583.831112293,,,,5.3876507629977,-2.192637300927684
diagnostics,34.0,"[6.0,-5.0,-34.0,-15.0]",,32.0,"[28.0,2.0,-32.0,-7.0]",5583.849882049,,,,,
pose,,,0.0,,,5583.850329039,,,,5.3876507629977,-2.192637300927684
cmd,,,,,,5583.867705611,0.0,0.0,0.0,,
wheel_odom,,,,,,5583.87025462,-0.004,-0.002,0.015533430342749533,,
pose,,,0.0013979987146813264,,,5583.870693342,,,,5.38760762004522,-2.192608832456522
wheel_odom,,,,,,5583.89018445,0.0,0.0,0.0033161255787892262,,
diagnostics,5.0,"[0.0,0.0,-5.0,0.0]",,0.0,"[0.0,0.0,0.0,0.0]",5583.890589992,,,,,
pose,,,-0.007542647251100364,,,5583.89075737,,,,5.38772925497927,-2.192760178072177
wheel_odom,,,,,,5583.910572837,-0.001,0.001,0.003839724354387525,,
pose,,,-0.003102738146680943,,,5583.910998419,,,,5.387764737500948,-2.1928229787395668
cmd,,,,,,5583.917646964,0.0,0.0,0.0,,
wheel_odom,,,,,,5583.930190559,-0.001,-0.001,-0.0024434609527920616,,
pose,,,-0.004960190856299766,,,5583.93057112,,,,5.387709066160522,-2.192920064877611
diagnostics,4.0,"[0.0,0.0,0.0,4.0]",,0.0,"[0.0,0.0,0.0,0.0]",5583.949840584,,,,,
pose,,,0.0,,,5583.950237533,,,,5.387709066160522,-2.192920064877611
cmd,,,,,,5583.967870343,0.0,0.0,0.0,,
wheel_odom,,,,,,5583.970344938,0.0,0.0,0.0012217304763960308,,
pose,,,-0.0018099607723836065,,,5583.970870726,,,,5.3876481830755,-2.1929574050995697
wheel_odom,,,,,,5583.990443506,-0.003,0.002,-0.004537856055185257,,
diagnostics,10.0,"[-5.0,0.0,10.0,4.0]",,0.0,"[0.0,0.0,0.0,0.0]",5583.990854939,,,,,
pose,,,0.0065726894600893725,,,5583.991024558,,,,5.387555029535612,-2.1928249243736473
wheel_odom,,,,,,5584.010658988,-0.004,0.004,0.0020943951023931952,,
pose,,,0.007806627325162981,,,5584.01106666,,,,5.387450222834738,-2.192668461154024
wheel_odom,,,,,,5584.030582696,-0.003,0.003,0.008028514559173916,,
pose,,,0.0070724224126768875,,,5584.031100916,,,,5.387338517981626,-2.1925267853344614
diagnostics,30.0,"[-30.0,0.0,-3.0,4.0]",,0.0,"[0.0,0.0,0.0,0.0]",5584.049854104,,,,,
pose,,,0.0,,,5584.050615812,,,,5.387338517981626,-2.1925267853344614
wheel_odom,,,,,,5584.070181739,0.0,-0.001,0.005934119456780721,,
pose,,,0.004729947671330145,,,5584.070599157,,,,5.387268916383165,-2.192432260745271
wheel_odom,,,,,,5584.090701684,0.0,0.0,-0.0008726646259971648,,
diagnostics,3.0,"[-3.0,2.0,0.0,0.0]",,0.0,"[0.0,0.0,0.0,0.0]",5584.091180562,,,,,
pose,,,0.0035977749847316246,,,5584.091369212,,,,5.387235323315217,-2.192357536056159
wheel_odom,,,,,,5584.110407313,-0.004,0.005,0.0158824961931484,,
pose,,,0.006514630844233994,,,5584.110725186,,,,5.387148649138655,-2.192231424288307
wheel_odom,,,,,,5584.130527144,-0.002,0.002,-0.0012217304763960308,,
pose,,,0.00340565192275904,,,5584.131185707,,,,5.387097942767944,-2.192161754557009
diagnostics,8.0,"[-3.0,0.0,8.0,0.0]",,0.0,"[0.0,0.0,0.0,0.0]",5584.150167968,,,,,
pose,,,0.0,,,5584.150949047,,,,5.387097942767944,-2.192161754557009
wheel_odom,,,,,,5584.171403554,0.002,-0.003,0.004537856055185257,,
pose,,,0.001313889698626112,,,5584.172195595,,,,5.387081167070372,-2.1921338384358684
wheel_odom,,,,,,5584.190369358,0.0,0.0,-0.0008726646259971648,,
diagnostics,5.0,"[0.0,0.0,-5.0,0.0]",,0.0,"[0.0,0.0,0.0,0.0]",5584.190654599,,,,,
pose,,,0.0015174263217937365,,,5584.190855075,,,,5.387071387687601,-2.1921055148556796
wheel_odom,,,,,,5584.210527949,0.0,0.0,-0.0008726646259971648,,
pose,,,0.0015842100126804623,,,5584.210952724,,,,5.38706030503267,-2.192073676369213
wheel_odom,,,,,,5584.230452586,0.0,0.0,0.0,,
pose,,,0.0008276225417052975,,,5584.230942666,,,,5.387054422086426,-2.1920571333061005
diagnostics,3.0,"[0.0,-3.0,0.0,0.0]",,0.0,"[0.0,0.0,0.0,0.0]",5584.249861455,,,,,
pose,,,0.0,,,5584.250583704,,,,5.387054422086426,-2.1920571333061005
wheel_odom,,,,,,5584.270805409,0.0,0.0,-0.0008726646259971648,,
pose,,,0.0009135935365678329,,,5584.271755064,,,,5.387048046976298,-2.1920377957577437
wheel_odom,,,,,,5584.290657409,0.0,0.001,0.0024434609527920616,,
diagnostics,0.0,"[0.0,0.0,0.0,0.0]",,0.0,"[0.0,0.0,0.0,0.0]",5584.291465893,,,,,
pose,,,0.000916943667926844,,,5584.29212721,,,,5.387044100602881,-2.1920191143756655
wheel_odom,,,,,,5584.310980135,0.0,0.0,0.0,,
pose,,,0.0006378981013146098,,,5584.311468565,,,,5.387039974968657,-2.1920067752779455
wheel_odom,,,,,,5584.330944614,0.0,0.0,0.0012217304763960308,,
pose,,,0.00018593146335652225,,,5584.331608157,,,,5.387037106464904,-2.192003031192802
diagnostics,3.0,"[0.0,0.0,0.0,-3.0]",,0.0,"[0.0,0.0,0.0,0.0]",5584.350138643,,,,,
pose,,,0.0,,,5584.350837435,,,,5.387037106464904,-2.192003031192802
wheel_odom,,,,,,5584.370701753,0.0,0.0,0.0,,
pose,,,0.00028596040540204145,,,5584.371257645,,,,5.387034181028018,-2.1919971918044
wheel_odom,,,,,,5584.390655184,0.0,0.0,0.0,,
diagnostics,0.0,"[0.0,0.0,0.0,0.0]",,0.0,"[0.0,0.0,0.0,0.0]",5584.391087777,,,,,
pose,,,3.631327811754633e-05,,,5584.391231505,,,,5.387031990497459,-2.191996466403021
wheel_odom,,,,,,5584.411175944,0.0,0.0,0.0,,
pose,,,0.00010272235336347929,,,5584.41177721,,,,5.387029788113668,-2.1919943564743782
wheel_odom,,,,,,5584.430955998,0.0,0.0,0.0,,
pose,,,-3.7609545230322186e-05,,,5584.431615025,,,,5.38702806793568,-2.191995102629628
diagnostics,0.0,"[0.0,0.0,0.0,0.0]",,0.0,"[0.0,0.0,0.0,0.0]",5584.449774332,,,,,
pose,,,0.0,,,5584.450253728,,,,5.38702806793568,-2.191995102629628
wheel_odom,,,,,,5584.471060298,0.0,0.0,0.0,,
pose,,,6.036421802526774e-06,,,5584.472161278,,,,5.387026352530727,-2.191994970419531
wheel_odom,,,,,,5584.490129992,0.0,0.0,0.0,,
diagnostics,0.0,"[0.0,0.0,0.0,0.0]",,0.0,"[0.0,0.0,0.0,0.0]",5584.490442066,,,,,
pose,,,-7.177317251833438e-05,,,5584.490540707,,,,5.387024982203355,-2.1919962899650733
wheel_odom,,,,,,5584.510338414,0.0,0.0,0.0,,
pose,,,-3.9309455136336225e-05,,,5584.51057292,,,,5.387023620128146,-2.1919970774438013
wheel_odom,,,,,,5584.530953535,0.0,0.0,0.0,,
pose,,,-6.676901733631101e-05,,,5584.531669142,,,,5.387022519488639,-2.191998485654724
diagnostics,0.0,"[0.0,0.0,0.0,0.0]",,0.0,"[0.0,0.0,0.0,0.0]",5584.550380218,,,,,
pose,,,0.0,,,5584.551147281,,,,5.387022519488639,-2.191998485654724
wheel_odom,,,,,,5584.570686874,0.0,0.0,0.0,,
pose,,,-5.4923240119573e-05,,,5584.571243367,,,,5.387021427308999,-2.1919995895352873
wheel_odom,,,,,,5584.59031256,0.0,0.0,0.0,,
diagnostics,0.0,"[0.0,0.0,0.0,0.0]",,0.0,"[0.0,0.0,0.0,0.0]",5584.590650886,,,,,
pose,,,-6.47204904905338e-05,,,5584.590772173,,,,5.387020539782371,-2.1920008536140334
wheel_odom,,,,,,5584.611196246,0.0,0.0,0.0,,
pose,,,-5.2790207565781526e-05,,,5584.611678814,,,,5.3870196603305125,-2.19200195712422
wheel_odom,,,,,,5584.630171383,0.0,0.0,0.0,,
pose,,,-5.503204844001272e-05,,,5584.630437917,,,,5.387018943650684,-2.1920029897156397
diagnostics,0.0,"[0.0,0.0,0.0,0.0]",,0.0,"[0.0,0.0,0.0,0.0]",5584.649884072,,,,,
pose,,,0.0,,,5584.650312634,,,,5.387018943650684,-2.1920029897156397
wheel_odom,,,,,,5584.670722743,0.0,0.0,0.0,,
pose,,,-4.5807485757312856e-05,,,5584.671241609,,,,5.387018233793897,-2.192003948392475
wheel_odom,,,,,,5584.690467473,0.0,0.0,0.0,,
diagnostics,0.0,"[0.0,0.0,0.0,0.0]",,0.0,"[0.0,0.0,0.0,0.0]",5584.690953014,,,,,
pose,,,-3.9123827541131464e-05,,,5584.691474109,,,,5.387017654511467,-2.192004739999588
wheel_odom,,,,,,5584.710952703,0.0,0.0,0.0,,
pose,,,-3.833702910600223e-05,,,5584.711479972,,,,5.387017080852699,-2.192005506916214
wheel_odom,,,,,,5584.731038893,0.0,0.0,0.0,,
pose,,,-3.0197603858772992e-05,,,5584.733919753,,,,5.387016557999104,-2.19200618443971
diagnostics,0.0,"[0.0,0.0,0.0,0.0]",,0.0,"[0.0,0.0,0.0,0.0]",5584.7499104,,,,,
pose,,,0.0,,,5584.750385948,,,,5.387016557999104,-2.19200618443971
wheel_odom,,,,,,5584.770329778,0.0,0.0,0.0,,
pose,,,-2.3884452256530843e-05,,,5584.770750372,,,,5.387016131311778,-2.1920066708413732
wheel_odom,,,,,,5584.790868972,0.0,0.0,0.0,,
diagnostics,0.0,"[0.0,0.0,0.0,0.0]",,0.0,"[0.0,0.0,0.0,0.0]",5584.791534843,,,,,
pose,,,-2.3281335505326696e-05,,,5584.791796991,,,,5.387015711196613,-2.192007160747117
wheel_odom,,,,,,5584.811502808,0.0,0.0,0.0,,
pose,,,-1.6090185588233986e-05,,,5584.812233178,,,,5.387015368548386,-2.192007489570832
wheel_odom,,,,,,5584.830908402,0.0,0.0,0.0,,
pose,,,-1.7598413669327942e-05,,,5584.831674689,,,,5.387015030955098,-2.1920078316854545
diagnostics,0.0,"[0.0,0.0,0.0,0.0]",,0.0,"[0.0,0.0,0.0,0.0]",5584.850536238,,,,,
pose,,,0.0,,,5584.852798809,,,,5.387015030955098,-2.1920078316854545
wheel_odom,,,,,,5584.870229726,0.0,0.0,0.0,,
pose,,,-1.2078275493096001e-05,,,5584.870602344,,,,5.387014755812158,-2.1920080467903253
wheel_odom,,,,,,5584.89032125,0.0,0.0,0.0,,
diagnostics,0.0,"[0.0,0.0,0.0,0.0]",,0.0,"[0.0,0.0,0.0,0.0]",5584.890647548,,,,,
pose,,,-1.1442060179745762e-05,,,5584.890755889,,,,5.3870144844792165,-2.1920082773846814
wheel_odom,,,,,,5584.910638082,0.0,0.0,0.0,,
pose,,,-8.990640742174782e-06,,,5584.910997358,,,,5.387014237831464,-2.192008459364987
wheel_odom,,,,,,5584.930564892,0.0,0.0,0.0,,
pose,,,-5.046277433241385e-06,,,5584.931192789,,,,5.387014036850052,-2.1920085612656126
diagnostics,0.0,"[0.0,0.0,0.0,0.0]",,0.0,"[0.0,0.0,0.0,0.0]",5584.950569617,,,,,
pose,,,0.0,,,5584.951295841,,,,5.387014036850052,-2.1920085612656126
wheel_odom,,,,,,5584.970412078,0.0,0.0,0.0,,
pose,,,-5.843026109203659e-06,,,5584.970837511,,,,5.3870138394549985,-2.192008675463801
wheel_odom,,,,,,5584.99013735,0.0,0.0,0.0,,
diagnostics,0.0,"[0.0,0.0,0.0,0.0]",,0.0,"[0.0,0.0,0.0,0.0]",5584.990417733,,,,,
pose,,,-3.007341973587297e-06,,,5584.990503175,,,,5.387013678633431,-2.1920087346116945
wheel_odom,,,,,,5585.011336411,0.0,0.0,0.0,,
pose,,,-3.222861256835131e-06,,,5585.011953086,,,,5.387013520450004,-2.192008803726618
pose,,,0.0,,,5585.031148478,,,,5.387013520450004,-2.192008803726618
wheel_odom,,,,,,5585.050952076,0.0,0.0,0.0,,
pose,,,-1.5550215409528256e-06,,,5585.051841653,,,,5.387013391622451,-2.192008835909846
diagnostics,0.0,"[0.0,0.0,0.0,0.0]",,0.0,"[0.0,0.0,0.0,0.0]",5585.070013317,,,,,
pose,,,0.0,,,5585.070450444,,,,5.387013391622451,-2.192008835909846
wheel_odom,,,,,,5585.090235399,0.0,0.0,0.0,,
pose,,,-1.9780254640081747e-06,,,5585.090502079,,,,5.387013264720828,-2.1920088755777623
wheel_odom,,,,,,5585.110144648,0.0,0.0,0.0,,
diagnostics,0.0,"[0.0,0.0,0.0,0.0]",,0.0,"[0.0,0.0,0.0,0.0]",5585.110443242,,,,,
pose,,,-7.850338521824475e-07,,,5585.11053678,,,,5.387013161297776,-2.1920088913056164
wheel_odom,,,,,,5585.130335855,0.0,0.0,0.0,,
pose,,,-1.0452447360016865e-06,,,5585.130700427,,,,5.3870130592752865,-2.192008912380791
wheel_odom,,,,,,5585.150361657,0.0,0.0,0.0,,
pose,,,-3.061832379315765e-07,,,5585.150882196,,,,5.387012976071539,-2.1920089185595386
diagnostics,0.0,"[0.0,0.0,0.0,0.0]",,0.0,"[0.0,0.0,0.0,0.0]",5585.170174701,,,,,
pose,,,0.0,,,5585.170882572,,,,5.387012976071539,-2.1920089185595386
wheel_odom,,,,,,5585.190684009,0.0,0.0,0.0,,
pose,,,-4.862875289276353e-07,,,5585.191118653,,,,5.387012893897821,-2.1920089284021995
wheel_odom,,,,,,5585.210492265,0.0,0.0,0.0,,
diagnostics,0.0,"[0.0,0.0,0.0,0.0]",,0.0,"[0.0,0.0,0.0,0.0]",5585.210909027,,,,,
pose,,,-5.092181543320032e-08,,,5585.211051189,,,,5.387012826832987,-2.1920089294172547
wheel_odom,,,,,,5585.230563019,0.0,0.0,0.0,,
pose,,,-1.726156839800596e-07,,,5585.230914383,,,,5.38701276054286,-2.192008932845779
wheel_odom,,,,,,5585.250780157,0.0,0.0,0.0,,
pose,,,7.216511849286484e-08,,,5585.251338948,,,,5.387012706416038,-2.192008931371943
diagnostics,0.0,"[0.0,0.0,0.0,0.0]",,0.0,"[0.0,0.0,0.0,0.0]",5585.270125431,,,,,
pose,,,0.0,,,5585.270803352,,,,5.387012706416038,-2.192008931371943
wheel_odom,,,,,,5585.290881337,0.0,0.0,0.0,,
pose,,,-2.5021312431562045e-09,,,5585.291641378,,,,5.387012652883548,-2.192008931424082
wheel_odom,,,,,,5585.310752423,0.0,0.0,0.0,,
diagnostics,0.0,"[0.0,0.0,0.0,0.0]",,0.0,"[0.0,0.0,0.0,0.0]",5585.311374943,,,,,
pose,,,1.2095368580496813e-07,,,5585.311621764,,,,5.387012609160091,-2.1920089290072093
wheel_odom,,,,,,5585.33179156,0.0,0.0,0.0,,
pose,,,7.144987446158438e-08,,,5585.33256006,,,,5.38701256589991,-2.192008927511245
wheel_odom,,,,,,5585.351109418,0.0,0.0,0.0,,
pose,,,1.304160270297864e-07,,,5585.351966377,,,,5.387012530559499,-2.192008924980281
diagnostics,0.0,"[0.0,0.0,0.0,0.0]",,0.0,"[0.0,0.0,0.0,0.0]",5585.370089357,,,,,
pose,,,0.0,,,5585.370627896,,,,5.387012530559499,-2.192008924980281
wheel_odom,,,,,,5585.390465314,0.0,0.0,0.0,,
pose,,,9.935860943251584e-08,,,5585.390823618,,,,5.387012495584495,-2.192008922973463
wheel_odom,,,,,,5585.411250668,0.0,0.0,0.0,,
diagnostics,0.0,"[0.0,0.0,0.0,0.0]",,0.0,"[0.0,0.0,0.0,0.0]",5585.411844932,,,,,
pose,,,1.0379505310079302e-07,,,5585.412522412,,,,5.387012467008824,-2.1920089207217495
wheel_odom,,,,,,5585.431741951,0.0,0.0,0.0,,
pose,,,9.74822576856638e-08,,,5585.432806506,,,,5.387012438723783,-2.1920089187444782
wheel_odom,,,,,,5585.450756364,0.0,0.0,0.0,,
pose,,,1.031051421446878e-07,,,5585.451596176,,,,5.387012412937252,-2.19200891680691
diagnostics,0.0,"[0.0,0.0,0.0,0.0]",,0.0,"[0.0,0.0,0.0,0.0]",5585.470331178,,,,,
pose,,,0.0,,,5585.471043489,,,,5.387012412937252,-2.19200891680691
wheel_odom,,,,,,5585.491077989,0.0,0.0,0.0,,
pose,,,7.89692361275307e-08,,,5585.491904255,,,,5.387012391885206,-2.1920089151596795
wheel_odom,,,,,,5585.510397796,0.0,0.0,0.0,,
diagnostics,0.0,"[0.0,0.0,0.0,0.0]",,0.0,"[0.0,0.0,0.0,0.0]",5585.510898801,,,,,
pose,,,8.087514035372388e-08,,,5585.511118526,,,,5.387012371161809,-2.1920089136053393
wheel_odom,,,,,,5585.530959529,0.0,0.0,0.0,,
pose,,,5.834262806972573e-08,,,5585.531682233,,,,5.38701235425642,-2.19200891240583
wheel_odom,,,,,,5585.550760211,0.0,0.0,0.0,,
pose,,,5.962518246895282e-08,,,5585.5514653,,,,5.38701233760262,-2.192008911226206
diagnostics,0.0,"[0.0,0.0,0.0,0.0]",,0.0,"[0.0,0.0,0.0,0.0]",5585.570130598,,,,,
pose,,,0.0,,,5585.570799159,,,,5.38701233760262,-2.192008911226206
wheel_odom,,,,,,5585.59081766,0.0,0.0,0.0,,
pose,,,4.120569597568214e-08,,,5585.5912418,,,,5.387012324028027,-2.192008910383665
wheel_odom,,,,,,5585.610892896,0.0,0.0,0.0,,
diagnostics,0.0,"[0.0,0.0,0.0,0.0]",,0.0,"[0.0,0.0,0.0,0.0]",5585.611615892,,,,,
pose,,,4.145151002915858e-08,,,5585.611912055,,,,5.387012310642553,-2.1920089095270234
wheel_odom,,,,,,5585.631951997,0.0,0.0,0.0,,
pose,,,3.3959139881252094e-08,,,5585.632933055,,,,5.387012298474648,-2.1920089088131767
wheel_odom,,,,,,5585.650492498,0.0,0.0,0.0,,
pose,,,2.542560154118758e-08,,,5585.650904061,,,,5.387012288559011,-2.192008908356146
diagnostics,0.0,"[0.0,0.0,0.0,0.0]",,0.0,"[0.0,0.0,0.0,0.0]",5585.670086361,,,,,
pose,,,0.0,,,5585.670528791,,,,5.387012288559011,-2.192008908356146
wheel_odom,,,,,,5585.691076519,0.0,0.0,0.0,,
pose,,,2.2699609870716573e-08,,,5585.691758694,,,,5.387012278820776,-2.1920089078743037
wheel_odom,,,,,,5585.710375116,0.0,0.0,0.0,,
diagnostics,0.0,"[0.0,0.0,0.0,0.0]",,0.0,"[0.0,0.0,0.0,0.0]",5585.71086389,,,,,
pose,,,1.5003401591959035e-08,,,5585.71107931,,,,5.387012270886485,-2.1920089075843894
wheel_odom,,,,,,5585.730510764,0.0,0.0,0.0,,
pose,,,1.5916482811764977e-08,,,5585.730920936,,,,5.387012263082619,-2.1920089072685705
wheel_odom,,,,,,5585.750281098,0.0,0.0,0.0,,
pose,,,8.965654286510641e-09,,,5585.750682847,,,,5.387012256726766,-2.1920089070913895
diagnostics,0.0,"[0.0,0.0,0.0,0.0]",,0.0,"[0.0,0.0,0.0,0.0]",5585.770042322,,,,,
pose,,,0.0,,,5585.770731088,,,,5.387012256726766,-2.1920089070913895
wheel_odom,,,,,,5585.79071962,0.0,0.0,0.0,,
pose,,,9.692415658521765e-09,,,5585.791325243,,,,5.387012250466092,-2.192008906891767
wheel_odom,,,,,,5585.810472283,0.0,0.0,0.0,,
diagnostics,0.0,"[0.0,0.0,0.0,0.0]",,0.0,"[0.0,0.0,0.0,0.0]",5585.810963223,,,,,
pose,,,5.201304718239924e-09,,,5585.811139677,,,,5.387012245363889,-2.192008906788696
wheel_odom,,,,,,5585.83037614,0.0,0.0,0.0,,
pose,,,6.1517726244603715e-09,,,5585.830779213,,,,5.387012240330797,-2.1920089066678807
wheel_odom,,,,,,5585.850254837,0.0,0.0,0.0,,
pose,,,2.816545434772793e-09,,,5585.850658945,,,,5.387012236225709,-2.1920089066118877
diagnostics,0.0,"[0.0,0.0,0.0,0.0]",,0.0,"[0.0,0.0,0.0,0.0]",5585.870055577,,,,,
pose,,,0.0,,,5585.870617278,,,,5.387012236225709,-2.1920089066118877
wheel_odom,,,,,,5585.890345132,0.0,0.0,0.0,,
pose,,,3.440587132406192e-09,,,5585.890729465,,,,5.387012232171519,-2.1920089065426858
wheel_odom,,,,,,5585.910208289,0.0,0.0,0.0,,
diagnostics,0.0,"[0.0,0.0,0.0,0.0]",,0.0,"[0.0,0.0,0.0,0.0]",5585.910590845,,,,,
pose,,,1.3641342084756336e-09,,,5585.9107444,,,,5.387012228862675,-2.192008906515383
wheel_odom,,,,,,5585.930491545,0.0,0.0,0.0,,
pose,,,1.8331709583749494e-09,,,5585.930754289,,,,5.3870122255921045,-2.192008906478699
wheel_odom,,,,,,5585.950208473,0.0,0.0,0.0,,
pose,,,5.424692109090483e-10,,,5585.95049861,,,,5.387012222921593,-2.1920089064679886
diagnostics,0.0,"[0.0,0.0,0.0,0.0]",,0.0,"[0.0,0.0,0.0,0.0]",5585.969944154,,,,,
pose,,,0.0,,,5585.970398095,,,,5.387012222921593,-2.1920089064679886
wheel_odom,,,,,,5585.99066478,0.0,0.0,0.0,,
pose,,,8.18740846733641e-10,,,5585.991292116,,,,5.387012220280434,-2.1920089064508828
wheel_odom,,,,,,5586.011279404,0.0,0.0,0.0,,
diagnostics,0.0,"[0.0,0.0,0.0,0.0]",,0.0,"[0.0,0.0,0.0,0.0]",5586.01209883,,,,,
pose,,,8.454650949141633e-11,,,5586.012452314,,,,5.387012218123205,-2.192008906449094
wheel_odom,,,,,,5586.031345053,0.0,0.0,0.0,,
pose,,,3.06127353495116e-10,,,5586.031980029,,,,5.38701221598885,-2.1920089064431156
wheel_odom,,,,,,5586.050499414,0.0,0.0,0.0,,
pose,,,-1.303262266621891e-10,,,5586.050991967,,,,5.3870122142452255,-2.1920089064455937
diagnostics,0.0,"[0.0,0.0,0.0,0.0]",,0.0,"[0.0,0.0,0.0,0.0]",5586.069895902,,,,,
pose,,,0.0,,,5586.070349827,,,,5.3870122142452255,-2.1920089064455937
wheel_odom,,,,,,5586.090539626,0.0,0.0,0.0,,
pose,,,6.2480016016370746e-12,,,5586.091177893,,,,5.387012212519635,-2.1920089064454635
wheel_odom,,,,,,5586.111320776,0.0,0.0,0.0,,
diagnostics,0.0,"[0.0,0.0,0.0,0.0]",,0.0,"[0.0,0.0,0.0,0.0]",5586.112054169,,,,,
pose,,,-1.8979166351424015e-10,,,5586.112693788,,,,5.387012211109769,-2.192008906449547
wheel_odom,,,,,,5586.130451263,0.0,0.0,0.0,,
pose,,,-1.374504024341307e-10,,,5586.130841335,,,,5.387012209714247,-2.192008906452042
wheel_odom,,,,,,5586.150229009,0.0,0.0,0.0,,
pose,,,-1.7782016984315427e-10,,,5586.150628293,,,,5.387012208441996,-2.1920089064555603
diagnostics,0.0,"[0.0,0.0,0.0,0.0]",,0.0,"[0.0,0.0,0.0,0.0]",5586.170078453,,,,,
pose,,,0.0,,,5586.170692602,,,,5.387012208441996,-2.1920089064555603
wheel_odom,,,,,,5586.190295396,0.0,0.0,0.0,,
pose,,,-2.1345573045900788e-10,,,5586.190699643,,,,5.387012207403343,-2.1920089064598316
wheel_odom,,,,,,5586.210772825,0.0,0.0,0.0,,
diagnostics,0.0,"[0.0,0.0,0.0,0.0]",,0.0,"[0.0,0.0,0.0,0.0]",5586.211415455,,,,,
pose,,,-1.6953529958595094e-10,,,5586.211713053,,,,5.3870122063809,-2.1920089064633936
wheel_odom,,,,,,5586.231308752,0.0,0.0,0.0,,
pose,,,-1.6926895385456542e-10,,,5586.231976078,,,,5.387012205546828,-2.1920089064668233
wheel_odom,,,,,,5586.251073685,0.0,0.0,0.0,,
pose,,,-1.56573820280121e-10,,,5586.251740734,,,,5.387012204725167,-2.192008906469918
diagnostics,0.0,"[0.0,0.0,0.0,0.0]",,0.0,"[0.0,0.0,0.0,0.0]",5586.270349803,,,,,
pose,,,0.0,,,5586.271104731,,,,5.387012204725167,-2.192008906469918
wheel_odom,,,,,,5586.29020383,0.0,0.0,0.0,,
pose,,,-1.3310208816563061e-10,,,5586.290608763,,,,5.387012204055428,-2.192008906472515
wheel_odom,,,,,,5586.31028899,0.0,0.0,0.0,,
diagnostics,0.0,"[0.0,0.0,0.0,0.0]",,0.0,"[0.0,0.0,0.0,0.0]",5586.310741929,,,,,
pose,,,-1.210866046668691e-10,,,5586.31092755,,,,5.3870122033950185,-2.192008906474975
wheel_odom,,,,,,5586.331438671,0.0,0.0,0.0,,
pose,,,-8.823027816321312e-11,,,5586.332135936,,,,5.387012202856533,-2.192008906476846
wheel_odom,,,,,,5586.350401092,0.0,0.0,0.0,,
pose,,,-9.946712388689267e-11,,,5586.350799616,,,,5.387012202324968,-2.1920089064787027
diagnostics,0.0,"[0.0,0.0,0.0,0.0]",,0.0,"[0.0,0.0,0.0,0.0]",5586.36989275,,,,,
pose,,,0.0,,,5586.370338851,,,,5.387012202324968,-2.1920089064787027
wheel_odom,,,,,,5586.39315462,0.0,0.0,0.0,,
pose,,,-6.862900596896228e-11,,,5586.393456454,,,,5.387012201841337,-2.192008906480289
wheel_odom,,,,,,5586.410944298,0.0,0.0,0.0,,
diagnostics,0.0,"[0.0,0.0,0.0,0.0]",,0.0,"[0.0,0.0,0.0,0.0]",5586.411681395,,,,,
pose,,,-5.742178624507025e-11,,,5586.411978471,,,,5.387012201446987,-2.1920089064813526
wheel_odom,,,,,,5586.430377588,0.0,0.0,0.0,,
pose,,,-5.858159136614549e-11,,,5586.430775217,,,,5.387012201059384,-2.192008906482454
wheel_odom,,,,,,5586.45047564,0.0,0.0,0.0,,
pose,,,-3.342075441712137e-11,,,5586.451386749,,,,5.38701220074344,-2.1920089064831427
diagnostics,0.0,"[0.0,0.0,0.0,0.0]",,0.0,"[0.0,0.0,0.0,0.0]",5586.470351481,,,,,
pose,,,0.0,,,5586.472063338,,,,5.38701220074344,-2.1920089064831427
wheel_odom,,,,,,5586.490028341,0.0,0.0,0.0,,
pose,,,-4.020349095376758e-11,,,5586.490450289,,,,5.387012200432515,-2.192008906483882
wheel_odom,,,,,,5586.510152503,0.0,0.0,0.0,,
diagnostics,0.0,"[0.0,0.0,0.0,0.0]",,0.0,"[0.0,0.0,0.0,0.0]",5586.510414489,,,,,
pose,,,-2.1330049190121837e-11,,,5586.51049923,,,,5.387012200179207,-2.19200890648431
wheel_odom,,,,,,5586.530551034,0.0,0.0,0.0,,
pose,,,-2.3412219586866467e-11,,,5586.530891339,,,,5.387012199929597,-2.192008906484787
wheel_odom,,,,,,5586.550269471,0.0,0.0,0.0,,
pose,,,-5.8997661553677295e-12,,,5586.550536302,,,,5.387012199919516,-2.192008906484903
pose,,,0.0,,,5586.570245283,,,,5.387012199919516,-2.192008906484903
diagnostics,0.0,"[0.0,0.0,0.0,0.0]",,0.0,"[0.0,0.0,0.0,0.0]",5586.590605134,,,,,
pose,,,-6.4132618911208635e-12,,,5586.591297828,,,,5.3870121997261355,-2.192008906485038
wheel_odom,,,,,,5586.611393224,0.0,0.0,0.0,,
pose,,,-1.414132143359444e-11,,,5586.612182442,,,,5.387012199525378,-2.1920089064853334
cmd,,,,,,5586.617761928,-0.03180685639381409,0.07672393321990967,0.010775265283882618,,
wheel_odom,,,,,,5586.630275538,0.0,0.0,0.0012217304763960308,,
diagnostics,3.0,"[0.0,0.0,0.0,-3.0]",,0.0,"[0.0,0.0,0.0,0.0]",5586.630577938,,,,,
pose,,,-7.294173488749643e-12,,,5586.630806471,,,,5.3870121993616165,-2.1920089064854693
wheel_odom,,,,,,5586.650321111,0.0,0.0,0.0,,
pose,,,-8.452073619017178e-12,,,5586.650667493,,,,5.387012199199858,-2.192008906485637
cmd,,,,,,5586.667772595,-0.1418068563938141,0.016568701714277267,0.003678973764181137,,
wheel_odom,,,,,,5586.670373464,-0.001,0.0,-0.00034906585039886593,,
pose,,,1.6371308115039852e-07,,,5586.670993037,,,,5.3870003702619655,-2.1920089031584578
diagnostics,2.0,"[0.0,0.0,2.0,2.0]",,0.0,"[0.0,0.0,0.0,0.0]",5586.68984628,,,,,
pose,,,0.0,,,5586.690173423,,,,5.3870003702619655,-2.1920089031584578
wheel_odom,,,,,,5586.710228593,0.0,0.0,0.0012217304763960308,,
pose,,,5.557450626251659e-08,,,5586.710525138,,,,5.386996269408162,-2.1920089020273954
cmd,,,,,,5586.717633549,-0.2518068563938141,0.02056298404932022,0.0017647193744778633,,
wheel_odom,,,,,,5586.730487934,0.001,-0.001,0.0066322511575784525,,
diagnostics,5.0,"[0.0,4.0,-3.0,-5.0]",,0.0,"[0.0,0.0,0.0,0.0]",5586.730892017,,,,,
pose,,,-0.00046700875437921744,,,5586.731222029,,,,5.3870082643003325,-2.192018566554073
wheel_odom,,,,,,5586.751083821,-0.001,0.0,0.0012217304763960308,,
pose,,,-6.002925602339321e-05,,,5586.751647611,,,,5.386999793157365,-2.1920197926073257
cmd,,,,,,5586.767897602,-0.36180685639381416,0.09605523943901062,0.0007757591083645821,,
wheel_odom,,,,,,5586.770531401,0.0,0.0,0.0,,
pose,,,3.433544628194824e-05,,,5586.771176361,,,,5.386999248779869,-2.192019122086018
diagnostics,0.0,"[0.0,0.0,0.0,0.0]",,0.0,"[0.0,0.0,0.0,0.0]",5586.789899817,,,,,
pose,,,0.0,,,5586.79025252,,,,5.386999248779869,-2.192019122086018
wheel_odom,,,,,,5586.810173669,0.0,0.0,0.0,,
pose,,,4.231107632049785e-06,,,5586.810504124,,,,5.387092497256572,-2.1920190363997882
cmd,,,,,,5586.817676117,-0.47180685639381414,0.12839391827583313,0.006358220707625151,,
wheel_odom,,,,,,5586.830557326,0.001,0.001,0.0020943951023931952,,
diagnostics,3.0,"[0.0,0.0,0.0,-3.0]",,0.0,"[0.0,0.0,0.0,0.0]",5586.830956828,,,,,
pose,,,0.0005183960867429171,,,5586.831121339,,,,5.387189243007053,-2.1920083493342415
wheel_odom,,,,,,5586.850602928,0.0,0.0,0.0012217304763960308,,
pose,,,9.48840842419135e-05,,,5586.851039811,,,,5.387275809466085,-2.1920064593896895
cmd,,,,,,5586.86792226,-0.5818068563938141,0.2202599048614502,0.00312329875305295,,
wheel_odom,,,,,,5586.870800431,0.0,0.001,0.0024434609527920616,,
pose,,,0.00048401587074410667,,,5586.871761541,,,,5.387254867785185,-2.1919964315556557
diagnostics,0.0,"[0.0,0.0,0.0,0.0]",,0.0,"[0.0,0.0,0.0,0.0]",5586.889794022,,,,,
pose,,,0.0,,,5586.89024487,,,,5.387254867785185,-2.1919964315556557
wheel_odom,,,,,,5586.910587882,0.0,0.0,0.0,,
pose,,,9.469189795646364e-05,,,5586.911242751,,,,5.387236144470504,-2.191994443407407
cmd,,,,,,5586.917820931,-0.6918068563938141,0.27627789974212646,0.004745774436742067,,
wheel_odom,,,,,,5586.930733575,0.0,0.0,0.0,,
diagnostics,0.0,"[0.0,0.0,0.0,0.0]",,0.0,"[0.0,0.0,0.0,0.0]",5586.931423919,,,,,
pose,,,-3.79593098781769e-05,,,5586.931692963,,,,5.387216390715941,-2.1919952196848977
wheel_odom,,,,,,5586.950437918,0.001,-0.001,-0.0017453292519943296,,
pose,,,-0.0005232488976176467,,,5586.950828007,,,,5.387209747975523,-2.192005233159225
cmd,,,,,,5586.967798116,-0.8018068563938141,0.3005599081516266,0.005669512320309877,,
wheel_odom,,,,,,5586.970238799,0.001,-0.001,-0.0017453292519943296,,
pose,,,-0.0006302444602956533,,,5586.970569967,,,,5.387208670631376,-2.192017675814053
diagnostics,4.0,"[4.0,0.0,0.0,0.0]",,0.0,"[0.0,0.0,0.0,0.0]",5586.989962333,,,,,
pose,,,0.0,,,5586.99048959,,,,5.387208670631376,-2.192017675814053
wheel_odom,,,,,,5587.010220791,-0.001,-0.001,-0.0024434609527920616,,
pose,,,-0.0005229001405127715,,,5587.010612748,,,,5.387181546310198,-2.1920281993587354
cmd,,,,,,5587.017652138,-0.9118068563938141,0.3260203003883362,0.00789924617856741,,
wheel_odom,,,,,,5587.030159774,-0.021,0.014,-0.026878070480712675,,
diagnostics,73.0,"[-26.0,-24.0,73.0,0.0]",,143.0,"[-143.0,-62.0,143.0,62.0]",5587.03059452,,,,,
pose,,,0.007009998272616744,,,5587.0307759,,,,5.386905863055453,-2.191886859364274
wheel_odom,,,,,,5587.050826476,-0.056,0.016,-0.009599310885968814,,
pose,,,0.007598919386971532,,,5587.051276308,,,,5.386193864884557,-2.1917310748221874
cmd,,,,,,5587.067803561,-1.021806856393814,0.3833596408367157,0.009457839652895927,,
wheel_odom,,,,,,5587.070348531,-0.043,0.003,0.03892084231947355,,
pose,,,0.003023714004412752,,,5587.07091309,,,,5.385376661287062,-2.1916717001096497
diagnostics,109.0,"[-109.0,-95.0,106.0,8.0]",,427.0,"[-427.0,-190.0,427.0,190.0]",5587.090056275,,,,,
pose,,,0.0,,,5587.090761564,,,,5.385376661287062,-2.1916717001096497
wheel_odom,,,,,,5587.110925454,-0.072,0.016,0.035255650890285456,,
pose,,,0.013831986053186418,,,5587.111627718,,,,5.384381948899567,-2.1913830719158027
cmd,,,,,,5587.120186634,-1.1318068563938142,0.47280579805374146,0.005161865148693323,,
wheel_odom,,,,,,5587.130471777,-0.106,0.045,-0.017627825445142728,,
diagnostics,251.0,"[-174.0,-82.0,251.0,87.0]",,798.0,"[-798.0,-366.0,798.0,366.0]",5587.130955334,,,,,
pose,,,0.03159748803674069,,,5587.13117941,,,,5.382379443712643,-2.190765209800311
wheel_odom,,,,,,5587.150371507,-0.117,0.059,-0.015009831567151233,,
pose,,,0.040461817422853104,,,5587.150771976,,,,5.380523381649511,-2.189972393302457
cmd,,,,,,5587.167718556,-1.2418068563938143,0.526279091835022,0.005499082617461681,,
wheel_odom,,,,,,5587.170124919,-0.185,0.089,-0.02007128639793479,,
diagnostics,617.0,"[-457.0,-201.0,617.0,179.0]",,1233.0,"[-1233.0,-562.0,1233.0,562.0]",5587.170493612,,,,,
pose,,,0.07848860986630614,,,5587.170661082,,,,5.3768529798610425,-2.1884113435443684
wheel_odom,,,,,,5587.190874877,-0.267,0.136,-0.1064650843716541,,
pose,,,0.09075171332084676,,,5587.191315004,,,,5.372505625587192,-2.18653704396228
pose,,,-0.0037776456241244596,,,5587.210922571,,,,5.372736018166604,-2.1866111024608172
cmd,,,,,,5587.217820388,-1.3518068563938144,0.5502244830131531,0.004839565604925156,,
wheel_odom,,,,,,5587.230382948,-0.326,0.183,-0.09965830028887622,,
diagnostics,1102.0,"[-597.0,-358.0,1102.0,211.0]",,1519.0,"[-1519.0,-668.0,1519.0,668.0]",5587.230816181,,,,,
pose,,,0.1468276637733497,,,5587.230988135,,,,5.366010453365348,-2.1836643825442086
wheel_odom,,,,,,5587.251058481,-0.38,0.188,-0.10088003076527226,,
pose,,,0.15776654537981682,,,5587.251675281,,,,5.357740053332783,-2.180400660655902
cmd,,,,,,5587.269015845,-1.4618068563938145,0.5503984093666077,0.006600851658731699,,
wheel_odom,,,,,,5587.270629781,-0.427,0.197,-0.04729842272904633,,
diagnostics,1322.0,"[-965.0,-486.0,1322.0,261.0]",,1890.0,"[-1890.0,-806.0,1890.0,806.0]",5587.271286345,,,,,
pose,,,0.1255619236315664,,,5587.272079597,,,,5.350821729235045,-2.177839224911832
wheel_odom,,,,,,5587.29041383,-0.515,0.262,-0.06789330790257943,,
pose,,,0.28499855697208865,,,5587.290834805,,,,5.338256376268427,-2.1724926368781623
pose,,,-0.04744852289166651,,,5587.310743915,,,,5.339375306516822,-2.17343721080333
cmd,,,,,,5587.317765794,-1.5718068563938146,0.5578480362892151,0.008222779259085655,,
wheel_odom,,,,,,5587.331464665,-0.531,0.244,-0.06405358354819189,,
diagnostics,1525.0,"[-1156.0,-622.0,1525.0,364.0]",,2186.0,"[-2186.0,-926.0,2186.0,926.0]",5587.331979961,,,,,
pose,,,0.14301588556534492,,,5587.332573129,,,,5.330734867628812,-2.170315298159261
wheel_odom,,,,,,5587.352679181,-0.642,0.325,-0.11065387457644049,,
pose,,,0.25214207560254615,,,5587.35372496,,,,5.316202720736505,-2.1649828094464025
cmd,,,,,,5587.367709728,-1.6818068563938147,0.5555618405342102,0.008834502659738064,,
wheel_odom,,,,,,5587.37044259,-0.673,0.319,-0.055326937288220246,,
diagnostics,1944.0,"[-1453.0,-764.0,1944.0,414.0]",,2553.0,"[-2548.0,-1109.0,2553.0,1115.0]",5587.370662506,,,,,
pose,,,0.2120472017780625,,,5587.371077465,,,,5.305225261986232,-2.161301953530672
wheel_odom,,,,,,5587.390089476,-0.762,0.373,0.017627825445142728,,
pose,,,0.4183000304263622,,,5587.390395618,,,,5.285459421692573,-2.1532213439742205
pose,,,-0.09423006864853534,,,5587.410766353,,,,5.287345859203853,-2.1551406211643886
cmd,,,,,,5587.41777219,-1.7509196996688843,0.5518987774848938,0.008324136957526207,,
wheel_odom,,,,,,5587.430947745,-0.842,0.401,-0.058643062867009474,,
diagnostics,2387.0,"[-1769.0,-974.0,2387.0,529.0]",,2845.0,"[-2826.0,-1266.0,2845.0,1285.0]",5587.431653667,,,,,
pose,,,0.21118785712757163,,,5587.431901132,,,,5.273774098903008,-2.1506774059246534
wheel_odom,,,,,,5587.450700558,-0.91,0.389,-0.0460766922526503,,
pose,,,0.3376948114647651,,,5587.451050509,,,,5.252033037921615,-2.1442095763730964
cmd,,,,,,5587.467782623,-1.8501135110855103,0.5843376517295837,0.006152890622615814,,
wheel_odom,,,,,,5587.47010943,-0.984,0.442,-0.08621926504851989,,
diagnostics,2770.0,"[-2026.0,-1172.0,2770.0,621.0]",,3228.0,"[-3182.0,-1498.0,3228.0,1543.0]",5587.470474673,,,,,
pose,,,0.22216683673040835,,,5587.470636045,,,,5.236150463352572,-2.1398584786436783
wheel_odom,,,,,,5587.490755544,-1.036,0.495,-0.009250245035569947,,
pose,,,0.4978580806962733,,,5587.491477079,,,,5.207826116807123,-2.129484373333618
pose,,,-0.1673530862954485,,,5587.511111095,,,,5.210902475768197,-2.132770419295794
cmd,,,,,,5587.517681728,-1.9120159149169922,0.5708632469177246,0.0024124900810420513,,
wheel_odom,,,,,,5587.530422529,-1.119,0.49,-0.02129301687433082,,
diagnostics,2988.0,"[-2411.0,-1325.0,2988.0,841.0]",,3513.0,"[-3431.0,-1675.0,3513.0,1757.0]",5587.530868554,,,,,
pose,,,0.21293009758589587,,,5587.531084774,,,,5.192859489130553,-2.1285166723632107
wheel_odom,,,,,,5587.550765858,-1.196,0.507,0.007155849933176751,,
pose,,,0.3281217328397331,,,5587.551388123,,,,5.163716906731206,-2.1218559288258674
cmd,,,,,,5587.567812489,-1.9920421838760376,0.6035650968551636,-0.0008664674242027104,,
wheel_odom,,,,,,5587.570624757,-1.267,0.527,-0.04904375198104066,,
diagnostics,3364.0,"[-2687.0,-1553.0,3364.0,966.0]",,3891.0,"[-3755.0,-1881.0,3891.0,2017.0]",5587.571245771,,,,,
pose,,,0.18584457756982603,,,5587.571876106,,,,5.142811465459102,-2.1180484179717447
wheel_odom,,,,,,5587.591088422,-1.329,0.542,-0.051487212933832724,,
pose,,,0.5277946567854783,,,5587.591797528,,,,5.105412253364034,-2.1075342364475578
pose,,,-0.24168898533231986,,,5587.610715222,,,,5.110059272747541,-2.112106810058181
cmd,,,,,,5587.617694239,-2.059736728668213,0.5778629779815674,-0.0035356744192540646,,
wheel_odom,,,,,,5587.630273021,-1.407,0.562,-0.10018189906447451,,
diagnostics,3731.0,"[-2982.0,-1662.0,3731.0,1167.0]",,4201.0,"[-3979.0,-2064.0,4201.0,2286.0]",5587.630665432,,,,,
pose,,,0.15272956852600392,,,5587.631035058,,,,5.086908948012688,-2.1090031656157713
wheel_odom,,,,,,5587.651347669,-1.506,0.585,-0.18395770316020232,,
pose,,,0.24704133410934953,,,5587.651768054,,,,5.049991707957778,-2.1038812578827613
cmd,,,,,,5587.66774199,-2.051884412765503,0.6007728576660156,-0.002947861095890403,,
wheel_odom,,,,,,5587.670310448,-1.521,0.581,-0.11344640137963143,,
diagnostics,3952.0,"[-3244.0,-1804.0,3952.0,1452.0]",,4543.0,"[-4220.0,-2181.0,4543.0,2504.0]",5587.670537575,,,,,
pose,,,0.11818422161893982,,,5587.670860952,,,,5.02468549842862,-2.1016245237890008
wheel_odom,,,,,,5587.690231053,-1.611,0.554,-0.08761552845011533,,
pose,,,0.43489838564092537,,,5587.690473988,,,,4.978320084153554,-2.093094883061249
pose,,,-0.25189654929879646,,,5587.710944643,,,,4.984506818028282,-2.0982507452102093
cmd,,,,,,5587.717753301,-1.986884412765503,0.6930432915687561,-0.0059436894953250885,,
wheel_odom,,,,,,5587.731617799,-1.663,0.536,-0.03647738136668149,,
diagnostics,3934.0,"[-3353.0,-2214.0,3934.0,1615.0]",,4632.0,"[-4274.0,-2322.0,4632.0,2680.0]",5587.732482623,,,,,
pose,,,0.027387303601840166,,,5587.73322012,,,,4.956993697258071,-2.097640785235531
wheel_odom,,,,,,5587.75152254,-1.645,0.474,0.014311699866353502,,
pose,,,0.06148594073863114,,,5587.752566954,,,,4.914738081244515,-2.0964511645384944
cmd,,,,,,5587.767806279,-1.921884412765503,0.5830432915687561,-0.01597234606742859,,
wheel_odom,,,,,,5587.770819135,-1.672,0.47,-0.008726646259971648,,
diagnostics,3770.0,"[-3439.0,-2143.0,3770.0,1849.0]",,4657.0,"[-4299.0,-2270.0,4657.0,2628.0]",5587.771480675,,,,,
pose,,,-0.0250778449505441,,,5587.772135442,,,,4.886912873124105,-2.096941879357255
wheel_odom,,,,,,5587.791152964,-1.669,0.492,-0.12356931104119853,,
pose,,,0.1998352196765053,,,5587.791739518,,,,4.836451234357129,-2.093023835102077
pose,,,-0.15965819645328935,,,5587.810598518,,,,4.842728853529411,-2.096034790711104
cmd,,,,,,5587.81762291,-1.856884412765503,0.47304329156875613,-0.021052371710538864,,
wheel_odom,,,,,,5587.830325481,-1.696,0.518,-0.1445132620651305,,
diagnostics,3877.0,"[-3571.0,-1953.0,3877.0,2025.0]",,4703.0,"[-4345.0,-2005.0,4703.0,2363.0]",5587.830718312,,,,,
pose,,,0.011036336002831066,,,5587.831080717,,,,4.814123744391294,-2.095808715230803
wheel_odom,,,,,,5587.850856748,-1.67,0.497,-0.2241002759560719,,
pose,,,0.06072889044160064,,,5587.851302648,,,,4.769040837566526,-2.0945806885233837
cmd,,,,,,5587.867917741,-1.7918844127655031,0.5494967699050903,-0.028019320219755173,,
wheel_odom,,,,,,5587.87048691,-1.682,0.514,-0.3111922056305889,,
diagnostics,3883.0,"[-3579.0,-1821.0,3883.0,2190.0]",,4407.0,"[-4049.0,-2081.0,4407.0,2439.0]",5587.870998304,,,,,
pose,,,0.04664321060749024,,,5587.871246203,,,,4.740073123091181,-2.0936505290576988
wheel_odom,,,,,,5587.89021459,-1.705,0.49,-0.27558748888990464,,
pose,,,0.1340541433714906,,,5587.890618518,,,,4.688180344023935,-2.0910533056364864
pose,,,-0.03933845625846059,,,5587.910340402,,,,4.693742866690106,-2.0918290789157066
cmd,,,,,,5587.917678197,-1.7268844127655032,0.6594967699050903,-0.01995738595724106,,
wheel_odom,,,,,,5587.930937956,-1.708,0.513,-0.3040363556974122,,
diagnostics,3902.0,"[-3598.0,-1878.0,3902.0,2226.0]",,4112.0,"[-3754.0,-2157.0,4112.0,2515.0]",5587.931581654,,,,,
pose,,,0.08034071464376186,,,5587.932212496,,,,4.66370930788812,-2.0900719787999384
wheel_odom,,,,,,5587.95108821,-1.702,0.504,-0.2827433388230814,,
pose,,,0.15799530621161842,,,5587.951684448,,,,4.616348282627497,-2.086995448062821
cmd,,,,,,5587.967923801,-1.7077969312667847,0.7694967699050903,-0.01103838812559843,,
wheel_odom,,,,,,5587.970810169,-1.689,0.528,-0.2789036144686939,,
diagnostics,3862.0,"[-3600.0,-1742.0,3862.0,2182.0]",,4171.0,"[-3813.0,-1760.0,4171.0,2118.0]",5587.971440059,,,,,
pose,,,0.17713879418397752,,,5587.972038844,,,,4.569571020059862,-2.0833900816033433
pose,,,0.0,,,5587.990537912,,,,4.569571020059862,-2.0833900816033433
wheel_odom,,,,,,5588.011219936,-1.679,0.547,-0.27052603405912107,,
pose,,,0.149329893248221,,,5588.011967026,,,,4.534659357189284,-2.080190312926537
cmd,,,,,,5588.017668641,-1.8177969312667848,0.8781566619873047,-0.003450400196015835,,
pose,,,0.006660816163464819,,,5588.030305723,,,,4.5388011475154615,-2.0800681534848304
wheel_odom,,,,,,5588.050493465,-1.686,0.563,-0.30997047515419296,,
diagnostics,3888.0,"[-3671.0,-1660.0,3888.0,2149.0]",,4206.0,"[-3848.0,-1623.0,4206.0,1981.0]",5588.050918101,,,,,
pose,,,0.2373090741026885,,,5588.051101353,,,,4.491303047694411,-2.0751324678924
cmd,,,,,,5588.067819043,-1.9277969312667849,0.9229670763015747,0.00337619730271399,,
wheel_odom,,,,,,5588.070836637,-1.663,0.611,-0.2961823740634377,,
pose,,,0.222643072422592,,,5588.071811315,,,,4.459872585114222,-2.0705226711308438
wheel_odom,,,,,,5588.090221857,-1.676,0.633,-0.2441715623540067,,
diagnostics,3998.0,"[-3784.0,-1549.0,3998.0,1967.0]",,4441.0,"[-4083.0,-1406.0,4441.0,1764.0]",5588.090490171,,,,,
pose,,,0.3566242943648571,,,5588.090705715,,,,4.411719410353302,-2.0637820368857582
wheel_odom,,,,,,5588.110506331,-1.686,0.657,-0.26633724385433466,,
pose,,,0.27364365137208446,,,5588.111077145,,,,4.3792856838170815,-2.0582085814823143
cmd,,,,,,5588.117689401,-2.0377969312667847,0.9480085372924805,0.006297905929386616,,
wheel_odom,,,,,,5588.13024043,-1.694,0.692,-0.268082573106329,,
pose,,,0.4750917258486055,,,5588.130519741,,,,4.326575888913788,-2.0489699914901873
diagnostics,4176.0,"[-3953.0,-1455.0,4176.0,1916.0]",,4717.0,"[-4384.0,-1420.0,4717.0,1753.0]",5588.150047568,,,,,
pose,,,-0.035327029543781654,,,5588.151040986,,,,4.330081595502951,-2.0496948939052357
cmd,,,,,,5588.16787492,-2.1453917026519775,0.9586675763130188,0.007560638710856438,,
wheel_odom,,,,,,5588.170843097,-1.75,0.726,-0.26354471705114374,,
pose,,,0.3354475017200967,,,5588.171433752,,,,4.2962207747759855,-2.0428549076778473
wheel_odom,,,,,,5588.190588864,-1.771,0.736,-0.27192229746071656,,
diagnostics,4291.0,"[-4175.0,-1509.0,4291.0,1973.0]",,4966.0,"[-4659.0,-1542.0,4966.0,1850.0]",5588.190956072,,,,,
pose,,,0.5018304880817914,,,5588.19110753,,,,4.2449903277761125,-2.032980384145495
wheel_odom,,,,,,5588.210427089,-1.822,0.754,-0.24713862208239706,,
pose,,,0.40393838116489905,,,5588.210812474,,,,4.208633256950137,-2.025020470139545
cmd,,,,,,5588.217798922,-2.226356267929077,0.9532938003540039,0.006928005255758762,,
wheel_odom,,,,,,5588.230192148,-1.869,0.771,-0.1980948701013564,,
pose,,,0.6416502402253614,,,5588.230445123,,,,4.15199555325719,-2.0124235419330234
diagnostics,4513.0,"[-4464.0,-1696.0,4513.0,2036.0]",,5257.0,"[-4975.0,-1761.0,5257.0,2043.0]",5588.250299138,,,,,
pose,,,-0.06340680202953812,,,5588.250773121,,,,4.154943427104283,-2.013712314922035
cmd,,,,,,5588.268113342,-2.286652088165283,0.9136563539505005,0.0059974039904773235,,
wheel_odom,,,,,,5588.271264885,-1.921,0.76,-0.11763519158441782,,
pose,,,0.5467886366458008,,,5588.271834839,,,,4.099930666409754,-2.0021969183480817
wheel_odom,,,,,,5588.290370896,-1.956,0.788,-0.1637118838370681,,
diagnostics,4695.0,"[-4531.0,-1848.0,4695.0,2105.0]",,5373.0,"[-5105.0,-1868.0,5373.0,2135.0]",5588.290807921,,,,,
pose,,,0.45171952398522874,,,5588.290980944,,,,4.061814728224169,-1.9935469276315514
wheel_odom,,,,,,5588.310404462,-2.002,0.79,-0.16004669240788003,,
pose,,,0.6537563987434976,,,5588.310732958,,,,4.004274899014293,-1.9806331768088343
cmd,,,,,,5588.317698237,-2.3273048400878906,0.8484734296798706,0.003920321818441153,,
wheel_odom,,,,,,5588.33075123,-2.026,0.796,-0.13578661580515886,,
pose,,,0.4811858904316768,,,5588.331263588,,,,3.962815774070066,-1.9707553081613502
diagnostics,4861.0,"[-4767.0,-2030.0,4861.0,2184.0]",,5521.0,"[-5272.0,-2169.0,5521.0,2418.0]",5588.350874151,,,,,
pose,,,-0.021070794404851243,,,5588.351591261,,,,3.964729093424728,-1.9711835955094232
cmd,,,,,,5588.368052957,-2.3027024269104004,0.8339987993240356,0.005634124856442213,,
wheel_odom,,,,,,5588.370875817,-2.101,0.807,-0.08674286382411818,,
pose,,,0.712404330602325,,,5588.37130599,,,,3.9048746568668395,-1.957136826524847
wheel_odom,,,,,,5588.390551134,-2.122,0.776,-0.15742869852988853,,
diagnostics,4965.0,"[-4786.0,-2210.0,4965.0,2356.0]",,5480.0,"[-5239.0,-2376.0,5480.0,2617.0]",5588.390979148,,,,,
pose,,,0.509555689071481,,,5588.391147894,,,,3.8637715191579347,-1.9470261629239005
wheel_odom,,,,,,5588.411100707,-2.149,0.788,-0.16039575825827887,,
pose,,,0.7208595679820072,,,5588.411848109,,,,3.802118350569966,-1.9321076685205507
cmd,,,,,,5588.417868859,-2.278885841369629,0.7879135608673096,0.005350915715098381,,
wheel_odom,,,,,,5588.430603828,-2.149,0.811,-0.14416419621473162,,
pose,,,0.5547889604870535,,,5588.431116109,,,,3.7580977054610396,-1.92141502948271
diagnostics,5101.0,"[-4832.0,-2177.0,5101.0,2356.0]",,5403.0,"[-5188.0,-2372.0,5403.0,2587.0]",5588.44996777,,,,,
pose,,,0.030875678233476648,,,5588.450372613,,,,3.7603409569153943,-1.920820469144254
cmd,,,,,,5588.467776883,-2.2382078170776367,0.7416948676109314,0.006130781956017017,,
wheel_odom,,,,,,5588.471151569,-2.141,0.805,-0.17505652397503124,,
pose,,,0.7769757868703713,,,5588.471551988,,,,3.698145349574431,-1.904365124276607
wheel_odom,,,,,,5588.490186408,-2.157,0.801,-0.16929693744344995,,
diagnostics,5059.0,"[-4962.0,-2168.0,5059.0,2460.0]",,5278.0,"[-5076.0,-2415.0,5278.0,2617.0]",5588.490453907,,,,,
pose,,,0.6428130646120371,,,5588.490541248,,,,3.656255628983212,-1.8921570608945106
wheel_odom,,,,,,5588.510368693,-2.168,0.803,-0.1741838593490341,,
pose,,,0.8728344504868403,,,5588.510658972,,,,3.5935232472982657,-1.874599523719137
cmd,,,,,,5588.517657598,-2.1732078170776368,0.6730360984802246,0.007393876556307077,,
wheel_odom,,,,,,5588.530287599,-2.182,0.792,-0.10925761117484503,,
pose,,,0.5798840568415987,,,5588.530565766,,,,3.5489218355238954,-1.8630556395859146
diagnostics,5074.0,"[-4981.0,-2227.0,5074.0,2444.0]",,5117.0,"[-4943.0,-2438.0,5117.0,2612.0]",5588.550326608,,,,,
pose,,,0.05120295758659433,,,5588.551035064,,,,3.551162319376338,-1.8620077792001792
cmd,,,,,,5588.567931556,-2.127652168273926,0.6547306776046753,0.007883287034928799,,
wheel_odom,,,,,,5588.570429853,-2.185,0.784,-0.15289084247470328,,
pose,,,0.9217233469702699,,,5588.570715083,,,,3.4878221085838907,-1.8438632154528796
wheel_odom,,,,,,5588.590260323,-2.165,0.776,-0.12531464029319286,,
diagnostics,5024.0,"[-4904.0,-2240.0,5024.0,2517.0]",,5111.0,"[-4949.0,-2443.0,5111.0,2606.0]",5588.590663832,,,,,
pose,,,0.6402518871795548,,,5588.590806802,,,,3.4455047822728164,-1.8309999077449448
wheel_odom,,,,,,5588.610340642,-2.141,0.737,-0.17086773377024483,,
pose,,,0.9253031139675826,,,5588.610906673,,,,3.3816447132464327,-1.8124018694106208
cmd,,,,,,5588.617905655,-2.1024131774902344,0.6594341993331909,0.006763215642422438,,
wheel_odom,,,,,,5588.630604739,-2.133,0.726,-0.08168140899333462,,
pose,,,0.6192503172591332,,,5588.630989822,,,,3.339921084847017,-1.7999656182440766
diagnostics,4827.0,"[-4822.0,-2296.0,4827.0,2471.0]",,4769.0,"[-4626.0,-2415.0,4769.0,2558.0]",5588.649780229,,,,,
pose,,,0.0,,,5588.650162851,,,,3.339921084847017,-1.7999656182440766
cmd,,,,,,5588.667728609,-2.1112444400787354,0.7107664346694946,0.007488810922950506,,
wheel_odom,,,,,,5588.67093607,-2.12,0.722,-0.0736528944341607,,
pose,,,0.859701472255183,,,5588.671681188,,,,3.2765991657393942,-1.781467976172899
wheel_odom,,,,,,5588.690605464,-2.12,0.696,-0.09843656981248018,,
diagnostics,4785.0,"[-4724.0,-2290.0,4785.0,2529.0]",,4763.0,"[-4632.0,-2421.0,4763.0,2551.0]",5588.690966167,,,,,
pose,,,0.6538271016320535,,,5588.691099986,,,,3.234134989449665,-1.76877040082836
wheel_odom,,,,,,5588.710607077,-2.112,0.692,-0.11850785621041497,,
pose,,,0.909117818926162,,,5588.710887408,,,,3.171355842200848,-1.7507810192530688
cmd,,,,,,5588.717724769,-2.1439599990844727,0.7192730903625488,0.005966512951999903,,
wheel_odom,,,,,,5588.730319675,-2.107,0.707,-0.06736970912698112,,
pose,,,0.6381394375250676,,,5588.730663574,,,,3.1292119793808917,-1.7381612177679597
diagnostics,4764.0,"[-4719.0,-2294.0,4764.0,2431.0]",,4808.0,"[-4688.0,-2315.0,4808.0,2435.0]",5588.750019007,,,,,
pose,,,0.0,,,5588.750466525,,,,3.1292119793808917,-1.7381612177679597
cmd,,,,,,5588.767811613,-2.16947078704834,0.7636146545410156,0.007306204177439213,,
wheel_odom,,,,,,5588.770297033,-2.102,0.72,-0.0603883921190038,,
pose,,,0.9026824034264237,,,5588.770699986,,,,3.066816400361102,-1.7198975245311316
wheel_odom,,,,,,5588.79125414,-2.12,0.705,-0.07033676885537149,,
diagnostics,4777.0,"[-4759.0,-2325.0,4777.0,2471.0]",,4818.0,"[-4709.0,-2308.0,4818.0,2418.0]",5588.791621165,,,,,
pose,,,0.5862442963346934,,,5588.791955983,,,,3.024620940793792,-1.707435639242017
wheel_odom,,,,,,5588.810430234,-2.125,0.704,-0.08761552845011533,,
pose,,,0.9542555318875722,,,5588.810809417,,,,2.9619577890936633,-1.689444630284085
cmd,,,,,,5588.817644801,-2.1308538913726807,0.7253192067146301,0.004534883890300989,,
wheel_odom,,,,,,5588.830517603,-2.118,0.696,-0.06318091892219473,,
pose,,,0.5910644752759603,,,5588.831544589,,,,2.919789924935469,-1.6771900461883809
diagnostics,4798.0,"[-4742.0,-2321.0,4798.0,2467.0]",,4951.0,"[-4843.0,-2334.0,4951.0,2442.0]",5588.850224307,,,,,
pose,,,0.0,,,5588.850889656,,,,2.919789924935469,-1.6771900461883809
cmd,,,,,,5588.868101348,-2.108747720718384,0.7065016627311707,0.004153718706220388,,
wheel_odom,,,,,,5588.871126888,-2.122,0.727,-0.06405358354819189,,
pose,,,0.865829929117831,,,5588.871623735,,,,2.8571582901914163,-1.6592358850792215
diagnostics,4868.0,"[-4868.0,-2323.0,4867.0,2456.0]",,4997.0,"[-4905.0,-2325.0,4997.0,2417.0]",5588.890297473,,,,,
wheel_odom,,,,,,5588.890616699,-2.13,0.712,-0.04014257279586958,,
pose,,,0.6368307629785483,,,5588.890998669,,,,2.814867259680685,-1.6468960440425977
wheel_odom,,,,,,5588.910243987,-2.118,0.72,-0.06667157742618339,,
pose,,,0.9314639720784327,,,5588.910545021,,,,2.7522742241899913,-1.6286879623631565
cmd,,,,,,5588.917619975,-2.043747720718384,0.6722572445869446,0.0020541781559586525,,
wheel_odom,,,,,,5588.932627406,-2.105,0.718,-0.07417649320975901,,
pose,,,0.5569426001102896,,,5588.933209275,,,,2.7103004400847563,-1.6160676040587858
diagnostics,4819.0,"[-4744.0,-2290.0,4819.0,2416.0]",,4795.0,"[-4711.0,-2324.0,4795.0,2408.0]",5588.949959839,,,,,
pose,,,0.0,,,5588.950523255,,,,2.7103004400847563,-1.6160676040587858
cmd,,,,,,5588.967760418,-1.9835536479949951,0.6602983474731445,-0.0018880805000662804,,
wheel_odom,,,,,,5588.970263569,-2.088,0.714,-0.05742133239061344,,
pose,,,0.9422652633135268,,,5588.970589529,,,,2.6472524465257776,-1.5971561282140396
diagnostics,4601.0,"[-4596.0,-2269.0,4601.0,2419.0]",,4622.0,"[-4546.0,-2277.0,4622.0,2354.0]",5588.990518456,,,,,
wheel_odom,,,,,,5588.990809254,-2.053,0.667,-0.022689280275926284,,
pose,,,0.843981941775939,,,5588.991141261,,,,2.5870569355545565,-1.5798118123329683
wheel_odom,,,,,,5589.010294003,-2.062,0.665,-0.04310963252425994,,
pose,,,0.6221816222913413,,,5589.010573484,,,,2.5458824725396196,-1.5677207210604163
cmd,,,,,,5589.017761139,-1.9185536479949952,0.6587855815887451,-0.005628542974591255,,
wheel_odom,,,,,,5589.030265037,-2.043,0.685,-0.04520402762665313,,
pose,,,0.8647292289800536,,,5589.030640316,,,,2.48612365128626,-1.550368516977954
diagnostics,4599.0,"[-4562.0,-2265.0,4599.0,2373.0]",,4498.0,"[-4428.0,-2200.0,4498.0,2270.0]",5589.049970764,,,,,
pose,,,0.0,,,5589.050334447,,,,2.48612365128626,-1.550368516977954
cmd,,,,,,5589.067908414,-1.8535536479949952,0.6511754989624023,-0.007559245452284813,,
wheel_odom,,,,,,5589.07139351,-2.026,0.683,-0.062482787221396996,,
pose,,,0.5684697681913643,,,5589.072120333,,,,2.4453286402882597,-1.5379851904082733
wheel_odom,,,,,,5589.090296023,-2.041,0.679,-0.041015237421866746,,
diagnostics,4604.0,"[-4604.0,-2223.0,4587.0,2356.0]",,4495.0,"[-4430.0,-2202.0,4495.0,2267.0]",5589.090572612,,,,,
pose,,,0.9689404821390305,,,5589.090767129,,,,2.3847917985170635,-1.5199145046773745
wheel_odom,,,,,,5589.110170631,-1.988,0.678,-0.028099800957108706,,
pose,,,0.6391340336605081,,,5589.110549675,,,,2.3443943869276787,-1.5072718915060659
cmd,,,,,,5589.117995815,-1.7885536479949953,0.6505415439605713,-0.006605281960219145,,
wheel_odom,,,,,,5589.130197492,-1.972,0.698,-0.026354471705114377,,
pose,,,0.9231349456606897,,,5589.13050626,,,,2.2848401145140302,-1.488847722399382
diagnostics,4459.0,"[-4447.0,-2133.0,4459.0,2176.0]",,4259.0,"[-4197.0,-1999.0,4259.0,2061.0]",5589.149874916,,,,,
pose,,,0.0,,,5589.150292657,,,,2.2848401145140302,-1.488847722399382
cmd,,,,,,5589.167735789,-1.7235536479949953,0.6857182383537292,-0.005053022876381874,,
wheel_odom,,,,,,5589.170643708,-1.928,0.682,-0.0322885911618951,,
pose,,,0.599490546330605,,,5589.171089158,,,,2.2453252212641797,-1.4763796457085616
diagnostics,4425.0,"[-4359.0,-2041.0,4425.0,2151.0]",,4148.0,"[-4089.0,-1891.0,4148.0,1950.0]",5589.190283309,,,,,
wheel_odom,,,,,,5589.190508034,-1.939,0.679,-0.026878070480712675,,
pose,,,0.918601400384824,,,5589.190744788,,,,2.186808473319272,-1.4583232041308076
wheel_odom,,,,,,5589.210179945,-1.903,0.678,-0.05323254218582705,,
pose,,,0.6232828462663693,,,5589.210593705,,,,2.1476749232123757,-1.4459523890396007
cmd,,,,,,5589.217656317,-1.6585536479949954,0.7176535129547119,-0.0037000682204961777,,
wheel_odom,,,,,,5589.230275476,-1.865,0.677,-0.022689280275926284,,
pose,,,0.883197660164668,,,5589.230777911,,,,2.0904590043995435,-1.428125516779875
diagnostics,4322.0,"[-4322.0,-2024.0,4294.0,2004.0]",,4096.0,"[-4039.0,-1723.0,4096.0,1780.0]",5589.249960354,,,,,
pose,,,0.0,,,5589.250312743,,,,2.0904590043995435,-1.428125516779875
cmd,,,,,,5589.26790564,-1.5935536479949954,0.7490439414978027,-0.0015968655934557319,,
wheel_odom,,,,,,5589.271142175,-1.837,0.698,-0.04729842272904633,,
pose,,,0.8204055886465441,,,5589.27167064,,,,2.034910433078821,-1.4106036535551703
diagnostics,4197.0,"[-4196.0,-1813.0,4197.0,1893.0]",,4041.0,"[-3984.0,-1560.0,4041.0,1616.0]",5589.290461364,,,,,
wheel_odom,,,,,,5589.290735668,-1.813,0.693,0.028099800957108706,,
pose,,,0.6149645193634604,,,5589.29106703,,,,1.9980319936474928,-1.398675194767795
wheel_odom,,,,,,5589.310151509,-1.748,0.705,-0.033510321638291124,,
pose,,,0.9380552094416988,,,5589.310554296,,,,1.9433381098690918,-1.3803938382784018
cmd,,,,,,5589.317604804,-1.5285536479949955,0.7804375290870667,-0.0014509431784972548,,
wheel_odom,,,,,,5589.331055298,-1.737,0.718,-0.0054105206811824215,,
pose,,,0.575127910348634,,,5589.331576526,,,,1.9076252557042206,-1.3683053673626835
pose,,,0.0,,,5589.350783136,,,,1.9076252557042206,-1.3683053673626835
cmd,,,,,,5589.368036557,-1.4635536479949955,0.8233725428581238,-0.0008681556209921837,,
diagnostics,4183.0,"[-4161.0,-1691.0,4183.0,1678.0]",,3983.0,"[-3926.0,-1398.0,3983.0,1454.0]",5589.370105083,,,,,
pose,,,0.0,,,5589.370992349,,,,1.9076252557042206,-1.3683053673626835
wheel_odom,,,,,,5589.390869535,-1.688,0.758,0.012915436464758038,,
pose,,,0.9246468695807654,,,5589.391303006,,,,1.8545033006409903,-1.349520707582334
wheel_odom,,,,,,5589.413605342,-1.658,0.766,-0.013788101090755204,,
diagnostics,4080.0,"[-4054.0,-1549.0,4080.0,1523.0]",,3924.0,"[-3870.0,-1237.0,3924.0,1291.0]",5589.414321451,,,,,
pose,,,0.5490612187104094,,,5589.414586835,,,,1.8199255541470152,-1.3367380962577795
cmd,,,,,,5589.417875,-1.3985536479949956,0.8655939102172852,-0.001487022265791893,,
wheel_odom,,,,,,5589.430955943,-1.633,0.772,-0.03944444109507184,,
pose,,,1.1424062793484975,,,5589.431639243,,,,1.768501063238251,-1.3172579397498478
wheel_odom,,,,,,5589.450263856,-1.623,0.783,-0.05201081170943102,,
diagnostics,4088.0,"[-4060.0,-1400.0,4088.0,1416.0]",,3886.0,"[-3834.0,-1055.0,3886.0,1108.0]",5589.450673289,,,,,
pose,,,0.6877299950395784,,,5589.45103015,,,,1.734680844746321,-1.3039200003790359
cmd,,,,,,5589.467965603,-1.3335536479949957,0.9490525722503662,-0.002493035513907671,,
wheel_odom,,,,,,5589.471351839,-1.591,0.801,-0.04363323129985824,,
pose,,,1.015136801081783,,,5589.472066065,,,,1.685152958981568,-1.2825660221851245
pose,,,-0.04977773900907465,,,5589.490796911,,,,1.684529289736986,-1.2834983362892094
wheel_odom,,,,,,5589.510617904,-1.561,0.807,-0.023911010752322315,,
diagnostics,4024.0,"[-3964.0,-1239.0,4024.0,1245.0]",,3843.0,"[-3803.0,-880.0,3843.0,919.0]",5589.511058662,,,,,
pose,,,0.7025744360246114,,,5589.511246331,,,,1.6508579526049056,-1.2691302654198213
cmd,,,,,,5589.517883307,-1.2685536479949957,1.011478304862976,-0.004129274748265743,,
wheel_odom,,,,,,5589.530680074,-1.54,0.824,-0.04729842272904633,,
pose,,,1.0550637288227225,,,5589.531380738,,,,1.6021390310883161,-1.2478899207833356
wheel_odom,,,,,,5589.551390081,-1.53,0.838,-0.06405358354819189,,
diagnostics,4040.0,"[-3983.0,-1135.0,4040.0,1194.0]",,3850.0,"[-3813.0,-801.0,3850.0,839.0]",5589.552077092,,,,,
pose,,,0.7157349209319483,,,5589.552363466,,,,1.5692396512855307,-1.2328718911298056
cmd,,,,,,5589.56785392,-1.2035536479949958,1.0867633819580078,-0.005482881795614958,,
wheel_odom,,,,,,5589.571127106,-1.487,0.87,-0.015009831567151233,,
pose,,,1.232532252453805,,,5589.571410609,,,,1.5227995782774322,-1.2094068952714108
pose,,,-0.05846698345145719,,,5589.590340202,,,,1.5219370565389159,-1.2105144231193306
wheel_odom,,,,,,5589.610403142,-1.429,0.913,0.008726646259971648,,
diagnostics,3976.0,"[-3976.0,-861.0,3917.0,924.0]",,3848.0,"[-3848.0,-435.0,3848.0,435.0]",5589.610839557,,,,,
pose,,,0.7893866119590232,,,5589.610989861,,,,1.490579336051573,-1.1942146363091362
cmd,,,,,,5589.617899168,-1.1385536479949958,1.1341710090637207,-0.006512153428047895,,
wheel_odom,,,,,,5589.630797432,-1.421,0.914,-0.02181661564992912,,
pose,,,1.1020456796651779,,,5589.632375014,,,,1.4451749491444352,-1.1706518262855794
wheel_odom,,,,,,5589.650379251,-1.374,0.969,0.0322885911618951,,
diagnostics,3942.0,"[-3941.0,-689.0,3942.0,652.0]",,3858.0,"[-3858.0,-286.0,3858.0,286.0]",5589.65080358,,,,,
pose,,,0.9161964359033309,,,5589.650963986,,,,1.4150627795582953,-1.153616457307859
cmd,,,,,,5589.667884908,-1.0735536479949959,1.1805682182312012,-0.006847409065812826,,
wheel_odom,,,,,,5589.670722278,-1.335,0.996,0.033510321638291124,,
pose,,,1.3222286190407482,,,5589.671145704,,,,1.3728655314345628,-1.1269322838784936
pose,,,-0.07964784789817785,,,5589.690697991,,,,1.371781665253515,-1.128489486041396
wheel_odom,,,,,,5589.710640986,-1.301,1.014,0.04014257279586958,,
diagnostics,3949.0,"[-3949.0,-417.0,3858.0,460.0]",,3837.0,"[-3837.0,-8.0,3837.0,8.0]",5589.711078338,,,,,
pose,,,0.8669175088408401,,,5589.711244064,,,,1.343109773602985,-1.1106766736453357
cmd,,,,,,5589.71781553,-1.008553647994996,1.2150455713272095,-0.00657598115503788,,
wheel_odom,,,,,,5589.730301939,-1.266,1.024,0.023387411976724018,,
pose,,,1.3837911480475535,,,5589.730722207,,,,1.3013468252115883,-1.0837228713923248
wheel_odom,,,,,,5589.750447381,-1.212,1.065,0.03595378259108319,,
diagnostics,3880.0,"[-3880.0,-191.0,3808.0,276.0]",,3806.0,"[-3806.0,180.0,3806.0,-180.0]",5589.750932568,,,,,
pose,,,0.9078296823699215,,,5589.751284843,,,,1.274367587816915,-1.065055796036179
cmd,,,,,,5589.767902431,-0.943553647994996,1.2290432453155518,-0.005514752119779587,,
wheel_odom,,,,,,5589.770703267,-1.199,1.087,-0.023911010752322315,,
pose,,,1.486351366918325,,,5589.771159398,,,,1.2364450044866482,-1.03551482421652
pose,,,-0.06186799067128558,,,5589.790461164,,,,1.2346955844157919,-1.0367088902330281
wheel_odom,,,,,,5589.810923055,-1.12,1.065,-0.13788101090755203,,
diagnostics,3857.0,"[-3857.0,-15.0,3791.0,113.0]",,3754.0,"[-3754.0,347.0,3754.0,-347.0]",5589.811632825,,,,,
pose,,,0.873349314810232,,,5589.81225035,,,,1.209395053578442,-1.0176798959802824
cmd,,,,,,5589.817844094,-0.878553647994996,1.2271811962127686,-0.004356997087597847,,
wheel_odom,,,,,,5589.830239819,-1.119,1.12,0.005061454830783556,,
pose,,,1.5674110757484472,,,5589.830983079,,,,1.1720299670902525,-0.9883136814448236
wheel_odom,,,,,,5589.850396689,-1.101,1.119,0.007155849933176751,,
diagnostics,3811.0,"[-3811.0,50.0,3726.0,-9.0]",,3668.0,"[-3668.0,481.0,3668.0,-481.0]",5589.85077191,,,,,
pose,,,0.9941075713186902,,,5589.850982053,,,,1.1474714732795193,-0.9684316214758493
cmd,,,,,,5589.868133397,-0.8135536479949961,1.2039579153060913,-0.002870409982278943,,
wheel_odom,,,,,,5589.871223919,-1.077,1.123,0.022689280275926284,,
pose,,,1.5051703326679644,,,5589.8718831,,,,1.1134412004342915,-0.9369792947165139
pose,,,-0.059823716784816676,,,5589.891601178,,,,1.1116281478122099,-0.9381587965253386
wheel_odom,,,,,,5589.910283111,-1.046,1.126,-0.006283185307179586,,
diagnostics,3717.0,"[-3717.0,146.0,3628.0,-134.0]",,3555.0,"[-3555.0,587.0,3555.0,-587.0]",5589.910693382,,,,,
pose,,,1.0936165070655903,,,5589.910860519,,,,1.087575286868455,-0.9170904298107151
cmd,,,,,,5589.917793985,-0.7485536479949961,1.1610389947891235,-0.0017095410730689764,,
wheel_odom,,,,,,5589.930388152,-1.041,1.125,0.014311699866353502,,
pose,,,1.5327573949649265,,,5589.930770625,,,,1.0530544371448824,-0.8865725020172612
wheel_odom,,,,,,5589.951310265,-1.0,1.119,0.01972222054753592,,
diagnostics,3614.0,"[-3614.0,232.0,3540.0,-252.0]",,3406.0,"[-3406.0,658.0,3406.0,-658.0]",5589.951983005,,,,,
pose,,,0.9867928952339708,,,5589.952266026,,,,1.0299218836864852,-0.8653646944904887
cmd,,,,,,5589.96774884,-0.6835536479949962,1.1200337409973145,-0.0010258916299790144,,
wheel_odom,,,,,,5589.97087887,-0.988,1.151,-0.029670597283903602,,
pose,,,1.7193258228325692,,,5589.971234022,,,,0.9985675399481663,-0.8327460043176116
pose,,,-0.07142705608703093,,,5589.990585264,,,,0.9969135640416912,-0.8341280335689211
diagnostics,3486.0,"[-3418.0,267.0,3486.0,-319.0]",,3243.0,"[-3205.0,714.0,3243.0,-676.0]",5590.010252358,,,,,
wheel_odom,,,,,,5590.010591547,-0.951,1.134,-0.0054105206811824215,,
pose,,,1.486389893315536,,,5590.010986205,,,,0.965384651445289,-0.8037992332717221
cmd,,,,,,5590.017806595,-0.6185536479949962,1.0581668615341187,-0.0009021361474879086,,
wheel_odom,,,,,,5590.030542262,-0.934,1.119,0.01710422666954443,,
pose,,,1.0221823531904688,,,5590.031158828,,,,0.9442969860535694,-0.7831844473272442
wheel_odom,,,,,,5590.050134572,-0.901,1.091,-0.0322885911618951,,
diagnostics,3358.0,"[-3307.0,290.0,3358.0,-411.0]",,3065.0,"[-3025.0,755.0,3065.0,-716.0]",5590.05041527,,,,,
pose,,,1.548503920016698,,,5590.050624746,,,,0.9141962286829626,-0.753033536792125
cmd,,,,,,5590.067856832,-0.5535536479949963,1.004360318183899,-0.0013973473105579615,,
wheel_odom,,,,,,5590.070216866,-0.841,1.084,0.017627825445142728,,
pose,,,1.0748118559214948,,,5590.070434813,,,,0.8961868958252196,-0.7317406970693876
pose,,,-0.039153691497212276,,,5590.091629688,,,,0.8945484628590394,-0.7325702397924637
wheel_odom,,,,,,5590.110470571,-0.813,1.068,-0.045727626402251434,,
diagnostics,3201.0,"[-3175.0,456.0,3201.0,-453.0]",,2850.0,"[-2811.0,760.0,2850.0,-721.0]",5590.110813676,,,,,
pose,,,1.547331159639954,,,5590.110937839,,,,0.8665539170242569,-0.7026827694201114
cmd,,,,,,5590.117764169,-0.4885536479949963,0.9428853392601013,-0.0019130549626424909,,
wheel_odom,,,,,,5590.130146339,-0.787,1.059,0.0158824961931484,,
pose,,,1.0696875817792202,,,5590.130469322,,,,0.8477015961366773,-0.6817900893988358
wheel_odom,,,,,,5590.150897356,-0.765,1.017,-0.07120943348136864,,
diagnostics,3015.0,"[-2982.0,510.0,3015.0,-411.0]",,2649.0,"[-2610.0,779.0,2649.0,-740.0]",5590.151412119,,,,,
pose,,,1.3792838942315948,,,5590.151588089,,,,0.8214761572418979,-0.6526640493299621
cmd,,,,,,5590.167962371,-0.4235536479949963,0.8801404237747192,-0.001557690091431141,,
wheel_odom,,,,,,5590.171347228,-0.708,0.979,-0.024783675378319478,,
pose,,,0.953115803915551,,,5590.172426562,,,,0.8041620490256208,-0.6328035206875483
wheel_odom,,,,,,5590.19059157,-0.697,0.952,-0.017627825445142728,,
pose,,,1.5938985971793502,,,5590.191017286,,,,0.7812110625424735,-0.6031698567903441
diagnostics,2794.0,"[-2794.0,420.0,2785.0,-496.0]",,2435.0,"[-2399.0,784.0,2435.0,-748.0]",5590.210237588,,,,,
pose,,,-0.08882173412644306,,,5590.210530039,,,,0.7800447437752677,-0.6049031949898556
cmd,,,,,,5590.217700573,-0.3585536479949963,0.8165749311447144,-0.0018662948859855533,,
wheel_odom,,,,,,5590.230710375,-0.66,0.968,-0.0008726646259971648,,
pose,,,0.9209984047355503,,,5590.231429574,,,,0.7639855250217129,-0.5856599178705774
wheel_odom,,,,,,5590.250264563,-0.602,0.947,0.016755160819145562,,
diagnostics,2604.0,"[-2604.0,552.0,2599.0,-649.0]",,2218.0,"[-2184.0,786.0,2218.0,-752.0]",5590.250543329,,,,,
pose,,,1.428085525781226,,,5590.250827392,,,,0.7418993292256443,-0.5579511542841327
cmd,,,,,,5590.267651833,-0.2935536479949963,0.7364030480384827,-0.0017479414818808436,,
wheel_odom,,,,,,5590.27055621,-0.578,0.956,-0.038571776469074684,,
pose,,,1.2931734674405813,,,5590.271510601,,,,0.7213537371483164,-0.5312035267182207
wheel_odom,,,,,,5590.290254092,-0.541,0.905,-0.016755160819145562,,
pose,,,0.9193305500742426,,,5590.290553965,,,,0.7081665555698737,-0.5136975056772113
diagnostics,2565.0,"[-2417.0,583.0,2565.0,-658.0]",,1985.0,"[-1985.0,773.0,1985.0,-773.0]",5590.309970551,,,,,
pose,,,0.0,,,5590.310429842,,,,0.7081665555698737,-0.5136975056772113
cmd,,,,,,5590.31779608,-0.27312976121902466,0.6782718300819397,-0.0015344207640737295,,
wheel_odom,,,,,,5590.330310834,-0.535,0.898,0.05689773361501514,,
pose,,,1.27045938740081,,,5590.330697534,,,,0.6893736024741258,-0.48794743715947186
wheel_odom,,,,,,5590.350386716,-0.513,0.852,-0.010821041362364843,,
diagnostics,2345.0,"[-2238.0,548.0,2345.0,-568.0]",,1738.0,"[-1738.0,746.0,1738.0,-746.0]",5590.35081375,,,,,
pose,,,0.8193300998942733,,,5590.350976387,,,,0.6769799485862029,-0.4713322305929695
cmd,,,,,,5590.36793539,-0.2779090106487274,0.5775073170661926,0.002008916810154915,,
wheel_odom,,,,,,5590.3709572,-0.466,0.796,-0.07295476273336297,,
pose,,,1.1718308964423985,,,5590.371478809,,,,0.6599994163950799,-0.44731155105239223
wheel_odom,,,,,,5590.390379986,-0.43,0.763,0.0301941960595019,,
pose,,,0.7945242955696027,,,5590.390798189,,,,0.6492740475057744,-0.4319592194877314
diagnostics,2031.0,"[-2005.0,567.0,2031.0,-603.0]",,1605.0,"[-1605.0,683.0,1605.0,-683.0]",5590.410041881,,,,,
pose,,,0.0,,,5590.4105817,,,,0.6492740475057744,-0.4319592194877314
cmd,,,,,,5590.41781631,-0.29152393341064453,0.46750731706619264,0.002605765825137496,,
wheel_odom,,,,,,5590.430802254,-0.451,0.772,0.022165681500327987,,
pose,,,1.103323556972736,,,5590.431358829,,,,0.6337570238522315,-0.4090366586375071
wheel_odom,,,,,,5590.450256124,-0.439,0.686,-0.029670597283903602,,
diagnostics,1975.0,"[-1875.0,464.0,1975.0,-381.0]",,1445.0,"[-1445.0,506.0,1445.0,-506.0]",5590.45054195,,,,,
pose,,,0.7307181899997257,,,5590.450635621,,,,0.623416997442078,-0.39494772140562917
cmd,,,,,,5590.46889781,-0.3014278709888458,0.4065774381160736,0.0036609135568141937,,
wheel_odom,,,,,,5590.471510848,-0.414,0.641,-0.08377580409572781,,
pose,,,0.9618868625317036,,,5590.472119505,,,,0.6090370299298502,-0.3742854431780835
wheel_odom,,,,,,5590.49017253,-0.43,0.598,-0.08709192967451705,,
pose,,,0.6872582462168452,,,5590.490516733,,,,0.5992144760496858,-0.3616409271459052
diagnostics,1738.0,"[-1729.0,286.0,1738.0,-270.0]",,1282.0,"[-1282.0,297.0,1282.0,-297.0]",5590.509837713,,,,,
pose,,,0.0,,,5590.510115623,,,,0.5992144760496858,-0.3616409271459052
cmd,,,,,,5590.517722745,-0.31447723507881165,0.34655633568763733,0.0037651658058166504,,
wheel_odom,,,,,,5590.531190377,-0.385,0.554,-0.05201081170943102,,
pose,,,0.8759843757345264,,,5590.53180613,,,,0.5858272910797538,-0.34264332609585135
pose,,,0.0,,,5590.550939174,,,,0.5858272910797538,-0.34264332609585135
cmd,,,,,,5590.567995223,-0.32636240124702454,0.30550652742385864,0.004264225251972675,,
wheel_odom,,,,,,5590.570407792,-0.377,0.531,-0.026354471705114377,,
diagnostics,1590.0,"[-1545.0,274.0,1590.0,-258.0]",,1195.0,"[-1195.0,178.0,1195.0,-178.0]",5590.570638151,,,,,
pose,,,0.560896363843714,,,5590.571230992,,,,0.5772085416830934,-0.33126203438721086
wheel_odom,,,,,,5590.590703278,-0.376,0.492,0.0158824961931484,,
pose,,,0.8584285032526452,,,5590.591139956,,,,0.5647966572335489,-0.31417048081084636
wheel_odom,,,,,,5590.610561756,-0.394,0.477,0.014660765716752368,,
pose,,,0.5367238834719927,,,5590.611174225,,,,0.5562376072014249,-0.3034188929205798
cmd,,,,,,5590.618012079,-0.34200945496559143,0.26672473549842834,0.0054238964803516865,,
diagnostics,1485.0,"[-1465.0,104.0,1485.0,-157.0]",,1115.0,"[-1115.0,55.0,1115.0,-55.0]",5590.629891013,,,,,
pose,,,0.0,,,5590.630347362,,,,0.5562376072014249,-0.3034188929205798
wheel_odom,,,,,,5590.650468061,-0.372,0.462,0.011344640137963142,,
pose,,,0.7562563601650943,,,5590.650903608,,,,0.5444329524419064,-0.28787270108239854
cmd,,,,,,5590.667938972,-0.35034888982772827,0.2473248392343521,0.005626271944493055,,
wheel_odom,,,,,,5590.670736678,-0.321,0.409,-0.013439035240356337,,
diagnostics,1217.0,"[-1193.0,117.0,1217.0,-109.0]",,1066.0,"[-1066.0,-33.0,1066.0,33.0]",5590.671367165,,,,,
pose,,,0.44968417587202336,,,5590.671656903,,,,0.5371967504130852,-0.2785417157599499
wheel_odom,,,,,,5590.691325802,-0.345,0.355,0.009250245035569947,,
pose,,,0.6368799279519094,,,5590.691993203,,,,0.5264876028271614,-0.26558992747579185
wheel_odom,,,,,,5590.710575457,-0.351,0.35,0.03438298626428829,,
pose,,,0.40906017493650926,,,5590.710941419,,,,0.5191668828257023,-0.2578379283201768
cmd,,,,,,5590.717866575,-0.3535723090171814,0.22049112617969513,0.005550938192754984,,
diagnostics,1216.0,"[-1216.0,4.0,1130.0,0.0]",,1044.0,"[-1044.0,-142.0,1011.0,110.0]",5590.729792821,,,,,
pose,,,0.0,,,5590.730110313,,,,0.5191668828257023,-0.2578379283201768
wheel_odom,,,,,,5590.750216043,-0.355,0.355,-0.010821041362364843,,
pose,,,0.5678399469454637,,,5590.750605577,,,,0.5085646424237446,-0.24620083052352779
cmd,,,,,,5590.767890036,-0.3466919958591461,0.20822732150554657,0.005795941222459078,,
wheel_odom,,,,,,5590.77052595,-0.345,0.346,0.0322885911618951,,
diagnostics,1151.0,"[-1151.0,-3.0,1102.0,-3.0]",,1026.0,"[-1026.0,-192.0,989.0,155.0]",5590.771148898,,,,,
pose,,,0.34101684837629226,,,5590.771424915,,,,0.5014886927427904,-0.23910215082989603
wheel_odom,,,,,,5590.791410871,-0.322,0.313,0.0322885911618951,,
pose,,,0.5090729680373107,,,5590.791834333,,,,0.491475772133921,-0.22871015874379252
wheel_odom,,,,,,5590.810371805,-0.325,0.29,0.011344640137963142,,
pose,,,0.31662440892281574,,,5590.810769859,,,,0.4848080252989962,-0.22271480653656622
cmd,,,,,,5590.817797283,-0.33151742815971375,0.18699514865875244,0.006106309127062559,,
diagnostics,1064.0,"[-1064.0,-74.0,1035.0,71.0]",,987.0,"[-987.0,-244.0,950.0,207.0]",5590.830102034,,,,,
pose,,,0.0,,,5590.830603533,,,,0.4848080252989962,-0.22271480653656622
wheel_odom,,,,,,5590.850744882,-0.334,0.281,0.044331363000655974,,
pose,,,0.44588241879823187,,,5590.851070879,,,,0.47494569402750714,-0.21358774680714604
cmd,,,,,,5590.867672535,-0.3168356716632843,0.17186526954174042,0.00669880211353302,,
wheel_odom,,,,,,5590.870012218,-0.343,0.266,0.06161012259539983,,
diagnostics,1026.0,"[-1026.0,-145.0,956.0,119.0]",,953.0,"[-953.0,-251.0,920.0,217.0]",5590.870273641,,,,,
pose,,,0.2795346735711276,,,5590.870461156,,,,0.4681328038018402,-0.208167257246388
wheel_odom,,,,,,5590.890235022,-0.336,0.244,0.04153883619746504,,
pose,,,0.4078561581027085,,,5590.890593038,,,,0.458053376008299,-0.19995685828168122
wheel_odom,,,,,,5590.911172571,-0.32,0.255,0.030543261909900768,,
diagnostics,951.0,"[-951.0,-137.0,947.0,87.0]",,892.0,"[-892.0,-261.0,859.0,228.0]",5590.911780745,,,,,
pose,,,0.23044779049402986,,,5590.911960411,,,,0.45155494925622686,-0.19503310065019364
cmd,,,,,,5590.917810038,-0.3593544363975525,0.176812082529068,0.006632148753851652,,
wheel_odom,,,,,,5590.930135332,-0.309,0.239,0.06911503837897545,,
pose,,,0.44851236372896425,,,5590.930460082,,,,0.4420324023474974,-0.18673489488274966
pose,,,-0.03476275742776154,,,5590.95016648,,,,0.44202301116125087,-0.18741992241093272
cmd,,,,,,5590.967808001,-0.3722310960292816,0.18976294994354248,0.006861594971269369,,
wheel_odom,,,,,,5590.97102721,-0.303,0.231,-0.010471975511965976,,
diagnostics,892.0,"[-892.0,-168.0,862.0,121.0]",,825.0,"[-825.0,-244.0,825.0,244.0]",5590.971604227,,,,,
pose,,,0.18866455692376802,,,5590.973492736,,,,0.43589616269736153,-0.18301999496463975
wheel_odom,,,,,,5590.990871022,-0.328,0.222,0.013439035240356337,,
pose,,,0.3801919752616592,,,5590.991555331,,,,0.42641029026991256,-0.1761521782285874
wheel_odom,,,,,,5591.010259524,-0.347,0.234,0.02757620218151041,,
diagnostics,951.0,"[-951.0,-195.0,927.0,190.0]",,904.0,"[-904.0,-307.0,904.0,307.0]",5591.010664223,,,,,
pose,,,0.3435177724250887,,,5591.010822339,,,,0.4167471746526367,-0.16953253063858895
cmd,,,,,,5591.017576297,-0.39267703890800476,0.18986636400222778,0.006593544501811266,,
wheel_odom,,,,,,5591.03041123,-0.323,0.206,0.050265482457436686,,
pose,,,0.22409879687934664,,,5591.031018857,,,,0.4102832231873821,-0.16500722340580312
pose,,,-0.03216360607484636,,,5591.050614728,,,,0.41043963593922167,-0.16563755134836405
cmd,,,,,,5591.067848404,-0.34515026211738586,0.16624948382377625,0.00743611017242074,,
wheel_odom,,,,,,5591.070393564,-0.319,0.195,-0.027227136331111543,,
diagnostics,925.0,"[-925.0,-231.0,772.0,169.0]",,948.0,"[-948.0,-307.0,948.0,307.0]",5591.070796639,,,,,
pose,,,0.28804574224745094,,,5591.070953887,,,,0.4010980947145922,-0.15977854166172767
wheel_odom,,,,,,5591.09092953,-0.318,0.183,-0.0008726646259971648,,
pose,,,0.17431488644825738,,,5591.091345634,,,,0.39494510072324895,-0.1562238994236552
wheel_odom,,,,,,5591.110444114,-0.32,0.211,-0.0041887902047863905,,
diagnostics,915.0,"[-915.0,-206.0,893.0,246.0]",,984.0,"[-984.0,-342.0,984.0,342.0]",5591.110858928,,,,,
pose,,,0.2940412486032408,,,5591.111032394,,,,0.3857264268326486,-0.1504353331277071
cmd,,,,,,5591.117826195,-0.32202279567718506,0.1546204388141632,0.007564153056591749,,
wheel_odom,,,,,,5591.130359919,-0.306,0.179,-0.010471975511965976,,
pose,,,0.19790697727009893,,,5591.130782341,,,,0.3795446779342497,-0.14652660877767731
pose,,,-0.0193329643623893,,,5591.150838315,,,,0.37967417793481895,-0.14691431051769646
cmd,,,,,,5591.168090578,-0.35248082876205444,0.15401692688465118,0.007651777938008308,,
wheel_odom,,,,,,5591.17051195,-0.317,0.186,-0.026354471705114377,,
diagnostics,887.0,"[-852.0,-237.0,887.0,267.0]",,862.0,"[-862.0,-302.0,862.0,302.0]",5591.17097769,,,,,
pose,,,0.25928255639506437,,,5591.171341869,,,,0.37050875397335986,-0.14159743363588734
wheel_odom,,,,,,5591.190426024,-0.308,0.191,-0.01972222054753592,,
pose,,,0.18041238861347533,,,5591.191095201,,,,0.364482289594519,-0.1380340019245913
wheel_odom,,,,,,5591.21039736,-0.307,0.188,0.025132741228718343,,
diagnostics,869.0,"[-869.0,-170.0,805.0,234.0]",,805.0,"[-805.0,-281.0,805.0,281.0]",5591.21074222,,,,,
pose,,,0.2712684036344072,,,5591.210936856,,,,0.35549344859902277,-0.13265086193301268
cmd,,,,,,5591.217743596,-0.3777642548084259,0.15361644327640533,0.007512660697102547,,
wheel_odom,,,,,,5591.230429895,-0.327,0.176,-0.025132741228718343,,
pose,,,0.1873517164672034,,,5591.230727348,,,,0.3491059740778482,-0.12894314036384696
pose,,,-0.00798609041571072,,,5591.251418332,,,,0.349003697294511,-0.12910832270939887
cmd,,,,,,5591.267885236,-0.4000159204006195,0.1554272323846817,0.007317919284105301,,
wheel_odom,,,,,,5591.270498141,-0.333,0.179,-0.05480333851262195,,
diagnostics,886.0,"[-886.0,-254.0,878.0,253.0]",,854.0,"[-854.0,-334.0,854.0,334.0]",5591.270911431,,,,,
pose,,,0.26481664925572546,,,5591.271099431,,,,0.33959821172077503,-0.1238949472470863
wheel_odom,,,,,,5591.290979483,-0.322,0.172,0.012217304763960306,,
pose,,,0.24808243014418102,,,5591.291399728,,,,0.33027720433313706,-0.11885881263862429
diagnostics,837.0,"[-825.0,-296.0,837.0,290.0]",,898.0,"[-898.0,-378.0,898.0,378.0]",5591.310221779,,,,,
wheel_odom,,,,,,5591.310562637,-0.321,0.179,0.0736528944341607,,
pose,,,0.17186474523033363,,,5591.310966124,,,,0.3240869290509588,-0.11549599463400889
cmd,,,,,,5591.317958274,-0.4129619002342224,0.15473000705242157,0.006938303355127573,,
wheel_odom,,,,,,5591.330352935,-0.318,0.155,0.015009831567151233,,
pose,,,0.24639253954485146,,,5591.330784622,,,,0.31478404846496677,-0.11061295895018983
wheel_odom,,,,,,5591.350557999,-0.354,0.152,-0.02600540585471551,,
pose,,,0.16213266524466768,,,5591.350974257,,,,0.30796919869432016,-0.10733955426693556
cmd,,,,,,5591.367962871,-0.4206123650074005,0.1502486765384674,0.006440460681915283,,
diagnostics,898.0,"[-898.0,-268.0,816.0,286.0]",,936.0,"[-936.0,-413.0,936.0,413.0]",5591.37002424,,,,,
pose,,,-0.01319913965862318,,,5591.370465373,,,,0.3082537376693782,-0.10759681896201401
wheel_odom,,,,,,5591.391445153,-0.347,0.161,0.009250245035569947,,
pose,,,0.2211479495539603,,,5591.392185505,,,,0.2984286799190404,-0.1027944043675292
diagnostics,857.0,"[-856.0,-277.0,857.0,339.0]",,958.0,"[-958.0,-435.0,958.0,435.0]",5591.410251895,,,,,
wheel_odom,,,,,,5591.410590941,-0.348,0.153,0.03769911184307752,,
pose,,,0.17541327931004416,,,5591.411045951,,,,0.29161511846878574,-0.09948527828530201
cmd,,,,,,5591.417676632,-0.4226272702217102,0.1431310921907425,0.006009366363286972,,
wheel_odom,,,,,,5591.430551782,-0.369,0.156,0.011344640137963142,,
pose,,,0.24037026146793192,,,5591.431154445,,,,0.28134052082241157,-0.09465249548498954
pose,,,0.0,,,5591.450170644,,,,0.28134052082241157,-0.09465249548498954
cmd,,,,,,5591.467865732,-0.419788122177124,0.13488592207431793,0.005703936796635389,,
wheel_odom,,,,,,5591.470343383,-0.346,0.141,0.014660765716752368,,
diagnostics,927.0,"[-884.0,-304.0,927.0,295.0]",,963.0,"[-963.0,-457.0,963.0,457.0]",5591.470768329,,,,,
pose,,,0.15144032134805996,,,5591.470925966,,,,0.2744642480484819,-0.09150934086312246
wheel_odom,,,,,,5591.490541189,-0.356,0.168,0.012217304763960306,,
pose,,,0.24153333699327142,,,5591.49110507,,,,0.26422701151733186,-0.08663529497732511
wheel_odom,,,,,,5591.510276849,-0.366,0.163,0.014660765716752368,,
diagnostics,894.0,"[-894.0,-287.0,889.0,349.0]",,955.0,"[-955.0,-472.0,955.0,472.0]",5591.510631595,,,,,
pose,,,0.16987896627321616,,,5591.510777632,,,,0.25712565077419625,-0.08329339025539315
cmd,,,,,,5591.517666776,-0.4134334921836853,0.12654593586921692,0.0055608260445296764,,
wheel_odom,,,,,,5591.530706581,-0.374,0.163,-0.07295476273336297,,
pose,,,0.2327383869211848,,,5591.531554433,,,,0.24650267141633786,-0.07845876601543006
wheel_odom,,,,,,5591.550608992,-0.398,0.164,-0.012217304763960306,,
pose,,,0.1676920035392526,,,5591.551317941,,,,0.23881459251915657,-0.07514468404171694
cmd,,,,,,5591.568097375,-0.40412190556526184,0.11846018582582474,0.005625233985483646,,
diagnostics,900.0,"[-900.0,-358.0,868.0,382.0]",,936.0,"[-936.0,-481.0,936.0,481.0]",5591.570401886,,,,,
pose,,,0.0011210001197206163,,,5591.571485339,,,,0.23892557214223492,-0.07512207726164599
wheel_odom,,,,,,5591.591063617,-0.368,0.144,0.023387411976724018,,
pose,,,0.23179354852180153,,,5591.591439953,,,,0.2280178128398137,-0.07049519014553209
wheel_odom,,,,,,5591.610276502,-0.377,0.152,0.011693705988362009,,
diagnostics,890.0,"[-890.0,-383.0,843.0,435.0]",,911.0,"[-911.0,-482.0,911.0,482.0]",5591.610679822,,,,,
pose,,,0.164895730776478,,,5591.610842809,,,,0.22058340747371186,-0.0672960906159085
cmd,,,,,,5591.61763957,-0.3911759853363037,0.11030928045511246,0.00580607820302248,,
wheel_odom,,,,,,5591.630423731,-0.381,0.143,-0.04904375198104066,,
pose,,,0.23473884464759898,,,5591.631021121,,,,0.20938126546763355,-0.06256321865987384
wheel_odom,,,,,,5591.650371005,-0.389,0.153,0.0,,
pose,,,0.15861811415643043,,,5591.650769612,,,,0.2017158197048322,-0.05942811228222139
cmd,,,,,,5591.667922044,-0.37481728196144104,0.1019887924194336,0.006053597200661898,,
diagnostics,947.0,"[-886.0,-394.0,947.0,422.0]",,881.0,"[-881.0,-482.0,881.0,482.0]",5591.670730647,,,,,
pose,,,-0.00449637058865011,,,5591.67145489,,,,0.20183162610066868,-0.059521099123461776
wheel_odom,,,,,,5591.690930393,-0.378,0.123,0.018500490071139894,,
pose,,,0.21681593467834448,,,5591.691558019,,,,0.1905330214813231,-0.05516198375199598
wheel_odom,,,,,,5591.71022957,-0.376,0.133,0.046949356878647465,,
diagnostics,893.0,"[-796.0,-406.0,893.0,412.0]",,845.0,"[-845.0,-474.0,845.0,474.0]",5591.710701559,,,,,
pose,,,0.1414230133861426,,,5591.710899852,,,,0.1831022470245456,-0.05242633997367161
cmd,,,,,,5591.717706523,-0.35504719614982605,0.09352181851863861,0.006277413107454777,,
wheel_odom,,,,,,5591.73037195,-0.372,0.127,0.06318091892219473,,
pose,,,0.2044379261077975,,,5591.7308546,,,,0.17198163657834042,-0.048346996431238576
wheel_odom,,,,,,5591.751165454,-0.356,0.133,0.02181661564992912,,
pose,,,0.13198421893530465,,,5591.751849631,,,,0.1647452247208593,-0.045576279307828045
cmd,,,,,,5591.768025076,-0.3321020305156708,0.08510168641805649,0.0063371555879712105,,
diagnostics,815.0,"[-815.0,-398.0,791.0,439.0]",,757.0,"[-757.0,-440.0,757.0,440.0]",5591.77061239,,,,,
pose,,,-0.003091584481484024,,,5591.771326282,,,,0.16486408658532056,-0.045636491205049964
wheel_odom,,,,,,5591.790518134,-0.367,0.109,-0.012915436464758038,,
pose,,,0.19501505553895612,,,5591.791031784,,,,0.15396930229986638,-0.04179303288760304
wheel_odom,,,,,,5591.810267975,-0.346,0.1,0.06789330790257943,,
diagnostics,815.0,"[-815.0,-432.0,617.0,405.0]",,757.0,"[-757.0,-440.0,757.0,440.0]",5591.810683401,,,,,
pose,,,0.11969217767018756,,,5591.811042276,,,,0.14683374924713924,-0.0393977535068367
cmd,,,,,,5591.817752485,-0.3073478937149048,0.07666222751140594,0.0063844239339232445,,
wheel_odom,,,,,,5591.830195285,-0.341,0.109,-0.004537856055185257,,
pose,,,0.1848244547452505,,,5591.830590278,,,,0.1363761238043333,-0.03578479305189052
wheel_odom,,,,,,5591.850857846,-0.346,0.106,-0.00034906585039886593,,
pose,,,0.10976979504107648,,,5591.851587072,,,,0.1294250196543749,-0.03348038597512502
cmd,,,,,,5591.868018898,-0.28033146262168884,0.0684138610959053,0.006316344253718853,,
pose,,,0.0,,,5591.870547185,,,,0.1294250196543749,-0.03348038597512502
diagnostics,796.0,"[-796.0,-367.0,759.0,378.0]",,703.0,"[-703.0,-416.0,703.0,416.0]",5591.890112721,,,,,
pose,,,-0.0038088600426558405,,,5591.890573882,,,,0.12938944104661468,-0.033556678931042305
wheel_odom,,,,,,5591.910625836,-0.317,0.091,-0.014311699866353502,,
pose,,,0.15523618579156886,,,5591.91106706,,,,0.1194109243246282,-0.03037536882202424
cmd,,,,,,5591.917777783,-0.25660306215286255,0.06188882142305374,0.006227277684956789,,
wheel_odom,,,,,,5591.930185345,-0.336,0.104,0.004537856055185257,,
diagnostics,703.0,"[-676.0,-386.0,703.0,389.0]",,648.0,"[-648.0,-388.0,648.0,388.0]",5591.930585311,,,,,
pose,,,0.10520874275408997,,,5591.93075445,,,,0.11263625328027062,-0.028304066543816064
wheel_odom,,,,,,5591.950780153,-0.305,0.09,-0.04642575810304917,,
pose,,,0.14503808826729148,,,5591.951442232,,,,0.10307667222266126,-0.025303925840665053
cmd,,,,,,5591.968046962,-0.23064054548740387,0.05507878214120865,0.006186489015817642,,
wheel_odom,,,,,,5591.971070171,-0.305,0.095,-0.035255650890285456,,
pose,,,0.10036225309556134,,,5591.971727862,,,,0.09685930596315188,-0.02326805686198207
diagnostics,676.0,"[-676.0,-358.0,596.0,395.0]",,587.0,"[-587.0,-357.0,587.0,357.0]",5591.990053006,,,,,
pose,,,-0.006211682893568966,,,5591.990511867,,,,0.09678000046543565,-0.023384752922186496
wheel_odom,,,,,,5592.010605128,-0.298,0.082,0.02897246558310587,,
pose,,,0.12947862323081313,,,5592.011026753,,,,0.08767362669559836,-0.020728456238738632
cmd,,,,,,5592.017779064,-0.16564054548740387,0.0,0.0,,
wheel_odom,,,,,,5592.03056523,-0.302,0.076,0.0029670597283903604,,
diagnostics,607.0,"[-607.0,-340.0,579.0,351.0]",,538.0,"[-538.0,-329.0,538.0,329.0]",5592.031050649,,,,,
pose,,,0.11647449028283213,,,5592.031519466,,,,0.07875293527596083,-0.018341753930411465
wheel_odom,,,,,,5592.050615435,-0.225,0.075,-0.028099800957108706,,
pose,,,0.07342400338318784,,,5592.05132965,,,,0.07375801047850657,-0.016887177505463886
cmd,,,,,,5592.067992595,-0.10064054548740387,0.0,0.0,,
wheel_odom,,,,,,5592.070768684,-0.223,0.052,-0.008028514559173916,,
pose,,,0.11150687175700118,,,5592.07141429,,,,0.06620092772051306,-0.014647829491259142
diagnostics,481.0,"[-450.0,-216.0,481.0,265.0]",,202.0,"[-202.0,-124.0,202.0,124.0]",5592.090292839,,,,,
pose,,,-0.011750848943825288,,,5592.090856491,,,,0.06646830051589532,-0.014876315912340256
wheel_odom,,,,,,5592.110622816,-0.147,0.041,0.06667157742618339,,
pose,,,0.04720616828555941,,,5592.11105044,,,,0.0627255215867,-0.013922988476789641
cmd,,,,,,5592.117731157,-0.03564054548740386,0.0,0.0,,
wheel_odom,,,,,,5592.130076101,-0.134,0.04,0.015009831567151233,,
diagnostics,391.0,"[-358.0,-120.0,391.0,175.0]",,0.0,"[0.0,0.0,0.0,0.0]",5592.130435123,,,,,
pose,,,0.07557641780025033,,,5592.130587311,,,,0.05749729571245078,-0.012446415725507186
wheel_odom,,,,,,5592.150623931,-0.121,0.028,-0.02844886680750757,,
pose,,,0.03127670713701497,,,5592.15129563,,,,0.05458551041119817,-0.011798835320013005
cmd,,,,,,5592.167982089,0.0,0.0,0.0,,
wheel_odom,,,,,,5592.172999842,-0.114,0.036,-0.02303834612632515,,
pose,,,0.06603613667643835,,,5592.173308694,,,,0.05037696245197298,-0.010345260030108308
diagnostics,254.0,"[-254.0,-126.0,205.0,173.0]",,0.0,"[0.0,0.0,0.0,0.0]",5592.190144743,,,,,
pose,,,-0.01586902213624267,,,5592.190592212,,,,0.05033844559496829,-0.010619598924085769
wheel_odom,,,,,,5592.210461347,-0.077,0.013,0.030543261909900768,,
pose,,,0.013777989445041673,,,5592.210881272,,,,0.04830861060343031,-0.010340057998910954
cmd,,,,,,5592.217784144,0.0,0.0,0.0,,
wheel_odom,,,,,,5592.230700853,-0.063,0.016,0.02548180707911721,,
diagnostics,149.0,"[-149.0,-76.0,79.0,75.0]",,0.0,"[0.0,0.0,0.0,0.0]",5592.231410102,,,,,
pose,,,0.03283985929619412,,,5592.232064724,,,,0.045524456838401076,-0.00964453250420764
wheel_odom,,,,,,5592.250341547,-0.039,0.004,0.0012217304763960308,,
pose,,,0.0047581175281446375,,,5592.250862749,,,,0.04440045932527993,-0.009555075469629231
cmd,,,,,,5592.268090326,0.0,0.0,0.0,,
wheel_odom,,,,,,5592.271029751,-0.024,0.018,0.009599310885968814,,
pose,,,0.035392305196114596,,,5592.271595785,,,,0.04280587336963136,-0.008821276789958771
diagnostics,69.0,"[-59.0,-5.0,69.0,6.0]",,0.0,"[0.0,0.0,0.0,0.0]",5592.290080693,,,,,
pose,,,-0.01851966997897106,,,5592.290536381,,,,0.0429193088299854,-0.009172057136767515
wheel_odom,,,,,,5592.310835922,-0.019,0.009,0.007155849933176751,,
pose,,,0.01545532652561547,,,5592.311286278,,,,0.041888294269023435,-0.008851358446786901
cmd,,,,,,5592.317952393,0.0,0.0,0.0,,
wheel_odom,,,,,,5592.331373027,0.001,-0.001,-0.0008726646259971648,,
diagnostics,15.0,"[4.0,-3.0,-15.0,-3.0]",,0.0,"[0.0,0.0,0.0,0.0]",5592.33209474,,,,,
pose,,,-0.0023222834165964705,,,5592.332685223,,,,0.04176885468810451,-0.008901047330214086
wheel_odom,,,,,,5592.35084725,-0.004,0.005,0.011693705988362009,,
pose,,,0.0053336879998574435,,,5592.351538636,,,,0.04146906858874033,-0.008800489822254816
cmd,,,,,,5592.368142633,0.0,0.0,0.0,,
wheel_odom,,,,,,5592.371848108,-0.008,0.008,0.02129301687433082,,
pose,,,0.009371768252746859,,,5592.37250515,,,,0.041252757668206866,-0.00860400114163393
diagnostics,57.0,"[-57.0,0.0,0.0,0.0]",,0.0,"[0.0,0.0,0.0,0.0]",5592.390455247,,,,,
pose,,,-0.011849168200596552,,,5592.390941812,,,,0.04141713752902474,-0.00882249304923178
wheel_odom,,,,,,5592.410545617,-0.011,0.012,0.03316125578789226,,
pose,,,0.004464561774500132,,,5592.410960135,,,,0.041241569900425934,-0.008733114558345537
cmd,,,,,,5592.417849464,0.0,0.0,0.0,,
wheel_odom,,,,,,5592.430779811,0.001,0.001,0.008377580409572781,,
diagnostics,19.0,"[-5.0,-5.0,0.0,-19.0]",,0.0,"[0.0,0.0,0.0,0.0]",5592.431529519,,,,,
pose,,,-0.005454241269408574,,,5592.43224503,,,,0.04143610573255643,-0.008849182263385904
wheel_odom,,,,,,5592.450651184,0.002,-0.001,0.011693705988362009,,
pose,,,-0.004512527275404343,,,5592.451299225,,,,0.041603738002465515,-0.008935171503036712
cmd,,,,,,5592.468027025,0.0,0.0,0.0,,
wheel_odom,,,,,,5592.470815046,-0.003,-0.004,0.019198621771937627,,
pose,,,-0.0084135741878308,,,5592.471400797,,,,0.04177313500224215,-0.009104299429753337
diagnostics,30.0,"[0.0,-30.0,0.0,0.0]",,0.0,"[0.0,0.0,0.0,0.0]",5592.489941298,,,,,
pose,,,0.0,,,5592.490398194,,,,0.04177313500224215,-0.009104299429753337
wheel_odom,,,,,,5592.510397626,0.0,0.001,-0.0024434609527920616,,
pose,,,-0.004799257989826765,,,5592.510828414,,,,0.041950019003715144,-0.009202344589454422
cmd,,,,,,5592.517840355,0.0,0.0,0.0,,
wheel_odom,,,,,,5592.530609567,0.0,0.001,0.00034906585039886593,,
diagnostics,5.0,"[-5.0,0.0,2.0,0.0]",,0.0,"[0.0,0.0,0.0,0.0]",5592.53118899,,,,,
pose,,,-0.005000767344865594,,,5592.531423642,,,,0.042133656660535895,-0.009305332992556035
wheel_odom,,,,,,5592.550540454,-0.001,0.001,0.0020943951023931952,,
pose,,,-0.004516948784208418,,,5592.551070804,,,,0.0422959593039807,-0.009394081121464072
cmd,,,,,,5592.567953409,0.0,0.0,0.0,,
wheel_odom,,,,,,5592.570766684,0.0,0.0,0.0,,
pose,,,-0.004477777677499589,,,5592.571370402,,,,0.04245256946462277,-0.009484969982571798
diagnostics,0.0,"[0.0,0.0,0.0,0.0]",,0.0,"[0.0,0.0,0.0,0.0]",5592.590343088,,,,,
pose,,,0.0,,,5592.591082406,,,,0.04245256946462277,-0.009484969982571798
wheel_odom,,,,,,5592.610478061,0.001,-0.001,0.0020943951023931952,,
pose,,,-0.004752994687486732,,,5592.610874085,,,,0.04261552848661729,-0.009579059143699794
cmd,,,,,,5592.617694198,0.0,0.0,0.0,,
wheel_odom,,,,,,5592.630402564,0.0,0.0,0.0012217304763960308,,
diagnostics,3.0,"[0.0,0.0,-3.0,0.0]",,0.0,"[0.0,0.0,0.0,0.0]",5592.630903832,,,,,
pose,,,-0.0034471912221062466,,,5592.631136259,,,,0.042748955823780556,-0.0096489006718894
wheel_odom,,,,,,5592.650311234,0.0,-0.001,0.00034906585039886593,,
pose,,,-0.003984836056524826,,,5592.650803576,,,,0.04288054839586619,-0.009727272494803792
cmd,,,,,,5592.668141662,0.0,0.0,0.0,,
wheel_odom,,,,,,5592.670537989,0.0,0.0,0.0012217304763960308,,
pose,,,-0.002483306597839074,,,5592.671069391,,,,0.04298892698034392,-0.00977759507147715
diagnostics,3.0,"[0.0,0.0,0.0,-3.0]",,0.0,"[0.0,0.0,0.0,0.0]",5592.690340406,,,,,
pose,,,0.0,,,5592.691165642,,,,0.04298892698034392,-0.00977759507147715
wheel_odom,,,,,,5592.710372927,0.001,0.001,0.0020943951023931952,,
pose,,,-0.0021181495547255473,,,5592.710768946,,,,0.043108109228555645,-0.009819124333487802
cmd,,,,,,5592.717753365,0.0,0.0,0.0,,
wheel_odom,,,,,,5592.73022997,0.0,0.0,0.0,,
diagnostics,3.0,"[-3.0,0.0,0.0,0.0]",,0.0,"[0.0,0.0,0.0,0.0]",5592.730623558,,,,,
pose,,,-0.0016929065051294518,,,5592.730980414,,,,0.04319733703001004,-0.009853340884062995
wheel_odom,,,,,,5592.751069089,0.0,0.0,0.0012217304763960308,,
pose,,,-0.001698110656850497,,,5592.751742634,,,,0.043286765608905174,-0.009888591187151694
cmd,,,,,,5592.767887084,0.0,0.0,0.0,,
wheel_odom,,,,,,5592.770637733,0.0,0.0,0.0,,
pose,,,-0.001162354922907727,,,5592.771594793,,,,0.04335735180376313,-0.009911668305151587
diagnostics,0.0,"[0.0,0.0,0.0,0.0]",,0.0,"[0.0,0.0,0.0,0.0]",5592.789991183,,,,,
pose,,,0.0,,,5592.790437244,,,,0.04335735180376313,-0.009911668305151587
wheel_odom,,,,,,5592.81087557,0.0,0.0,0.0012217304763960308,,
pose,,,-0.0011716883861482895,,,5592.81128981,,,,0.043427667548022894,-0.009936101279356119
cmd,,,,,,5592.817737428,0.0,0.0,0.0,,
wheel_odom,,,,,,5592.830085813,0.0,0.0,0.0012217304763960308,,
diagnostics,3.0,"[0.0,0.0,-3.0,0.0]",,0.0,"[0.0,0.0,0.0,0.0]",5592.830301979,,,,,
pose,,,-0.0007670390263800902,,,5592.830797579,,,,0.04348413345129993,-0.009951066215363043
wheel_odom,,,,,,5592.850997585,0.0,0.0,0.0,,
pose,,,-0.0007786302050278776,,,5592.851717518,,,,0.04354021266750402,-0.009967352681650861
cmd,,,,,,5592.867853281,0.0,0.0,0.0,,
wheel_odom,,,,,,5592.87078893,0.0,0.0,0.0,,
pose,,,-0.0004693745885778008,,,5592.871522346,,,,0.04358564239475168,-0.009976648571685929
diagnostics,0.0,"[0.0,0.0,0.0,0.0]",,0.0,"[0.0,0.0,0.0,0.0]",5592.890170369,,,,,
pose,,,0.0,,,5592.891047864,,,,0.04358564239475168,-0.009976648571685929
wheel_odom,,,,,,5592.910644712,0.0,0.0,0.0012217304763960308,,
pose,,,-0.0005231865058995488,,,5592.910982779,,,,0.043630690676528326,-0.009987080962409266
cmd,,,,,,5592.917802218,0.0,0.0,0.0,,
wheel_odom,,,,,,5592.930825369,0.001,-0.001,0.0020943951023931952,,
diagnostics,3.0,"[0.0,0.0,-3.0,0.0]",,0.0,"[0.0,0.0,0.0,0.0]",5592.931277234,,,,,
pose,,,-0.000728206645919077,,,5592.931780731,,,,0.043679197865090245,-0.01000222444779637
wheel_odom,,,,,,5592.950270025,0.0,0.0,-0.0008726646259971648,,
pose,,,-0.00040214409220991224,,,5592.950712239,,,,0.043719620531738786,-0.010009838494842998
cmd,,,,,,5592.967795044,0.0,0.0,0.0,,
wheel_odom,,,,,,5592.970169554,0.0,0.001,0.00034906585039886593,,
pose,,,0.00036519514887386854,,,5592.97071485,,,,0.04374906047024146,-0.010002533831894488
diagnostics,4.0,"[0.0,0.0,4.0,0.0]",,0.0,"[0.0,0.0,0.0,0.0]",5592.989989967,,,,,
pose,,,0.0,,,5592.99037125,,,,0.04374906047024146,-0.010002533831894488
wheel_odom,,,,,,5593.010573424,0.0,0.0,0.0033161255787892262,,
pose,,,-0.00011701744908723323,,,5593.010970801,,,,0.043778859673955464,-0.01000494440468562
cmd,,,,,,5593.017725172,0.0,0.0,0.0,,
wheel_odom,,,,,,5593.030393207,-0.001,0.0,0.00034906585039886593,,
diagnostics,6.0,"[0.0,0.0,6.0,4.0]",,0.0,"[0.0,0.0,0.0,0.0]",5593.030680267,,,,,
pose,,,-8.84110591536318e-05,,,5593.031105472,,,,0.043792436922738875,-0.010006724440857411
wheel_odom,,,,,,5593.050426499,0.0,0.0,0.0012217304763960308,,
pose,,,-3.892305291625722e-05,,,5593.051152155,,,,0.04381174328504704,-0.010007504697319385
wheel_odom,,,,,,5593.070293304,0.0,0.0,0.0,,
pose,,,-5.039506365422054e-05,,,5593.070726259,,,,0.0438296118358526,-0.010008491214505503
diagnostics,0.0,"[0.0,0.0,0.0,0.0]",,0.0,"[0.0,0.0,0.0,0.0]",5593.089926009,,,,,
pose,,,0.0,,,5593.090352557,,,,0.0438296118358526,-0.010008491214505503
wheel_odom,,,,,,5593.113546997,0.001,0.0,0.0033161255787892262,,
pose,,,-1.4882919831739703e-05,,,5593.113765927,,,,0.04385848666423887,-0.010008839624596382
wheel_odom,,,,,,5593.130712039,0.001,-0.001,0.0024434609527920616,,
diagnostics,5.0,"[2.0,0.0,-5.0,0.0]",,0.0,"[0.0,0.0,0.0,0.0]",5593.131334133,,,,,
pose,,,-0.0006001894439041617,,,5593.131541199,,,,0.04389093986484625,-0.010019508401891081
wheel_odom,,,,,,5593.150647088,0.001,-0.001,-0.0017453292519943296,,
pose,,,-0.0004938944280416584,,,5593.151168606,,,,0.043918130139971555,-0.010029202508878319
wheel_odom,,,,,,5593.170790962,0.0,0.0,-0.0008726646259971648,,
pose,,,-0.00010354649064147156,,,5593.171841112,,,,0.043938988107317146,-0.010031342944065838
diagnostics,3.0,"[0.0,0.0,0.0,-3.0]",,0.0,"[0.0,0.0,0.0,0.0]",5593.190162057,,,,,
pose,,,0.0,,,5593.190965976,,,,0.043938988107317146,-0.010031342944065838
wheel_odom,,,,,,5593.211908216,0.0,0.001,0.00034906585039886593,,
pose,,,0.000511294806864304,,,5593.212843572,,,,0.043948843830490206,-0.010020157314341957
wheel_odom,,,,,,5593.231040024,0.0,0.001,0.00034906585039886593,,
diagnostics,3.0,"[0.0,0.0,2.0,-3.0]",,0.0,"[0.0,0.0,0.0,0.0]",5593.234101682,,,,,
pose,,,0.0005388346504462102,,,5593.234440387,,,,0.04395986503598507,-0.010008521755002102
wheel_odom,,,,,,5593.250371038,0.0,0.001,0.00034906585039886593,,
pose,,,0.0006728464622199627,,,5593.250798504,,,,0.04396601145536967,-0.009997511827715414
wheel_odom,,,,,,5593.270184627,0.0,0.001,0.00034906585039886593,,
pose,,,0.0006764323665863937,,,5593.270589962,,,,0.04397259295349721,-0.0099841240460712
diagnostics,3.0,"[0.0,0.0,2.0,-3.0]",,0.0,"[0.0,0.0,0.0,0.0]",5593.289896149,,,,,
pose,,,0.0,,,5593.290430955,,,,0.04397259295349721,-0.0099841240460712
wheel_odom,,,,,,5593.311074788,0.0,0.001,0.00034906585039886593,,
pose,,,-0.0011634334707929773,,,5593.311733271,,,,0.04401219782910539,-0.01000890648553468
pose,,,0.0,,,5593.33017211,,,,0.04401219782910539,-0.01000890648553468
wheel_odom,,,,,,5593.350093392,0.0,0.001,0.00034906585039886593,,
diagnostics,3.0,"[0.0,0.0,2.0,-3.0]",,0.0,"[0.0,0.0,0.0,0.0]",5593.350489893,,,,,
pose,,,0.0,,,5593.350931806,,,,0.04401219782910539,-0.01000890648553468
wheel_odom,,,,,,5593.370254727,0.0,0.001,0.00034906585039886593,,
pose,,,0.0,,,5593.3713431,,,,0.04401219782910539,-0.01000890648553468
wheel_odom,,,,,,5593.39026277,0.0,0.001,0.00034906585039886593,,
diagnostics,3.0,"[0.0,0.0,2.0,-3.0]",,0.0,"[0.0,0.0,0.0,0.0]",5593.390741816,,,,,
pose,,,0.0,,,5593.390931941,,,,0.04401219782910539,-0.01000890648553468
wheel_odom,,,,,,5593.411585654,0.0,0.001,0.00034906585039886593,,
pose,,,0.0,,,5593.412709091,,,,0.04401219782910539,-0.01000890648553468
pose,,,0.0,,,5593.431818258,,,,0.04401219782910539,-0.01000890648553468
wheel_odom,,,,,,5593.450131,0.0,0.001,0.00034906585039886593,,
diagnostics,3.0,"[0.0,0.0,2.0,-3.0]",,0.0,"[0.0,0.0,0.0,0.0]",5593.450497415,,,,,
pose,,,0.0,,,5593.450836068,,,,0.04401219782910539,-0.01000890648553468
wheel_odom,,,,,,5593.469989251,0.0,0.001,0.00034906585039886593,,
pose,,,0.0,,,5593.470402187,,,,0.04401219782910539,-0.01000890648553468
wheel_odom,,,,,,5593.490071265,0.0,0.001,0.00034906585039886593,,
diagnostics,3.0,"[0.0,0.0,2.0,-3.0]",,0.0,"[0.0,0.0,0.0,0.0]",5593.490367345,,,,,
pose,,,0.0,,,5593.490592171,,,,0.04401219782910539,-0.01000890648553468
wheel_odom,,,,,,5593.510656374,0.0,0.001,0.00034906585039886593,,
pose,,,0.0,,,5593.511152539,,,,0.04401219782910539,-0.01000890648553468
pose,,,0.0,,,5593.531877947,,,,0.04401219782910539,-0.01000890648553468
wheel_odom,,,,,,5593.550679476,0.0,0.001,0.00034906585039886593,,
diagnostics,3.0,"[0.0,0.0,2.0,-3.0]",,0.0,"[0.0,0.0,0.0,0.0]",5593.551265158,,,,,
pose,,,0.0,,,5593.551879998,,,,0.04401219782910539,-0.01000890648553468
wheel_odom,,,,,,5593.570290049,0.0,0.001,0.00034906585039886593,,
pose,,,0.0,,,5593.570809491,,,,0.04401219782910539,-0.01000890648553468
wheel_odom,,,,,,5593.58999783,0.0,0.001,0.00034906585039886593,,
diagnostics,3.0,"[0.0,0.0,2.0,-3.0]",,0.0,"[0.0,0.0,0.0,0.0]",5593.59029505,,,,,
pose,,,0.0,,,5593.590491066,,,,0.04401219782910539,-0.01000890648553468
wheel_odom,,,,,,5593.611111406,0.0,0.001,0.00034906585039886593,,
pose,,,0.0,,,5593.611746729,,,,0.04401219782910539,-0.01000890648553468
pose,,,0.0,,,5593.631224175,,,,0.04401219782910539,-0.01000890648553468
wheel_odom,,,,,,5593.650100144,0.0,0.001,0.00034906585039886593,,
diagnostics,3.0,"[0.0,0.0,2.0,-3.0]",,0.0,"[0.0,0.0,0.0,0.0]",5593.650486942,,,,,
pose,,,0.0,,,5593.650651667,,,,0.04401219782910539,-0.01000890648553468
wheel_odom,,,,,,5593.669955181,0.0,0.001,0.00034906585039886593,,
pose,,,0.0,,,5593.670297614,,,,0.04401219782910539,-0.01000890648553468
wheel_odom,,,,,,5593.690074519,0.0,0.001,0.00034906585039886593,,
diagnostics,3.0,"[0.0,0.0,2.0,-3.0]",,0.0,"[0.0,0.0,0.0,0.0]",5593.690436429,,,,,
pose,,,0.0,,,5593.690725684,,,,0.04401219782910539,-0.01000890648553468
wheel_odom,,,,,,5593.710248244,0.0,0.001,0.00034906585039886593,,
pose,,,0.0,,,5593.710594963,,,,0.04401219782910539,-0.01000890648553468
pose,,,0.0,,,5593.730882538,,,,0.04401219782910539,-0.01000890648553468
wheel_odom,,,,,,5593.75006363,0.0,0.001,0.00034906585039886593,,
diagnostics,3.0,"[0.0,0.0,2.0,-3.0]",,0.0,"[0.0,0.0,0.0,0.0]",5593.75037514,,,,,
pose,,,0.0,,,5593.750578702,,,,0.04401219782910539,-0.01000890648553468
wheel_odom,,,,,,5593.76992252,0.0,0.001,0.00034906585039886593,,
pose,,,0.0,,,5593.770281164,,,,0.04401219782910539,-0.01000890648553468
wheel_odom,,,,,,5593.790043885,0.0,0.001,0.00034906585039886593,,
diagnostics,3.0,"[0.0,0.0,2.0,-3.0]",,0.0,"[0.0,0.0,0.0,0.0]",5593.790367709,,,,,
pose,,,0.0,,,5593.790477658,,,,0.04401219782910539,-0.01000890648553468
wheel_odom,,,,,,5593.810189772,0.0,0.001,0.00034906585039886593,,
pose,,,0.0,,,5593.810439475,,,,0.04401219782910539,-0.01000890648553468
pose,,,0.0,,,5593.831174683,,,,0.04401219782910539,-0.01000890648553468
wheel_odom,,,,,,5593.85103832,0.0,0.001,0.00034906585039886593,,
diagnostics,3.0,"[0.0,0.0,2.0,-3.0]",,0.0,"[0.0,0.0,0.0,0.0]",5593.851590676,,,,,
pose,,,0.0,,,5593.853514183,,,,0.04401219782910539,-0.01000890648553468
wheel_odom,,,,,,5593.870123893,0.0,0.001,0.00034906585039886593,,
pose,,,0.0,,,5593.870647723,,,,0.04401219782910539,-0.01000890648553468
wheel_odom,,,,,,5593.890017916,0.0,0.001,0.00034906585039886593,,
diagnostics,3.0,"[0.0,0.0,2.0,-3.0]",,0.0,"[0.0,0.0,0.0,0.0]",5593.890240211,,,,,
pose,,,0.0,,,5593.890607676,,,,0.04401219782910539,-0.01000890648553468
wheel_odom,,,,,,5593.910713994,0.0,0.001,0.00034906585039886593,,
pose,,,0.0,,,5593.911258467,,,,0.04401219782910539,-0.01000890648553468
pose,,,0.0,,,5593.930826993,,,,0.04401219782910539,-0.01000890648553468
wheel_odom,,,,,,5593.950077052,0.0,0.001,0.00034906585039886593,,
diagnostics,3.0,"[0.0,0.0,2.0,-3.0]",,0.0,"[0.0,0.0,0.0,0.0]",5593.950469168,,,,,
pose,,,0.0,,,5593.950635204,,,,0.04401219782910539,-0.01000890648553468
wheel_odom,,,,,,5593.970283512,0.0,0.001,0.00034906585039886593,,
pose,,,0.0,,,5593.970692375,,,,0.04401219782910539,-0.01000890648553468
wheel_odom,,,,,,5593.99023309,0.0,0.001,0.00034906585039886593,,
diagnostics,3.0,"[0.0,0.0,2.0,-3.0]",,0.0,"[0.0,0.0,0.0,0.0]",5593.990637332,,,,,
pose,,,0.0,,,5593.990809526,,,,0.04401219782910539,-0.01000890648553468
wheel_odom,,,,,,5594.010147636,0.0,0.001,0.00034906585039886593,,
pose,,,0.0,,,5594.010531543,,,,0.04401219782910539,-0.01000890648553468
pose,,,0.0,,,5594.030941762,,,,0.04401219782910539,-0.01000890648553468
wheel_odom,,,,,,5594.051115816,0.0,0.001,0.00034906585039886593,,
diagnostics,3.0,"[0.0,0.0,2.0,-3.0]",,0.0,"[0.0,0.0,0.0,0.0]",5594.051874468,,,,,
pose,,,0.0,,,5594.052186953,,,,0.04401219782910539,-0.01000890648553468
wheel_odom,,,,,,5594.070174059,0.0,0.001,0.00034906585039886593,,
pose,,,0.0,,,5594.070580311,,,,0.04401219782910539,-0.01000890648553468
wheel_odom,,,,,,5594.090469563,0.0,0.001,0.00034906585039886593,,
diagnostics,3.0,"[0.0,0.0,2.0,-3.0]",,0.0,"[0.0,0.0,0.0,0.0]",5594.091075874,,,,,
pose,,,0.0,,,5594.091355465,,,,0.04401219782910539,-0.01000890648553468
wheel_odom,,,,,,5594.110540493,0.0,0.001,0.00034906585039886593,,
pose,,,0.0,,,5594.110958071,,,,0.04401219782910539,-0.01000890648553468
pose,,,0.0,,,5594.131043544,,,,0.04401219782910539,-0.01000890648553468
wheel_odom,,,,,,5594.150513256,0.0,0.001,0.00034906585039886593,,
diagnostics,3.0,"[0.0,0.0,2.0,-3.0]",,0.0,"[0.0,0.0,0.0,0.0]",5594.151100993,,,,,
pose,,,0.0,,,5594.151554652,,,,0.04401219782910539,-0.01000890648553468
wheel_odom,,,,,,5594.17025349,0.0,0.001,0.00034906585039886593,,
pose,,,0.0,,,5594.170744982,,,,0.04401219782910539,-0.01000890648553468
wheel_odom,,,,,,5594.190208492,0.0,0.001,0.00034906585039886593,,
diagnostics,3.0,"[0.0,0.0,2.0,-3.0]",,0.0,"[0.0,0.0,0.0,0.0]",5594.190636442,,,,,
pose,,,0.0,,,5594.190796723,,,,0.04401219782910539,-0.01000890648553468
wheel_odom,,,,,,5594.21035584,0.0,0.001,0.00034906585039886593,,
pose,,,0.0,,,5594.210754228,,,,0.04401219782910539,-0.01000890648553468
pose,,,0.0,,,5594.230890506,,,,0.04401219782910539,-0.01000890648553468
wheel_odom,,,,,,5594.250072995,0.0,0.001,0.00034906585039886593,,
diagnostics,3.0,"[0.0,0.0,2.0,-3.0]",,0.0,"[0.0,0.0,0.0,0.0]",5594.250425204,,,,,
pose,,,0.0,,,5594.25067036,,,,0.04401219782910539,-0.01000890648553468
wheel_odom,,,,,,5594.269966197,0.0,0.001,0.00034906585039886593,,
pose,,,0.0,,,5594.270289414,,,,0.04401219782910539,-0.01000890648553468
wheel_odom,,,,,,5594.290203774,0.0,0.001,0.00034906585039886593,,
diagnostics,3.0,"[0.0,0.0,2.0,-3.0]",,0.0,"[0.0,0.0,0.0,0.0]",5594.290673213,,,,,
pose,,,0.0,,,5594.29103342,,,,0.04401219782910539,-0.01000890648553468
wheel_odom,,,,,,5594.310365845,0.0,0.001,0.00034906585039886593,,
pose,,,0.0,,,5594.310626572,,,,0.04401219782910539,-0.01000890648553468
pose,,,0.0,,,5594.331153166,,,,0.04401219782910539,-0.01000890648553468
wheel_odom,,,,,,5594.35037555,0.0,0.001,0.00034906585039886593,,
diagnostics,3.0,"[0.0,0.0,2.0,-3.0]",,0.0,"[0.0,0.0,0.0,0.0]",5594.350862729,,,,,
pose,,,0.0,,,5594.351279878,,,,0.04401219782910539,-0.01000890648553468
wheel_odom,,,,,,5594.370371026,0.0,0.001,0.00034906585039886593,,
pose,,,0.0,,,5594.371419245,,,,0.04401219782910539,-0.01000890648553468
wheel_odom,,,,,,5594.390421674,0.0,0.001,0.00034906585039886593,,
diagnostics,3.0,"[0.0,0.0,2.0,-3.0]",,0.0,"[0.0,0.0,0.0,0.0]",5594.391010887,,,,,
pose,,,0.0,,,5594.391239414,,,,0.04401219782910539,-0.01000890648553468
wheel_odom,,,,,,5594.410423248,0.0,0.001,0.00034906585039886593,,
pose,,,0.0,,,5594.410860658,,,,0.04401219782910539,-0.01000890648553468
pose,,,0.0,,,5594.430587552,,,,0.04401219782910539,-0.01000890648553468
wheel_odom,,,,,,5594.450198594,0.0,0.001,0.00034906585039886593,,
diagnostics,3.0,"[0.0,0.0,2.0,-3.0]",,0.0,"[0.0,0.0,0.0,0.0]",5594.450800622,,,,,
pose,,,0.0,,,5594.451078395,,,,0.04401219782910539,-0.01000890648553468
wheel_odom,,,,,,5594.470870179,0.0,0.001,0.00034906585039886593,,
pose,,,0.0,,,5594.471857889,,,,0.04401219782910539,-0.01000890648553468
wheel_odom,,,,,,5594.490474935,0.0,0.001,0.00034906585039886593,,
diagnostics,3.0,"[0.0,0.0,2.0,-3.0]",,0.0,"[0.0,0.0,0.0,0.0]",5594.491129431,,,,,
pose,,,0.0,,,5594.491420192,,,,0.04401219782910539,-0.01000890648553468
wheel_odom,,,,,,5594.510256922,0.0,0.001,0.00034906585039886593,,
pose,,,0.0,,,5594.510651112,,,,0.04401219782910539,-0.01000890648553468
pose,,,0.0,,,5594.532134234,,,,0.04401219782910539,-0.01000890648553468
wheel_odom,,,,,,5594.550526405,0.0,0.001,0.00034906585039886593,,
diagnostics,3.0,"[0.0,0.0,2.0,-3.0]",,0.0,"[0.0,0.0,0.0,0.0]",5594.551077593,,,,,
pose,,,0.0,,,5594.551228218,,,,0.04401219782910539,-0.01000890648553468
wheel_odom,,,,,,5594.570029144,0.0,0.001,0.00034906585039886593,,
pose,,,0.0,,,5594.570414172,,,,0.04401219782910539,-0.01000890648553468
wheel_odom,,,,,,5594.590253197,0.0,0.001,0.00034906585039886593,,
diagnostics,3.0,"[0.0,0.0,2.0,-3.0]",,0.0,"[0.0,0.0,0.0,0.0]",5594.590582261,,,,,
pose,,,0.0,,,5594.590693672,,,,0.04401219782910539,-0.01000890648553468
wheel_odom,,,,,,5594.611021039,0.0,0.001,0.00034906585039886593,,
pose,,,0.0,,,5594.611425829,,,,0.04401219782910539,-0.01000890648553468
pose,,,0.0,,,5594.630351028,,,,0.04401219782910539,-0.01000890648553468
wheel_odom,,,,,,5594.649981286,0.0,0.001,0.00034906585039886593,,
diagnostics,3.0,"[0.0,0.0,2.0,-3.0]",,0.0,"[0.0,0.0,0.0,0.0]",5594.650323727,,,,,
pose,,,0.0,,,5594.650546772,,,,0.04401219782910539,-0.01000890648553468
wheel_odom,,,,,,5594.670234645,0.0,0.001,0.00034906585039886593,,
pose,,,0.0,,,5594.670989923,,,,0.04401219782910539,-0.01000890648553468
wheel_odom,,,,,,5594.690514613,0.0,0.001,0.00034906585039886593,,
diagnostics,3.0,"[0.0,0.0,2.0,-3.0]",,0.0,"[0.0,0.0,0.0,0.0]",5594.691163266,,,,,
pose,,,0.0,,,5594.691747204,,,,0.04401219782910539,-0.01000890648553468
wheel_odom,,,,,,5594.710701783,0.0,0.001,0.00034906585039886593,,
pose,,,0.0,,,5594.711230878,,,,0.04401219782910539,-0.01000890648553468
pose,,,0.0,,,5594.731285816,,,,0.04401219782910539,-0.01000890648553468
wheel_odom,,,,,,5594.751083158,0.0,0.001,0.00034906585039886593,,
diagnostics,3.0,"[0.0,0.0,2.0,-3.0]",,0.0,"[0.0,0.0,0.0,0.0]",5594.751805603,,,,,
pose,,,0.0,,,5594.753171443,,,,0.04401219782910539,-0.01000890648553468
wheel_odom,,,,,,5594.770126849,0.0,0.001,0.00034906585039886593,,
pose,,,0.0,,,5594.770784753,,,,0.04401219782910539,-0.01000890648553468
wheel_odom,,,,,,5594.790144962,0.0,0.001,0.00034906585039886593,,
diagnostics,3.0,"[0.0,0.0,2.0,-3.0]",,0.0,"[0.0,0.0,0.0,0.0]",5594.790409523,,,,,
pose,,,0.0,,,5594.790675215,,,,0.04401219782910539,-0.01000890648553468
wheel_odom,,,,,,5594.812305293,0.0,0.001,0.00034906585039886593,,
pose,,,0.0,,,5594.813349534,,,,0.04401219782910539,-0.01000890648553468
pose,,,0.0,,,5594.831404921,,,,0.04401219782910539,-0.01000890648553468
wheel_odom,,,,,,5594.850167131,0.0,0.001,0.00034906585039886593,,
diagnostics,3.0,"[0.0,0.0,2.0,-3.0]",,0.0,"[0.0,0.0,0.0,0.0]",5594.850451056,,,,,
pose,,,0.0,,,5594.850746587,,,,0.04401219782910539,-0.01000890648553468
wheel_odom,,,,,,5594.870038795,0.0,0.001,0.00034906585039886593,,
pose,,,0.0,,,5594.870549968,,,,0.04401219782910539,-0.01000890648553468
wheel_odom,,,,,,5594.890639764,0.0,0.001,0.00034906585039886593,,
diagnostics,3.0,"[0.0,0.0,2.0,-3.0]",,0.0,"[0.0,0.0,0.0,0.0]",5594.891229361,,,,,
pose,,,0.0,,,5594.891684672,,,,0.04401219782910539,-0.01000890648553468
wheel_odom,,,,,,5594.910983639,0.0,0.001,0.00034906585039886593,,
pose,,,0.0,,,5594.911395082,,,,0.04401219782910539,-0.01000890648553468
pose,,,0.0,,,5594.931991113,,,,0.04401219782910539,-0.01000890648553468
wheel_odom,,,,,,5594.95070991,0.0,0.001,0.00034906585039886593,,
diagnostics,3.0,"[0.0,0.0,2.0,-3.0]",,0.0,"[0.0,0.0,0.0,0.0]",5594.951291882,,,,,
pose,,,0.0,,,5594.951926271,,,,0.04401219782910539,-0.01000890648553468
wheel_odom,,,,,,5594.970759908,0.0,0.001,0.00034906585039886593,,
pose,,,0.0,,,5594.971525633,,,,0.04401219782910539,-0.01000890648553468
pose,,,0.0,,,5594.99018473,,,,0.04401219782910539,-0.01000890648553468
wheel_odom,,,,,,5595.010108766,0.0,0.001,0.00034906585039886593,,
diagnostics,3.0,"[0.0,0.0,2.0,-3.0]",,0.0,"[0.0,0.0,0.0,0.0]",5595.010568245,,,,,
pose,,,0.0,,,5595.010733874,,,,0.04401219782910539,-0.01000890648553468
wheel_odom,,,,,,5595.031356419,0.0,0.001,0.00034906585039886593,,
pose,,,0.0,,,5595.032346286,,,,0.04401219782910539,-0.01000890648553468
pose,,,0.0,,,5595.050938306,,,,0.04401219782910539,-0.01000890648553468
wheel_odom,,,,,,5595.07051435,0.0,0.001,0.00034906585039886593,,
diagnostics,3.0,"[0.0,0.0,2.0,-3.0]",,0.0,"[0.0,0.0,0.0,0.0]",5595.071263978,,,,,
pose,,,0.0,,,5595.071864675,,,,0.04401219782910539,-0.01000890648553468
wheel_odom,,,,,,5595.09057095,0.0,0.001,0.00034906585039886593,,
pose,,,0.0,,,5595.091395874,,,,0.04401219782910539,-0.01000890648553468
wheel_odom,,,,,,5595.110155249,0.0,0.001,0.00034906585039886593,,
diagnostics,3.0,"[0.0,0.0,2.0,-3.0]",,0.0,"[0.0,0.0,0.0,0.0]",5595.110454221,,,,,
pose,,,0.0,,,5595.110658217,,,,0.04401219782910539,-0.01000890648553468
wheel_odom,,,,,,5595.131416268,0.0,0.001,0.00034906585039886593,,
pose,,,0.0,,,5595.132254115,,,,0.04401219782910539,-0.01000890648553468
wheel_odom,,,,,,5595.150761609,0.0,0.001,0.00034906585039886593,,
pose,,,0.0,,,5595.151538034,,,,0.04401219782910539,-0.01000890648553468
diagnostics,3.0,"[0.0,0.0,2.0,-3.0]",,0.0,"[0.0,0.0,0.0,0.0]",5595.170429598,,,,,
pose,,,0.0,,,5595.170877453,,,,0.04401219782910539,-0.01000890648553468
wheel_odom,,,,,,5595.189980305,0.0,0.001,0.00034906585039886593,,
pose,,,0.0,,,5595.190307804,,,,0.04401219782910539,-0.01000890648553468
wheel_odom,,,,,,5595.210143906,0.0,0.001,0.00034906585039886593,,
diagnostics,3.0,"[0.0,0.0,2.0,-3.0]",,0.0,"[0.0,0.0,0.0,0.0]",5595.210565928,,,,,
pose,,,0.0,,,5595.210873987,,,,0.04401219782910539,-0.01000890648553468
wheel_odom,,,,,,5595.230855666,0.0,0.001,0.00034906585039886593,,
pose,,,0.0,,,5595.231541929,,,,0.04401219782910539,-0.01000890648553468
wheel_odom,,,,,,5595.250337315,0.0,0.001,0.00034906585039886593,,
pose,,,0.0,,,5595.25073928,,,,0.04401219782910539,-0.01000890648553468
diagnostics,3.0,"[0.0,0.0,2.0,-3.0]",,0.0,"[0.0,0.0,0.0,0.0]",5595.27007578,,,,,
pose,,,0.0,,,5595.270447789,,,,0.04401219782910539,-0.01000890648553468
wheel_odom,,,,,,5595.290021312,0.0,0.001,0.00034906585039886593,,
pose,,,0.0,,,5595.290454387,,,,0.04401219782910539,-0.01000890648553468
wheel_odom,,,,,,5595.310521959,0.0,0.001,0.00034906585039886593,,
diagnostics,3.0,"[0.0,0.0,2.0,-3.0]",,0.0,"[0.0,0.0,0.0,0.0]",5595.311099984,,,,,
pose,,,0.0,,,5595.311290722,,,,0.04401219782910539,-0.01000890648553468
wheel_odom,,,,,,5595.330729069,0.0,0.001,0.00034906585039886593,,
pose,,,0.0,,,5595.331318456,,,,0.04401219782910539,-0.01000890648553468
wheel_odom,,,,,,5595.350194989,0.0,0.001,0.00034906585039886593,,
pose,,,0.0,,,5595.350623838,,,,0.04401219782910539,-0.01000890648553468
diagnostics,3.0,"[0.0,0.0,2.0,-3.0]",,0.0,"[0.0,0.0,0.0,0.0]",5595.370013247,,,,,
pose,,,0.0,,,5595.370326238,,,,0.04401219782910539,-0.01000890648553468
wheel_odom,,,,,,5595.390156491,0.0,0.001,0.00034906585039886593,,
pose,,,0.0,,,5595.390601416,,,,0.04401219782910539,-0.01000890648553468
wheel_odom,,,,,,5595.410392275,0.0,0.001,0.00034906585039886593,,
diagnostics,3.0,"[0.0,0.0,2.0,-3.0]",,0.0,"[0.0,0.0,0.0,0.0]",5595.410869636,,,,,
pose,,,0.0,,,5595.411171296,,,,0.04401219782910539,-0.01000890648553468
wheel_odom,,,,,,5595.430327122,0.0,0.001,0.00034906585039886593,,
pose,,,0.0,,,5595.430847455,,,,0.04401219782910539,-0.01000890648553468
wheel_odom,,,,,,5595.450412004,0.0,0.001,0.00034906585039886593,,
pose,,,0.0,,,5595.450772196,,,,0.04401219782910539,-0.01000890648553468
diagnostics,3.0,"[0.0,0.0,2.0,-3.0]",,0.0,"[0.0,0.0,0.0,0.0]",5595.470465588,,,,,
pose,,,0.0,,,5595.47101848,,,,0.04401219782910539,-0.01000890648553468
wheel_odom,,,,,,5595.490120915,0.0,0.001,0.00034906585039886593,,
pose,,,0.0,,,5595.490597202,,,,0.04401219782910539,-0.01000890648553468
wheel_odom,,,,,,5595.510085939,0.0,0.001,0.00034906585039886593,,
diagnostics,3.0,"[0.0,0.0,2.0,-3.0]",,0.0,"[0.0,0.0,0.0,0.0]",5595.510381204,,,,,
pose,,,0.0,,,5595.510728935,,,,0.04401219782910539,-0.01000890648553468
wheel_odom,,,,,,5595.531619699,0.0,0.001,0.00034906585039886593,,
pose,,,0.0,,,5595.533037746,,,,0.04401219782910539,-0.01000890648553468
wheel_odom,,,,,,5595.550678314,0.0,0.001,0.00034906585039886593,,
pose,,,0.0,,,5595.551364151,,,,0.04401219782910539,-0.01000890648553468
diagnostics,3.0,"[0.0,0.0,2.0,-3.0]",,0.0,"[0.0,0.0,0.0,0.0]",5595.570653072,,,,,
pose,,,0.0,,,5595.571164069,,,,0.04401219782910539,-0.01000890648553468
wheel_odom,,,,,,5595.590914304,0.0,0.001,0.00034906585039886593,,
pose,,,0.0,,,5595.59182738,,,,0.04401219782910539,-0.01000890648553468
wheel_odom,,,,,,5595.610050129,0.0,0.001,0.00034906585039886593,,
diagnostics,3.0,"[0.0,0.0,2.0,-3.0]",,0.0,"[0.0,0.0,0.0,0.0]",5595.61050122,,,,,
pose,,,0.0,,,5595.610920208,,,,0.04401219782910539,-0.01000890648553468
wheel_odom,,,,,,5595.630508578,0.0,0.001,0.00034906585039886593,,
pose,,,0.0,,,5595.631397516,,,,0.04401219782910539,-0.01000890648553468
wheel_odom,,,,,,5595.65040711,0.0,0.001,0.00034906585039886593,,
pose,,,0.0,,,5595.651130089,,,,0.04401219782910539,-0.01000890648553468
diagnostics,3.0,"[0.0,0.0,2.0,-3.0]",,0.0,"[0.0,0.0,0.0,0.0]",5595.670139215,,,,,
pose,,,0.0,,,5595.670877414,,,,0.04401219782910539,-0.01000890648553468
wheel_odom,,,,,,5595.692159215,0.0,0.001,0.00034906585039886593,,
pose,,,0.0,,,5595.69346633,,,,0.04401219782910539,-0.01000890648553468
wheel_odom,,,,,,5595.710121276,0.0,0.001,0.00034906585039886593,,
diagnostics,3.0,"[0.0,0.0,2.0,-3.0]",,0.0,"[0.0,0.0,0.0,0.0]",5595.710641094,,,,,
pose,,,0.0,,,5595.710858964,,,,0.04401219782910539,-0.01000890648553468
wheel_odom,,,,,,5595.730496129,0.0,0.001,0.00034906585039886593,,
pose,,,0.0,,,5595.730951124,,,,0.04401219782910539,-0.01000890648553468
wheel_odom,,,,,,5595.750109196,0.0,0.001,0.00034906585039886593,,
pose,,,0.0,,,5595.750973306,,,,0.04401219782910539,-0.01000890648553468
diagnostics,3.0,"[0.0,0.0,2.0,-3.0]",,0.0,"[0.0,0.0,0.0,0.0]",5595.770113997,,,,,
pose,,,0.0,,,5595.77078041,,,,0.04401219782910539,-0.01000890648553468
wheel_odom,,,,,,5595.790946813,0.0,0.001,0.00034906585039886593,,
pose,,,0.0,,,5595.791727401,,,,0.04401219782910539,-0.01000890648553468
wheel_odom,,,,,,5595.810124931,0.0,0.001,0.00034906585039886593,,
diagnostics,3.0,"[0.0,0.0,2.0,-3.0]",,0.0,"[0.0,0.0,0.0,0.0]",5595.810517442,,,,,
pose,,,0.0,,,5595.810678671,,,,0.04401219782910539,-0.01000890648553468
wheel_odom,,,,,,5595.830753134,0.0,0.001,0.00034906585039886593,,
pose,,,0.0,,,5595.831584343,,,,0.04401219782910539,-0.01000890648553468
wheel_odom,,,,,,5595.850214364,0.0,0.001,0.00034906585039886593,,
pose,,,0.0,,,5595.850641345,,,,0.04401219782910539,-0.01000890648553468
diagnostics,3.0,"[0.0,0.0,2.0,-3.0]",,0.0,"[0.0,0.0,0.0,0.0]",5595.870372393,,,,,
pose,,,0.0,,,5595.871200711,,,,0.04401219782910539,-0.01000890648553468
wheel_odom,,,,,,5595.890202867,0.0,0.001,0.00034906585039886593,,
pose,,,0.0,,,5595.890589841,,,,0.04401219782910539,-0.01000890648553468
wheel_odom,,,,,,5595.91020909,0.0,0.001,0.00034906585039886593,,
diagnostics,3.0,"[0.0,0.0,2.0,-3.0]",,0.0,"[0.0,0.0,0.0,0.0]",5595.91061342,,,,,
pose,,,0.0,,,5595.910985198,,,,0.04401219782910539,-0.01000890648553468
wheel_odom,,,,,,5595.930741709,0.0,0.001,0.00034906585039886593,,
pose,,,0.0,,,5595.93118389,,,,0.04401219782910539,-0.01000890648553468
wheel_odom,,,,,,5595.950497153,0.0,0.001,0.00034906585039886593,,
pose,,,0.0,,,5595.95134775,,,,0.04401219782910539,-0.01000890648553468
diagnostics,3.0,"[0.0,0.0,2.0,-3.0]",,0.0,"[0.0,0.0,0.0,0.0]",5595.970218096,,,,,
pose,,,0.0,,,5595.971120591,,,,0.04401219782910539,-0.01000890648553468
wheel_odom,,,,,,5595.990338452,0.0,0.001,0.00034906585039886593,,
pose,,,0.0,,,5595.990758209,,,,0.04401219782910539,-0.01000890648553468
wheel_odom,,,,,,5596.010264943,0.0,0.001,0.00034906585039886593,,
diagnostics,3.0,"[0.0,0.0,2.0,-3.0]",,0.0,"[0.0,0.0,0.0,0.0]",5596.01066097,,,,,
pose,,,0.0,,,5596.010998026,,,,0.04401219782910539,-0.01000890648553468
wheel_odom,,,,,,5596.030476744,0.0,0.001,0.00034906585039886593,,
pose,,,0.0,,,5596.031014097,,,,0.04401219782910539,-0.01000890648553468
wheel_odom,,,,,,5596.050721697,0.0,0.001,0.00034906585039886593,,
pose,,,0.0,,,5596.051635396,,,,0.04401219782910539,-0.01000890648553468
diagnostics,3.0,"[0.0,0.0,2.0,-3.0]",,0.0,"[0.0,0.0,0.0,0.0]",5596.069999039,,,,,
pose,,,0.0,,,5596.070615782,,,,0.04401219782910539,-0.01000890648553468
wheel_odom,,,,,,5596.090106208,0.0,0.001,0.00034906585039886593,,
pose,,,0.0,,,5596.090514338,,,,0.04401219782910539,-0.01000890648553468
wheel_odom,,,,,,5596.110085969,0.0,0.001,0.00034906585039886593,,
diagnostics,3.0,"[0.0,0.0,2.0,-3.0]",,0.0,"[0.0,0.0,0.0,0.0]",5596.11047959,,,,,
pose,,,0.0,,,5596.110647962,,,,0.04401219782910539,-0.01000890648553468
wheel_odom,,,,,,5596.130899737,0.0,0.001,0.00034906585039886593,,
pose,,,0.0,,,5596.131619051,,,,0.04401219782910539,-0.01000890648553468
wheel_odom,,,,,,5596.149994781,0.0,0.001,0.00034906585039886593,,
pose,,,0.0,,,5596.150414908,,,,0.04401219782910539,-0.01000890648553468
diagnostics,3.0,"[0.0,0.0,2.0,-3.0]",,0.0,"[0.0,0.0,0.0,0.0]",5596.170093407,,,,,
pose,,,0.0,,,5596.170743886,,,,0.04401219782910539,-0.01000890648553468
wheel_odom,,,,,,5596.19058005,0.0,0.001,0.00034906585039886593,,
pose,,,0.0,,,5596.191225583,,,,0.04401219782910539,-0.01000890648553468
wheel_odom,,,,,,5596.210476905,0.0,0.001,0.00034906585039886593,,
diagnostics,3.0,"[0.0,0.0,2.0,-3.0]",,0.0,"[0.0,0.0,0.0,0.0]",5596.211103315,,,,,
pose,,,0.0,,,5596.211383417,,,,0.04401219782910539,-0.01000890648553468
wheel_odom,,,,,,5596.230281993,0.0,0.001,0.00034906585039886593,,
pose,,,0.0,,,5596.230706514,,,,0.04401219782910539,-0.01000890648553468
wheel_odom,,,,,,5596.250246433,0.0,0.001,0.00034906585039886593,,
pose,,,0.0,,,5596.250758737,,,,0.04401219782910539,-0.01000890648553468
diagnostics,3.0,"[0.0,0.0,2.0,-3.0]",,0.0,"[0.0,0.0,0.0,0.0]",5596.270151811,,,,,
pose,,,0.0,,,5596.270778358,,,,0.04401219782910539,-0.01000890648553468
wheel_odom,,,,,,5596.29022273,0.0,0.001,0.00034906585039886593,,
pose,,,0.0,,,5596.290647797,,,,0.04401219782910539,-0.01000890648553468
wheel_odom,,,,,,5596.310282118,0.0,0.001,0.00034906585039886593,,
diagnostics,3.0,"[0.0,0.0,2.0,-3.0]",,0.0,"[0.0,0.0,0.0,0.0]",5596.310703795,,,,,
pose,,,0.0,,,5596.310863954,,,,0.04401219782910539,-0.01000890648553468
pose,,,0.0,,,5596.331679749,,,,0.04401219782910539,-0.01000890648553468
wheel_odom,,,,,,5596.350863893,0.0,0.001,0.00034906585039886593,,
pose,,,0.0,,,5596.351826222,,,,0.04401219782910539,-0.01000890648553468
wheel_odom,,,,,,5596.370326593,0.0,0.001,0.00034906585039886593,,
diagnostics,3.0,"[0.0,0.0,2.0,-3.0]",,0.0,"[0.0,0.0,0.0,0.0]",5596.370821677,,,,,
pose,,,0.0,,,5596.371035147,,,,0.04401219782910539,-0.01000890648553468
wheel_odom,,,,,,5596.390122011,0.0,0.001,0.00034906585039886593,,
pose,,,0.0,,,5596.39053455,,,,0.04401219782910539,-0.01000890648553468
pose,,,0.0,,,5596.411308872,,,,0.04401219782910539,-0.01000890648553468
wheel_odom,,,,,,5596.430675393,0.0,0.001,0.00034906585039886593,,
diagnostics,3.0,"[0.0,0.0,2.0,-3.0]",,0.0,"[0.0,0.0,0.0,0.0]",5596.431377715,,,,,
pose,,,0.0,,,5596.431609077,,,,0.04401219782910539,-0.01000890648553468
wheel_odom,,,,,,5596.450325524,0.0,0.001,0.00034906585039886593,,
pose,,,0.0,,,5596.450684988,,,,0.04401219782910539,-0.01000890648553468
wheel_odom,,,,,,5596.470268467,0.0,0.001,0.00034906585039886593,,
diagnostics,3.0,"[0.0,0.0,2.0,-3.0]",,0.0,"[0.0,0.0,0.0,0.0]",5596.470564038,,,,,
pose,,,0.0,,,5596.470670889,,,,0.04401219782910539,-0.01000890648553468
wheel_odom,,,,,,5596.490249376,0.0,0.001,0.00034906585039886593,,
pose,,,0.0,,,5596.490596747,,,,0.04401219782910539,-0.01000890648553468
pose,,,0.0,,,5596.511262816,,,,0.04401219782910539,-0.01000890648553468
wheel_odom,,,,,,5596.530066997,0.0,0.001,0.00034906585039886593,,
diagnostics,3.0,"[0.0,0.0,2.0,-3.0]",,0.0,"[0.0,0.0,0.0,0.0]",5596.530578261,,,,,
pose,,,0.0,,,5596.530776572,,,,0.04401219782910539,-0.01000890648553468
wheel_odom,,,,,,5596.550372887,0.0,0.001,0.00034906585039886593,,
pose,,,0.0,,,5596.55080871,,,,0.04401219782910539,-0.01000890648553468
wheel_odom,,,,,,5596.571455097,0.0,0.001,0.00034906585039886593,,
diagnostics,3.0,"[0.0,0.0,2.0,-3.0]",,0.0,"[0.0,0.0,0.0,0.0]",5596.572147961,,,,,
pose,,,0.0,,,5596.572747757,,,,0.04401219782910539,-0.01000890648553468
wheel_odom,,,,,,5596.590705663,0.0,0.001,0.00034906585039886593,,
pose,,,0.0,,,5596.591132512,,,,0.04401219782910539,-0.01000890648553468
pose,,,0.0,,,5596.610101845,,,,0.04401219782910539,-0.01000890648553468
wheel_odom,,,,,,5596.631191002,0.0,0.001,0.00034906585039886593,,
diagnostics,3.0,"[0.0,0.0,2.0,-3.0]",,0.0,"[0.0,0.0,0.0,0.0]",5596.63216659,,,,,
pose,,,0.0,,,5596.632611554,,,,0.04401219782910539,-0.01000890648553468
wheel_odom,,,,,,5596.650971263,0.0,0.001,0.00034906585039886593,,
pose,,,0.0,,,5596.651623993,,,,0.04401219782910539,-0.01000890648553468
wheel_odom,,,,,,5596.670540527,0.0,0.001,0.00034906585039886593,,
diagnostics,3.0,"[0.0,0.0,2.0,-3.0]",,0.0,"[0.0,0.0,0.0,0.0]",5596.671151091,,,,,
pose,,,0.0,,,5596.671683003,,,,0.04401219782910539,-0.01000890648553468
wheel_odom,,,,,,5596.690288027,0.0,0.001,0.00034906585039886593,,
pose,,,0.0,,,5596.690701447,,,,0.04401219782910539,-0.01000890648553468
wheel_odom,,,,,,5596.710015265,0.0,0.001,0.00034906585039886593,,
pose,,,0.0,,,5596.710371264,,,,0.04401219782910539,-0.01000890648553468
diagnostics,3.0,"[0.0,0.0,2.0,-3.0]",,0.0,"[0.0,0.0,0.0,0.0]",5596.730667696,,,,,
pose,,,0.0,,,5596.73126616,,,,0.04401219782910539,-0.01000890648553468
wheel_odom,,,,,,5596.750651272,0.0,0.001,0.00034906585039886593,,
pose,,,0.0,,,5596.751214731,,,,0.04401219782910539,-0.01000890648553468
wheel_odom,,,,,,5596.770077503,0.0,0.001,0.00034906585039886593,,
diagnostics,3.0,"[0.0,0.0,2.0,-3.0]",,0.0,"[0.0,0.0,0.0,0.0]",5596.770473763,,,,,
pose,,,0.0,,,5596.770626976,,,,0.04401219782910539,-0.01000890648553468
wheel_odom,,,,,,5596.790471821,0.0,0.001,0.00034906585039886593,,
pose,,,0.0,,,5596.791173159,,,,0.04401219782910539,-0.01000890648553468
wheel_odom,,,,,,5596.810271658,0.0,0.001,0.00034906585039886593,,
pose,,,0.0,,,5596.810777916,,,,0.04401219782910539,-0.01000890648553468
diagnostics,3.0,"[0.0,0.0,2.0,-3.0]",,0.0,"[0.0,0.0,0.0,0.0]",5596.830093517,,,,,
pose,,,0.0,,,5596.830689186,,,,0.04401219782910539,-0.01000890648553468
wheel_odom,,,,,,5596.850863227,0.0,0.001,0.00034906585039886593,,
pose,,,0.0,,,5596.851631069,,,,0.04401219782910539,-0.01000890648553468
wheel_odom,,,,,,5596.870482855,0.0,0.001,0.00034906585039886593,,
diagnostics,3.0,"[0.0,0.0,2.0,-3.0]",,0.0,"[0.0,0.0,0.0,0.0]",5596.87117415,,,,,
pose,,,0.0,,,5596.871810458,,,,0.04401219782910539,-0.01000890648553468
wheel_odom,,,,,,5596.890862752,0.0,0.001,0.00034906585039886593,,
pose,,,0.0,,,5596.891612524,,,,0.04401219782910539,-0.01000890648553468
wheel_odom,,,,,,5596.910017996,0.0,0.001,0.00034906585039886593,,
pose,,,0.0,,,5596.910312414,,,,0.04401219782910539,-0.01000890648553468
diagnostics,3.0,"[0.0,0.0,2.0,-3.0]",,0.0,"[0.0,0.0,0.0,0.0]",5596.930006659,,,,,
pose,,,0.0,,,5596.930315547,,,,0.04401219782910539,-0.01000890648553468
wheel_odom,,,,,,5596.950837706,0.0,0.001,0.00034906585039886593,,
pose,,,0.0,,,5596.951562491,,,,0.04401219782910539,-0.01000890648553468
wheel_odom,,,,,,5596.970432705,0.0,0.001,0.00034906585039886593,,
diagnostics,3.0,"[0.0,0.0,2.0,-3.0]",,0.0,"[0.0,0.0,0.0,0.0]",5596.970966603,,,,,
pose,,,0.0,,,5596.971418164,,,,0.04401219782910539,-0.01000890648553468
wheel_odom,,,,,,5596.993436556,0.0,0.001,0.00034906585039886593,,
pose,,,0.0,,,5596.993673117,,,,0.04401219782910539,-0.01000890648553468
wheel_odom,,,,,,5597.010442396,0.0,0.001,0.00034906585039886593,,
pose,,,0.0,,,5597.011035118,,,,0.04401219782910539,-0.01000890648553468
diagnostics,3.0,"[0.0,0.0,2.0,-3.0]",,0.0,"[0.0,0.0,0.0,0.0]",5597.030444629,,,,,
pose,,,0.0,,,5597.030972442,,,,0.04401219782910539,-0.01000890648553468
wheel_odom,,,,,,5597.050459937,0.0,0.001,0.00034906585039886593,,
pose,,,0.0,,,5597.051079048,,,,0.04401219782910539,-0.01000890648553468
wheel_odom,,,,,,5597.070254119,0.0,0.001,0.00034906585039886593,,
diagnostics,3.0,"[0.0,0.0,2.0,-3.0]",,0.0,"[0.0,0.0,0.0,0.0]",5597.070667338,,,,,
pose,,,0.0,,,5597.07092338,,,,0.04401219782910539,-0.01000890648553468
wheel_odom,,,,,,5597.090081399,0.0,0.001,0.00034906585039886593,,
pose,,,0.0,,,5597.090389026,,,,0.04401219782910539,-0.01000890648553468
wheel_odom,,,,,,5597.110072877,0.0,0.001,0.00034906585039886593,,
pose,,,0.0,,,5597.110350187,,,,0.04401219782910539,-0.01000890648553468
diagnostics,3.0,"[0.0,0.0,2.0,-3.0]",,0.0,"[0.0,0.0,0.0,0.0]",5597.130823713,,,,,
pose,,,0.0,,,5597.131565931,,,,0.04401219782910539,-0.01000890648553468
wheel_odom,,,,,,5597.150635119,0.0,0.001,0.00034906585039886593,,
pose,,,0.0,,,5597.151323563,,,,0.04401219782910539,-0.01000890648553468
wheel_odom,,,,,,5597.169911504,0.0,0.001,0.00034906585039886593,,
diagnostics,3.0,"[0.0,0.0,2.0,-3.0]",,0.0,"[0.0,0.0,0.0,0.0]",5597.170147667,,,,,
pose,,,0.0,,,5597.170398756,,,,0.04401219782910539,-0.01000890648553468
wheel_odom,,,,,,5597.190157588,0.0,0.001,0.00034906585039886593,,
pose,,,0.0,,,5597.190486758,,,,0.04401219782910539,-0.01000890648553468
wheel_odom,,,,,,5597.210247384,0.0,0.001,0.00034906585039886593,,
pose,,,0.0,,,5597.210644252,,,,0.04401219782910539,-0.01000890648553468
diagnostics,3.0,"[0.0,0.0,2.0,-3.0]",,0.0,"[0.0,0.0,0.0,0.0]",5597.230015484,,,,,
pose,,,0.0,,,5597.230529048,,,,0.04401219782910539,-0.01000890648553468
wheel_odom,,,,,,5597.250331162,0.0,0.001,0.00034906585039886593,,
pose,,,0.0,,,5597.250914935,,,,0.04401219782910539,-0.01000890648553468
wheel_odom,,,,,,5597.27027493,0.0,0.001,0.00034906585039886593,,
diagnostics,3.0,"[0.0,0.0,2.0,-3.0]",,0.0,"[0.0,0.0,0.0,0.0]",5597.270843797,,,,,
pose,,,0.0,,,5597.271536308,,,,0.04401219782910539,-0.01000890648553468
wheel_odom,,,,,,5597.29015498,0.0,0.001,0.00034906585039886593,,
pose,,,0.0,,,5597.290553748,,,,0.04401219782910539,-0.01000890648553468
