:020000040800F2
:10000000C8510124E90400081F9000082D81000850
:100010001D90000885210008D5B8000800000000E8
:10002000000000000000000000000000290400089B
:10003000A92C00080000000085040008F1A20008B7
:100040000705000807050008070500080705000860
:100050000705000807050008070500080705000850
:1000600007050008070500080705000859280008CB
:1000700065280008070500080705000807050008AF
:10008000070500080705000807050008CD2C000833
:10009000D92C000807050008070500080705000817
:1000A0000705000807050008070500080705000800
:1000B000ADA40008070500080705000807050008AB
:1000C00007050008070500080705000807050008E0
:1000D00007050008A5B80008B1B80008BDB80008B9
:1000E00007050008070500080000000007050008D4
:1000F00007050008070500080705000807050008B0
:10010000070500080705000807050008070500089F
:10011000D5A80008E1A800080705000807050008A1
:10012000070500080705000807050008070500087F
:10013000070500080705000807050008070500086F
:1001400000000000000000000000000000000000AF
:10015000070500080705000807050008C9B80008DA
:10016000070500080705000807050008070500083F
:100170000705000807050008070500080000000043
:100180000705000807050008EDA80008F9A8000801
:10019000070500080705000807050008070500080F
:1001A00007050008070500080705000807050008FF
:1001B00007050008070500080705000807050008EF
:1001C00007050008070500080705000807050008DF
:1001D00007050008070500080705000807050008CF
:1001E00007050008070500080705000807050008BF
:1001F00007050008070500080705000807050008AF
:10020000070500080705000807050008070500089E
:10021000070500080705000807050008070500088E
:100220000705000807050008070500080000000092
:100230000705000807050008000000000705000882
:10024000070500080705000807050008070500085E
:10025000070500080705000807050008070500084E
:10026000070500080705000807050008070500083E
:100270000705000807050008C1830008000000000A
:100280000705000807050008070500080000000032
:10029000000000000705000800F002F800F0B4F8C4
:1002A0000AA090E8000C82448344AAF10107DA45D1
:1002B00001D100F0A9F8AFF2090EBAE80F0013F06F
:1002C000010F18BFFB1A43F001031847B8030100E0
:1002D000D80301000A444FF0000C10F8013B13F062
:1002E000070408BF10F8014B1D1108BF10F8015B8F
:1002F000641E05D010F8016B641E01F8016BF9D182
:1003000013F0080F1EBF10F8014BAD1C0C1B09D1D8
:100310006D1E58BF01F801CBFAD505E014F8016B4A
:1003200001F8016B6D1EF9D59142D6D370470000DC
:100330000023002400250026103A28BF78C1FBD8EE
:10034000520728BF30C148BF0B6070476E2900F0CC
:10035000A583702900F0EF8466290FF0D8866529FF
:100360000FF0D58667290FF0D28661290FF0D1866C
:1003700003681B0A28BF41F08001692900F05283FD
:10038000642900F04F83752900F04C836F2900F039
:100390007C84782900F0BB84E92900F01784E429E3
:1003A00000F01484F52900F01184EF2900F079841D
:1003B000F82900F0BA840368DB0928BF41F0800106
:1003C000632901F0C181732901F0C681E32901F09D
:1003D000D181F32901F0D681002070471FB50FF0BD
:1003E00091FE01F025FA0400002000210FF044FEE8
:1003F000401C6060002000210FF028FEE06000F04B
:1004000091FA1FBD10B510BD01F0E4F91146FFF7D8
:10041000E5FF0CF007FE01F0C1FA03B4FFF7F2FFAD
:1004200003BC01F0C5FA00002C4B19680868B0E85D
:10043000F04F80F30988BFF36F8F4FF0000080F317
:10044000118870470000000008480068006880F3C9
:1004500008884FF0000080F3148862B661B6BFF3DD
:100460004F8FBFF36F8F00DF00BF00BF08ED00E0CC
:10047000DFF80C00016841F470010160704700BFB3
:1004800088ED00E0EFF30980BFF36F8F134B1A681C
:100490001EF0100F08BF20ED108A20E9F04F106009
:1004A00009B44FF0500080F31188BFF34F8FBFF3B2
:1004B0006F8F0FF051F84FF0000080F3118809BCE6
:1004C00019680868B0E8F04F1EF0100F08BFB0ECD4
:1004D000108A80F30988BFF36F8F7047780100247A
:1004E000EFF30580704700000A4880470A488047BC
:1004F0000A480047FEE7FEE7FEE7FEE7FEE7FEE705
:10050000FEE7FEE7FEE7FEE705480649064A074B19
:1005100070470000B12C0008B5A30008990200083C
:10052000C8290124C8510124C8310124C83101243B
:1005300053EA020C00F069802DE9F04B4FF0000601
:10054000002B1FBFB3FA83F503FA05F424FA05F66E
:100550005E4012BF1643B2FA82F502FA05F4C5F105
:1005600020051EBF22FA05FC44EA0C04203556EA99
:10057000044C4FEA144418BF641C4FF000084FF0BD
:100580000009904271EB030C39D3002919BFB1FA6D
:1005900081F701FA07F6B0FA80F700FA07F6C7F11B
:1005A00020071EBF20FA07FC46EA0C062037B6FBE0
:1005B000F4FCA7EB0507103F07F01F0BCBF120065B
:1005C0000CFA0BFB2CFA06F644BFB3460026202F8C
:1005D000A4BF5E464FF0000B5BEA060C08BF4FF06D
:1005E000010B19EB0B09ABFB027C48EB0608C01BA7
:1005F00006FB02CC0BFB03CC71EB0C01C1E70B46F5
:10060000024641464846BDE8F08B13B54FF0000066
:100610004FF00001AFF30080BDE81C4070470000C0
:100620007CB51D4616460C00009001D02044401EAB
:10063000074B7B442A4669460190304600F047FA52
:1006400005461CB10020694600F054FA28467CBDDE
:10065000C9040000032A40F2308010F0030C00F0BF
:10066000158011F8013BBCF1020F624498BF11F8EC
:1006700001CB00F8013B38BF11F8013BA2F10402A5
:1006800098BF00F801CB38BF00F8013B11F003031D
:1006900000F02580083AC0F0088051F8043B083A81
:1006A00051F804CBA0E80810F5E7121D5CBF51F823
:1006B000043B40F8043BAFF30080D20724BF11F89D
:1006C000013B11F801CB48BF11F8012B24BF00F802
:1006D000013B00F801CB48BF00F8012B704710B573
:1006E000203AC0F00B80B1E81850203AA0E818502A
:1006F000B1E81850A0E81850BFF4F5AF5FEA027CEB
:1007000024BFB1E81850A0E8185044BF18C918C059
:10071000BDE810405FEA827C24BF51F8043B40F8FA
:10072000043B08BF7047D20728BF31F8023B48BFDF
:1007300011F8012B28BF20F8023B48BF00F8012B1D
:100740007047431A28BF9A427FF6C9AF104410F091
:10075000030F11441EBF11F8013D521E00F8013D68
:1007600010F0030F7FF4F6AF103AC0F00A8010B516
:1007700031E91850103A20E91850BFF4F9AFBDE83C
:100780001040530724BF31E9081020E9081044BF86
:1007900051F8043D40F8043D12F0030F08BF7047C4
:1007A000D20728BF31F8023D48BF11F8012C28BFFD
:1007B00020F8023D48BF00F8012C704702F0FF030B
:1007C00043EA032242EA024200F002B84FF000027C
:1007D0000429C0F0128010F0030C00F01B80CCF153
:1007E000040CBCF1020F18BF00F8012BA8BF20F8C1
:1007F000022BA1EB0C0100F00DB85FEAC17C24BF15
:1008000000F8012B00F8012B48BF00F8012B7047BE
:100810004FF0000200B5134694469646203922BF99
:10082000A0E80C50A0E80C50B1F12001BFF4F7AFE4
:10083000090728BFA0E80C5048BF0CC05DF804EBC6
:10084000890028BF40F8042B08BF704748BF20F834
:10085000022B11F0804F18BF00F8012B704710B524
:10086000044610F0030F08BF11F0030F40F015808D
:100870004FF0013E121FC0F20E8051F8043BA3EB73
:100880000E0C2CEA030C1CEACE1C08BF40F8043BFB
:10089000F0D0A1F1040102F10402521E08DB11F8AC
:1008A000013B002B00F8013BF7D11146FFF78EFF0B
:1008B000204610BD4FF0013C50F8042B51F8043B8A
:1008C0009A4215D1A2EB0C03934313EACC130BD13C
:1008D00050F8042B51F8043B9A4209D1A2EB0C03C7
:1008E000934313EACC13E7D04FF00000704700BFEA
:1008F000D01A01BAB1FA81F101F0180122FA01F01F
:10090000CB40C1F12001DBB2C0B2C01A2CFA01F316
:10091000D11A914311EAC311E6D17047704770476D
:100920007047000070B5064C7C44064D7D4403E0E2
:10093000206820448047241DAC42F9D170BD0000DE
:10094000A4FE0000A8FE000010B500F0C3FA006885
:1009500010BD10B5044600F0BDFA046010BD70B5BE
:10096000044685690068C10601D5302600E02026CE
:10097000C00707D070BDD4E9012130469047206AF6
:10098000401C20626D1EF6D570BD70B504468569A9
:100990000078C00707D170BDD4E90121202090471D
:1009A000206A401C20626D1EF6D570BD09684A059C
:1009B00001D540B27047C905FCD500B2704709683F
:1009C0004A0501D5C0B27047C905FCD580B2704751
:1009D00070B50C460546012A05D02878800600D55A
:1009E000EA69002302E0012305E05B1C934202D286
:1009F000E05C0028F9D1A869E618C01AA861286A45
:100A0000184428622846FFF7AAFF04E0D5E901212F
:100A100014F8010B9047B442F8D32846FFF7B5FF0E
:100A200070BD00002DE9F0410646002410687529CC
:100A3000314616A510D0FFF7B9FF002802DA404270
:100A400013A507E031688A0701D512A502E049071E
:100A500004D511A5012401E0FFF7B1FF00210A220E
:100A600006F1240709E0B0FBF2FCB0FBF2F302FB55
:100A70001C00303078541846491C0028F3D1234616
:100A80002A463046BDE8F04100F06DBA0000000093
:100A90002D0000002B0000002000000011680268FB
:100AA000006A530501D508700AE0D30501D5088016
:100AB00006E0130603D5C217C1E9000200E0086092
:100AC0000120704701694A1C02610878704700B52F
:100AD0008FB0CDE901310021059105497944CDE977
:100AE00003101146684600F031F90FB000BD000058
:100AF000E5FFFFFF0A6802F8010B0A607047D1E9C1
:100B000000239A4202D2531C0B6010707047000001
:100B10002DE9FF5F15468A460446DFF8AC80F844AD
:100B20000027D8E900103E46CDE9001010E03AF861
:100B300016106A4602A800F029FE411C07D0217851
:100B4000890603D5E269391891420DD80744761C0D
:100B50002078800602D5E069B84205DDAE42E6DBCA
:100B60003AF816000028E2D1A069C01BA061204617
:100B7000FFF7F5FED8E90010CDE90010002017E0DE
:100B80003AF818106A4602A800F000FEB0F1FF3FE4
:100B900081460BD000250DF1080B05E0D4E90121B9
:100BA0001BF8050090476D1C4D45F7D308F1010077
:100BB000B0428046E4DB206A384420622046FFF7DA
:100BC000E4FEBDE8FF9F00008EF900002DE9F04132
:100BD0008046D21D22F007020025D2E90002F52945
:100BE00015A614D0011E72F1000106DA0023D0EB25
:100BF000030063EB020211A608E0D8F800108B078F
:100C000001D50FA602E0490701D50EA60125114620
:100C1000002408F1240704E000F060F930323A556E
:100C2000641C50EA0102F7D12B4632462146404669
:100C3000BDE8F04100F097B9000000002D00000071
:100C40002B0000002000000030B4002100F124043B
:100C500008E002F00705D208303542EA4372DB08AB
:100C60006554491C52EA0305F3D10468002310A21D
:100C7000250707D5A40600D421B1C46901230DA21C
:100C8000641EC46130BC00F06EB910B50446214644
:100C90001068FFF794FE02462046BDE8104000238E
:100CA000D2E7D21D22F00701D1E90023CCE70000F2
:100CB0000000000030000000F0B40D460188090576
:100CC00002D5214C7C4402E01F4C7C440E340021B0
:100CD00000F1240608E002F00F071209E75D42EA7E
:100CE00003721B097754491C52EA0307F3D10278B7
:100CF0000023120704D5702D06D009B10223113448
:100D00002246F0BC00F02FB901231034F8E770B58B
:100D100004460D4621461068FFF751FE024629465B
:100D20002046BDE870400023C6E7D21D22F007032D
:100D3000D3E90023C0E70368126843F0200303608F
:100D40000823C3610023B7E7F0F700002DE9F05F47
:100D5000894604464FF0000ADFF874B1FB44C0F83E
:100D600020A02046E1688847002874D0252806D0B6
:100D7000D4E901219047206A401C2062F1E7002657
:100D80005F462046E16888472028054607DB312D6D
:100D900005D2781910F8200C08B10643F1E7B00726
:100DA00001D526F00406C4F81CA00027C4F818A03A
:100DB0002A2D09D028460BF0BDFF38B304EB870875
:100DC000303DC8F8185019E059F8041B204604EBD0
:100DD00087029161E1688847012F054618D1E069D3
:100DE000002820DA26F020061DE0D8F8180000EBD5
:100DF000800005EB40003038C8F818002046E16854
:100E0000884705460BF096FF0028EED1012F0AD047
:100E10002E2D08D12046E16888477F1C0546022F09
:100E200046F02006C4DBA069002803DA404246F001
:100E30000106A061F00701D026F010066C2D0BD042
:100E4000682D09D04C2D39D06A2D35D0742D35D070
:100E50007A2D33D016E038E0E1682F4620468847E7
:100E6000B842054609D16C2F26D04FF48060E16866
:100E7000064320468847054604E06C2F1AD04FF4FD
:100E8000807006430DB3A5F14100192802D8203522
:100E900046F400664A462946204626604E46FFF73D
:100EA00055FA80B101280BD0F61D26F0070000F19D
:100EB000080956E74020E4E78020D8E70020D6E77D
:100EC00006F104094DE7284652E7206ABDE8F09F85
:100ED00080F70000004870476829012430B5B0F160
:100EE0000A024FEA900E71F100034EEA817EB0EBE8
:100EF0000E0061EB91014FEA101E4EEA017E10EBED
:100F00000E0041EB11114FEA102E4EEA016E10EB6C
:100F10000E0041EB11214FEA104E4EEA014E10EB4C
:100F20000E0041EB1141401841F100014FEAD000A1
:100F300040EA41704FEAD10110EB80054FEA81048D
:100F400044EA907444EB01046D1944EB0404521B11
:100F5000A3414FF0000348BF0A3200D530BD401C0A
:100F600041F1000130BD2DE9F0470D46994692460A
:100F7000044600F124080168880604D5E06921F0E0
:100F80001001216000E00120A84201DD471B00E0C4
:100F90000027A1697A1902EB0900081AA0612078DC
:100FA000C00602D42046FFF7DAFC002608E0D4E9A8
:100FB00001211AF806009047206A401C761C206226
:100FC0004E45F4DB2078C0060AD52046FFF7C7FC63
:100FD00006E0D4E9012130209047206A401C2062BD
:100FE000381EA7F10107F4DC07E0D4E9012118F865
:100FF00005009047206A401C2062281EA5F10105CB
:10100000F3DC2046FFF7C1FC2078000602D5022061
:10101000BDE8F0870120FBE770472DE9FF4F0C4644
:101020001E464FF0FF378BB0D2E90001DDF860803B
:101030000A908A46C1F30A5505B93D460021084683
:101040004FF00000BAF1000F00F4400005DA00EBA9
:1010500080004FF4400101EA50004FEA9059B9F185
:10106000010F00DDB9460A9850EA4A000ED044F656
:101070001050A5F2FF3545432F14B8F1000F1ED0D4
:101080007542291E1EDDC9F100021CE0B8F1010FF6
:101090004FF0000001D0302103E0F24305E021547D
:1010A000401CB042FBDB30460022002121540B994A
:1010B000C1F80880C1E900200FB0BDE8F08FBD1B6A
:1010C0006D1CDEE74A4600DA694206A800F0F4FB30
:1010D00006AB93E8070003AB83E8070050460A9984
:1010E00000F06DFC8DE80700A0F500501F3800905F
:1010F0000398002D0ADD42F21F014A4608440023EE
:1011000003A90390684600F0D6FE09E0A0F5005060
:101110004A461F38002303A90390684600F0E0FE0A
:101120008DE807000004000C03D04FF0FF304108A9
:1011300000E01046B8F1000F03D0002200921546DF
:101140001EE0751E05D4FFF7C9FE303262556D1ED4
:10115000F9D5B3460122084302D000227F1C04E0E7
:101160002078302801D100227F1E002A099784D0E0
:101170001DE0112D07DAFFF7B1FE303262556D1C0C
:1011800050EA0102F5D1084302D00098C8B10EE040
:101190000021681E05E0235C625C63542254401EFB
:1011A000491C8142F7DBAB46A81B401E099000207A
:1011B00004F80B000B98099AC0F80880C0E9002BCE
:1011C0007AE711264FF0000857E72DE9F04F8846DF
:1011D0000446D21D22F0070191B0D1E90001CDE90A
:1011E0000A010BF0D7FA02460B98C00F01D02D2050
:1011F00007E02068810701D52B2002E0202101EAC9
:10120000C000032A099001D0072A05DB03464146A6
:10121000204600F011FB0BE12078800601D5E06943
:1012200000E00620B8F1650F814606D0B8F1660FE0
:1012300018D0B8F1670F70D131E00020B9F1110F6B
:10124000009001DB112301E009F101030AAA01A9C1
:101250000CA8FFF7E2FEDDE90C70002609F101059C
:10126000834647E001204B4600904FF000470AAA12
:1012700001A90CA8FFF7D1FEDDE90DB00C995D4680
:10128000002610B909F101000D18B9EB050003D4CF
:10129000C0F1FF3609F10105A5EB09002BE0B9F11A
:1012A000010F01DA4FF001090020B9F1110F009090
:1012B000484601DD112300E003460AAA01A90CA853
:1012C000FFF7ABFEDDE90C704D4600268346207823
:1012D00000070AD4AB4500DA5D4601A8012D04DD04
:1012E000411911F8011C302907D04F4502DA17F1D6
:1012F000040F04DA012082460FE06D1EEEE7002F96
:1013000002DCED1B3E4403E0781CA84200DD7D1C9E
:10131000B81B00F1010A4FF000472078000703D402
:10132000AA4501DB4FF0FF3A0021B7F1004F0DF164
:1013300043088DF8431024D002202B23002F01DA1C
:101340007F422D230A21021EA0F1010000DC5FB1C3
:1013500097FBF1FC97FBF1F201FB1C7C17460CF1AB
:10136000300C08F801CDEEE7A8F1010003702188E8
:10137000090501D5452100E06521A0F1010800F82B
:10138000011C09980FA9A1EB0807FF1D00B101205E
:10139000411901EBEA70A1693844081A401EA061A6
:1013A0002078C00602D42046FFF7D9FA099828B160
:1013B000D4E901219047206A401C20622078C006B1
:1013C00022D52046FFF7CBFA1EE0002E04DBB34502
:1013D00002DD01A8805D00E03020D4E901219047C2
:1013E000206A401C2062761CAAF101005FEA000A14
:1013F0000AD100F01DFAC0680168405CD4E90121FF
:101400009047206A401C2062281EA5F10105DCDC03
:1014100007E0D4E9012118F8010B9047206A401C2D
:101420002062381EA7F10107F3DC2046FFF7ADFA72
:10143000032011B041E600002DE9F04F04460D46AF
:10144000D21D22F0070089B0D0E9009748463946FE
:101450000BF0A0F90246F80F01D02D2307E0206819
:10146000810701D52B2302E0202101EAC0038DF87A
:1014700020300BB1012000E00020032A824601D079
:10148000072A04DB2946204600F0D6F93FE1207800
:10149000800601D40D2500E0E569C7F30A560D2D3D
:1014A00049DA00214FEA175B08464FF00000002F91
:1014B00000F4400007DA00EB80004FF4400100EB3D
:1014C000D07001EA60008115012901DD4FF0FF3184
:1014D00000224FEA850CBCF1180F06D31346ACF17D
:1014E00018004FF08052C24003E04FF4801323FAFB
:1014F0000CF30CF10C0CBCF1200F04D3ACF1200C5C
:1015000009FA0CF001E007FA0CF000294FF000484E
:1015100001DD18B90FE00ED140450CD319EB0209DB
:101520005F4121B9404502D19F4329EA0209BBEB43
:10153000175F00D0761C2088000502D57B487844D0
:1015400002E07A487844193808AA302302F80A30B1
:10155000037C0AF10101002E0AF1020A53546A4683
:1015600002DC4FF0300101E04FF031014FF0010893
:101570008DF8001002D0A6F2FF3603E059EA4701C9
:1015800000D06B4E002D02DC2178090704D54FF006
:1015900002082E218DF80110C44600210BE0C7F38C
:1015A00003433F01C35C491C6D1E02F80830052946
:1015B00008F1010801DA002DF1DC00210CE000EB5C
:1015C0001973491C1B786D1E082902F808304FEA70
:1015D000091908F1010801DA002DF0DC21688B06F9
:1015E00002D516E0A8F10108E04505DD02EB08038D
:1015F00013F8013C302BF5D0B8F1000F09DD02EBF8
:10160000080313F8013C2E2B03D1090701D4A8F1DC
:101610000108002D05DD3E2102F808106D1E08F1BD
:101620000108407C002E02F8080008F1010804DAE5
:101630002D20764202F8080002E02B2002F8080074
:101640000A214FF47A70864208F101080BDB96FB01
:10165000F0F3303302F8083096FBF0F308F101089C
:1016600000FB136601E0642E0CDB642096FBF0F3B4
:10167000303302F8083096FBF0F308F1010800FB64
:10168000136601E00A2E06DB96FBF1F0303002F81B
:10169000080008F1010896FBF1F001FB1060303002
:1016A00002F80800A16908F1010808EB050202EB45
:1016B0000A00081AA0612078C00602D42046FFF76D
:1016C0004EF9216A08AE01EB0A00206204E0D4E979
:1016D000012116F8010B9047BAF1010AF7D22078E0
:1016E000C00602D52046FFF73AF96E4609E016F823
:1016F000010B3E280FD0D4E901219047206A401CFD
:101700002062B8F10108F2D22046FFF73EF909B095
:101710000320BDE8F08F206A2844206203E0D4E96A
:101720000121302090476D1EEBD3F8E7E5EF000074
:1017300002FCFFFF10B5436913B1AFF3008001E075
:10174000FFF746F9012010BD127800F124010A705C
:1017500000224A700122EDE711684FF0FF32E9E7FD
:1017600010B5436913B1AFF3008001E0FFF7D0F982
:10177000012010BD128800F1240182840022C2845D
:101780000122EDE711684FF0FF32E9E770B5164628
:101790000C46054600F044F8036893F8010101285F
:1017A00006D0FF2C0FD8185D68B101202C7070BDD9
:1017B000D3F807013246214603F2071303442846B3
:1017C000BDE8704018474FF0FF3070BD00487047CB
:1017D000682901247546FFF7F9FFAE460500694602
:1017E000534620F00700854618B020B5FEF78CFE62
:1017F000BDE820404FF000064FF000074FF0000812
:101800004FF0000B21F00701AC46ACE8C009ACE892
:10181000C009ACE8C009ACE8C0098D4670470000BB
:1018200010B500F005F8001D10BD00BF4DE8000028
:1018300000487047882901242DE9F0411F460446DD
:1018400003260168072A01F4006004DB08B116A52D
:1018500005E016A503E008B115A500E015A521F0E7
:1018600010002060A069C01EA0610FB1401EA061E1
:101870002046FFF774F84FB1D4E90121384690476C
:10188000206A401C2062C01C206206E0206AFAE741
:10189000D4E9012115F8010B9047761EF8D22046B5
:1018A000FFF773F8BDE8F0814E414E006E616E00A7
:1018B000494E4600696E66002DE9F047814616469E
:1018C0008AB0354878440DC88DE80D003248784418
:1018D000801C03AC0DC884E80D0041F69B30084421
:1018E000372190FBF1F290FBF1F5A5F1800501FBAA
:1018F00012041B3C02D56442012000E00020DFF806
:1019000098A080460027FA44AAF1BE0A0EE0E0073C
:101910000AD03246684607EB470101230AEB8101F2
:1019200000F0DEFA8DE8070064107F1C002CEED179
:10193000194F7F44AE3F19E0E80715D007EB0410BC
:101940000DF1180A90E80E008AE80E00C068F04217
:1019500001D1981908903246012306A903A800F086
:10196000BFFA03AB83E807006D10641C002DE3D1C0
:101970004FF0010332466946B8F1000F03A802D0C8
:1019800000F099FA01E000F0ABFAC9E90001C9F8EA
:1019900008200AB0BDE8F087F0EC000010B504465E
:1019A000AFF300802046BDE81040FEF736BD0000D2
:1019B00001491820ABBEFEE72600020070475FEA2F
:1019C000400C08BF91F0000F4FEA8C234FEAC12270
:1019D00043EA51514FEA1C5018BF00F5F0404FEA5E
:1019E000300018BF41F000415FEA6C5C00F02980D4
:1019F000BCF1FF3F08BF40F080407047130C06BFAA
:101A000012044FF0100C4FF0000C130E04BF120222
:101A10000CF1080C130F04BF12010CF1040C930F0E
:101A200004BF92000CF1020CD30F04BF52000CF162
:101A3000010C11464FF00002A0F11F00A0EB0C00BA
:101A4000704711F0004F08BF704731F000413FF47C
:101A5000D5AF0B0C06BF09044FF0100C4FF0000C73
:101A60000B0E04BF09020CF1080C0B0F04BF090197
:101A70000CF1040C8B0F04BF89000CF1020CCB0F8E
:101A800004BF49000CF1010CCCF12003A0EB0C00C9
:101A900022FA03F302FA0CF241EA030100F1010019
:101AA000704720F07F4C80EA030023F07F47ACEBC7
:101AB000070303F57C5300F0004003F1FF032DE919
:101AC00080494FEA154B09B44FEA144325EA0B4EFF
:101AD00024EA03480FF2042606EB132749083E7850
:101AE0005FEA320203FB0667C7F5000707FB06F64D
:101AF0004FEA54374FEAD64606F1020607FB066C5A
:101B0000CCF1005C4FEA1C472CEA074C07FB06F4BB
:101B10000CFB06F504EB15464FEA961634BF002081
:101B20004FF000404FEAD13706FB07FC4FEA1C4C50
:101B30000CFB0BF7D21B03FB0CF761EB07010CFB53
:101B40000EF7B0EB074072EB17420CFB08F734BFFF
:101B5000A2EB0742B2EB074261EB17414FEA0C449C
:101B60004FEA910706FB07FC4FEA1C4C0CFB0BF7F6
:101B7000B0EBC74072EB573203FB0CF734BFA2EB5C
:101B8000C742B2EBC74261EB57310CFB0EF7B0EB2B
:101B9000C70072EB57720CFB08F734BFA2EBC70209
:101BA000B2EBC70261EB5771039F4FEA816141EAD3
:101BB000921104EBCC044FEAD1374FEA826206FB64
:101BC00007FC42EA90124FEA80604FEA1C4C0CFB83
:101BD0000BF7D21B03FB0CF761EB07010CFB0EF7B5
:101BE000B0EB074072EB17420CFB08F734BFA2EBD7
:101BF0000742B2EB074261EB17414FEA8C554FEABF
:101C0000910704EB9C2406FB07FC4FEA1C4C0CFBE1
:101C10000BF7B0EBC74072EB573203FB0CF734BF46
:101C2000A2EBC742B2EBC74261EB57310CFB0EF798
:101C3000B0EBC70072EB57720CFB08F734BFA2EB96
:101C4000C702B2EBC70261EB577115EB4C254FEAA7
:101C5000816141EA92114FEA82624FEAD13742EA4A
:101C6000901206FB07FC44F100044FEA80604FEA43
:101C70001C4C0CFB0BF7D21B03FB0CF761EB0701B1
:101C80000CFB0EF7B0EB074072EB17420CFB08F7AA
:101C900034BFA2EB0742B2EB074261EB174115EBF1
:101CA0001C154FEA813141EA92414FEA823242EA01
:101CB00090424FEA80304FEA0C7644F1000448EA43
:101CC00003434EEA0B484FF0000EB2EB080C71EBE9
:101CD000030724BF624639464EEB0E0E4FF0000B51
:101CE0000018524149414BEB0B0BB2EB080C71EB66
:101CF00003077BF1000B24BF624639464EEB0E0E04
:101D00004FF0000B0018524149414BEB0B0BB2EB6B
:101D1000080C71EB03077BF1000B24BF62463946C8
:101D20004EEB0E0E51EA020718BF46F0010616EB05
:101D30000E7655F1000254F1000103D5BDE889018A
:101D4000BDE80088BDE88901BDE80048B6195241E8
:101D500041EB0101A3F10103704780807F7E7D7C10
:101D60007B7A7978777676757473727171706F6E2D
:101D70006E6D6C6C6B6A6A696868676666656464D8
:101D8000636362616160605F5F5E5E5D5D5C5C5B62
:101D90005B5A5A59595858575756565555555454D1
:101DA000535352525251515050504F4F4F4E4E4D2F
:101DB0004D4D4C4C4C4B4B4B4A4A4A49494948487B
:101DC00048474747474646464545454444444443BB
:101DD00043434342424242414141002B9C4630D45E
:101DE00077002BD01CB54FEA370703B44FF0100033
:101DF0004FF01001BAF1000F06D0BCF1000FDCBFAC
:101E000040F0080040F008014FF000000FBCBDE8B2
:101E100010400BF1010BBBF1010F08BF5FEA170780
:101E200022BF12F1010211F101014FF0004143F113
:101E3000000300F0004043EA00007047F9D3570860
:101E4000D0E746EA064613F1400F4FEA16461FDD7B
:101E500013F1200FDFBF16430A46002120335B42F7
:101E6000BED0C3F1200746EA064602FA07F74FEA5A
:101E7000164646EA0706C3F1200722FA03F201FAE2
:101E800007F721FA03F14FF0000342EA0702A7E740
:101E900046EA020646EA06464FEA164646EA0106C2
:101EA000BCBF46EA0646360C4FF000034FF0000276
:101EB0004FF0000194E72DE9804C9A46934670B4A8
:101EC00091E8380007C831EA400C48BF34EA430CB7
:101ED00003D5FFF7E6FDFFF780FFF0BCBDE8008CFF
:101EE0002DE9804C9A46934670B491E8380007C8B3
:101EF00010F0804F08BF13F0804F03D100F005F8B9
:101F0000FFF76BFFF0BCBDE8008C20F07F4780EA54
:101F1000030023F07F4C07EB0C03A3F57C5300F088
:101F20000040A3F1FE0392F0000F00F0B38095F0A3
:101F3000000F00F077802DE901494FEA11404FEA88
:101F4000144621EA004800FB06FC24EA064708FB89
:101F500006F607FB08F800FB07F718EB06484CEB02
:101F6000164C4FEA124B18EB07484FEA15464CEB5C
:101F7000174022EA0B4E0BFB06FC25EA06470EFB38
:101F800006F607FB0EFE0BFB07F71EEB064E4CEBAF
:101F9000164C4FF000061EEB074E4CEB174B18EBA0
:101FA0000B0840F1000018EB0E0B58EB000840F155
:101FB00000008F1A4FF000013CBFC943661B14BFDD
:101FC000B5EB040C00213CBFC943F61B4FEA174494
:101FD0004EEA8E0E27EA04454FEA1C4704FB0762CF
:101FE0002CEA074C05FB07F70CFB05F604FB0CFC81
:101FF00016EB074642EB174216EB0C4642EB1C422F
:102000001BEB060658EB0202414146EA9E0601D54B
:10201000BDE80189B619524141EB0101A3F1010369
:10202000BDE801894FEA14454FEA114724EA054605
:1020300021EA074C05FB07F406FB07F70CFB06F14A
:1020400005FB0CFC11EB074144EB17444FEA124728
:1020500011EB0C4144EB1C4422EA074C05FB07F250
:1020600006FB07F70CFB06F605FB0CFC16EB074618
:1020700042EB174216EB0C4642EB1C456A1854F132
:10208000000148BF7047B619524141EB0101A3F16D
:102090000103704795F0000F37D04FEA11424FEA25
:1020A000144721EA024624EA074C02FB07F106FB2B
:1020B00007F70CFB06F402FB0CFC14EB074441EBA6
:1020C00017414FEA154714EB0C4441EB1C4125EA3C
:1020D000074C02FB07F506FB07F70CFB06F602FBB5
:1020E0000CFC16EB074645EB174516EB0C4645EB8B
:1020F0001C42121951F1000148BF7047B6195241F4
:1021000041EB0101A3F1010370474FEA14454FEA87
:10211000114724EA054621EA074C05FB07F106FBB7
:1021200007F70CFB06F24FF0000605FB0CFC12EB68
:10213000074241EB174112EB0C4251EB1C4148BFE7
:102140007047921841EB0101A3F10103704710B5EC
:10215000044600F00FF8204602F076F8BDE8104083
:10216000AFF30080024800224FF4007102F0AFBECE
:102170000010025801220248510202F0A8BE0000DD
:1021800000100258FEE700000349002048700122B9
:10219000024805F045BE0000F40000245C13002452
:1021A00007480178412902D04F2902D003E00121DC
:1021B00000E00021417002490122024805F030BED2
:1021C000F40000245C13002410B504460E482DEDE5
:1021D000028B01789FED0D8AA14204D0047007F0B4
:1021E000C9FB0AF0D9FD002C0BD1B0EE480ABDECBA
:1021F000028BB0EE401AF0EE400ABDE8104000F04D
:1022000043BABDEC028B10BD180100240000000091
:1022100003480021021D82EC030A417007F0AABBAB
:102220001801002470B5744C2DED088BB0EE418A76
:10223000B0EE609AB0EE401ADFED701A2078E8B187
:1022400094ED012A6E48002532EE410AB0EEC00A34
:1022500010EE101A814243DA94ED020A30EE490A78
:10226000B0EEC00A10EE101A814239DA94ED030A7A
:10227000DFED640A644930EE480A0BE0B0EE611A03
:10228000F0EE610AB0EE610A00F0FEF9AEE000BFC8
:1022900030EE600A10EE100A8842F9DC5B4900BF9C
:1022A00010EE100A884202D930EE200AF8E7B0EEAC
:1022B000C00A10EE100AB0F17C5F11DAB0EE611ABC
:1022C000F0EE610AB0EE610A00F0DEF907F052FBB1
:1022D0000AF062FD257001206070BDEC088B70BDB6
:1022E000F0EE410AB0EE420A07F06CFBF0EE408AD5
:1022F000F0EE490A94ED020A07F06AFBF0EE40AAFC
:10230000F0EE480A94ED030A07F068FBB0EE409A3D
:102310009FED3F0ADFED3F0A28EE000A80EE208A9B
:10232000B0EE480A0AF084FAF0EE400AB0EE480A2D
:10233000F0EE609A0AF024FBB0EE401A28EEA9BA3B
:1023400028EE81AA0AEEC1BA0AEEA9AA02F0CAFDD5
:10235000E1699FED310AE9B3411A00EE901A9FED51
:102360002F1AF8EE600A20EE818A00BFB5EEC08A0F
:10237000F1EE10FA04D918EE101A294A914201DD43
:10238000B0EE408A9FED270AE061D4ED040A68EEC2
:10239000008AB0EE4B0AB0EE681A0AF00DFDF0EEBE
:1023A000409AB0EE681AD4ED050AB0EE4A0A0AF077
:1023B00003FDF0EE408A9FED1C0AD4ED060A28EEDC
:1023C000001AB0EE490A0AF0F7FCB0EE401AC4ED6C
:1023D000049A00E00CE0C4ED058A84ED061AF0EEE4
:1023E000680AB0EE690A00F03DF96570002074E7F4
:1023F000B0EE408ABAE70000180100240000000097
:102400000000A0400000B44300003443000034C387
:10241000DB0F4940000034430AD7233C6F12833A54
:10242000CDCC4C3D0000964300001644014809F015
:1024300026BC0000540F0024014809F071BA0000C6
:10244000540F0024014809F079BB0000540F002408
:102450002DE9F74F92468B464FF000052DED028B8C
:102460008AB09FED488A0C9808B3BBF1000F1ED0CC
:10247000BAF1000F1BD0EFF3108772B609F02CFAF7
:10248000002481460DF110083F48661CF1B209F0A6
:10249000F7FF08AA01464388404622F8143009692C
:1024A00048F82410F4B2042CEED337B106E0002033
:1024B0000AB0BDEC028BBDE8FE8F62B6334E01233D
:1024C00000216F46F3EE030A50F821403CB1A9EB1E
:1024D0000404B44203D203FA01F4E4B2254332F90E
:1024E000114007EB810800EE104A01F1010C0CF0DD
:1024F000FF01B8EEC00A042980EE201A88ED001A08
:10250000E2D3DDED001ADDED012A9DED021A9DED0D
:10251000030A31EEA23A71EEE21AF5EE000A9FEDDF
:102520001F2A73EE012A33EE413A31EEC11ADFED74
:10253000183A72EE801A73EE402A31EE001A9FEDBF
:10254000154A21EEA00A62EEA01A61EE200A0C984C
:1025500020EE081A21EE820ADFED0F4A60EE820AB1
:10256000C1EE231A20EE080A60EEC80A80ED000AC8
:10257000CBED000A284621EE841A81EE240A8AED6A
:10258000000A95E7AFADFE40000A0024A0860100D6
:1025900000007A4300A08C46DB0F49C0F304B53F2E
:1025A0002DE9FF4704004FF0000054D084F82000CC
:1025B00084F82100EFF3108772B609F08DF9002539
:1025C0008046E94625486E1CF1B209F059FF90EDAE
:1025D000060A04EB45014A46BDEEC00A10EE103A69
:1025E00024F8153043880B81838C0B8283880B83FE
:1025F000006949F82500F5B2042DE3D307B962B6A6
:10260000012142F2AC66002004EB400352F8205056
:10261000B3F9103065B1DFF848C0A8EB0505654592
:1026200006D294F8207001FA00F52F4384F8207048
:10263000B34203DA42F2AC65EB4206DC94F8215077
:1026400001FA00F31D4384F82150401CC0B2042855
:10265000DAD394F8200004B0BDE8F087000A002423
:10266000A0860100EFF3108172B60648002280EDCB
:10267000030AC0ED040A80ED051A0270002900D19A
:1026800062B67047F8000024EFF3108172B6064876
:10269000012280ED030AC0ED040A80ED051A0270E4
:1026A000002900D162B67047F80000242DE9F041FE
:1026B0002DED028BB0EE408AB5EEC08AF1EE10FA35
:1026C00001D29FED178A174F174997ED010A38EE8F
:1026D000400AB0EEC00A10EE100A88421BDDEFF38C
:1026E000108672B601241148214609F0C9FE05463C
:1026F000D5E9020211460DF0D8FCE86105F1280089
:1027000009F01CFB641CE4B2042CECD9002E87ED0C
:10271000018A00D162B6BDEC028BBDE8F0810000F9
:1027200000000000F8000024BD378635000A0024B0
:1027300010B52DED048BF0EE408AB0EE608A28EEE5
:10274000A80AB0EE419ADFED179A08EE080A0AF0DF
:10275000E1F910EE100A1449884207DD9FED131AC3
:10276000C1EE000A68EEA08A28EE208A9FED101ABA
:102770009FED100A9FED102A69EE012ADFED0F0A86
:1027800068EEA91A82EE801A28EE200ABDEC048BAE
:10279000BDE8104021EE021A21EE201AF0EE610A87
:1027A000FFF760BF09AA003E00803B4500803B4523
:1027B000DB0F494000A08C4600007A4309AA00BE06
:1027C0004FF47A750B48294609F064F90BF065FE61
:1027D000044608488089B5FBF0F5064809F0BAF9C7
:1027E0002DB12846044420460BF040FEF5E70120B9
:1027F000F8E70000540F00244FF47A76144831466D
:1028000009F050FC0BF049FE05461148114C808838
:10281000B6FBF0F6EFF3108072B60028207894ED46
:10282000030AD4ED040A94ED051A00D162B608B18A
:10283000012100E00021064809F06AFC2EB1304673
:10284000054428460BF012FEE4E70120F8E70000FB
:10285000400F0024F8000024014800F051BE0000A1
:102860004C170024014800F04BBE0000D416002491
:10287000294A016891423AD0274A1832914236D00B
:10288000254A3032914232D0234A483291422ED0EA
:10289000214A603291422AD01F4A7832914226D092
:1028A0001D4A9032914222D01B4AA83291421ED03A
:1028B0001A4A91421BD0194A1832914217D0174A2E
:1028C0003032914213D0154A483291420FD0134A08
:1028D000603291420BD0114A7832914207D00F4AB0
:1028E0009032914203D00D4AA832914211D1CAB21E
:1028F0001823103AB2FBF3F26FF30901032A02F036
:102900000703074AD25CC26500D9091D81650846E4
:10291000704721F0FF01F9E7100002401004024067
:102920007004010830B5224A012301689142CAB2FD
:102930001BD01F4C1434A14217D01D4C2834A14287
:1029400013D01B4C3C34A1420FD0194C5034A1423F
:102950000BD0174C6434A14207D0154C7834A142F7
:1029600003D0134C8C34A1420CD11421114C083AE1
:10297000B2FBF1F10F4A803201F01F0504EB810137
:10298000AB4010E00C4D1824103A0D44B2FBF4F1AA
:10299000A82D00D80831094A01F01F0402EB81017B
:1029A000064AA3408032603080E80E0030BD00004F
:1029B0000854025800580258F0FBFDBF00080240BE
:1029C00010B50279531E072B2DD8174C0168A14270
:1029D0001BD0154C1434A14217D0134C2834A142FB
:1029E00013D0114C3C34A1420FD00F4C5034A142B3
:1029F0000BD00D4C6434A14207D00B4C7834A1426B
:102A000003D0094C8C34A14203D10849074C44310E
:102A100002E00749064C443104EB8202C0E91B2165
:102A200001219940416710BD08540258FC580258D2
:102A3000FC08024010B583694FF0C074826A0146F9
:102A4000002053B1B3F5005F15D072B1012A0CD04C
:102A5000022A0AD0032A09D104E01AB1012A06D0B9
:102A6000022A03D1C96AC90100D5012010BDC96A73
:102A7000A142FAD010BD002AF7D0012AF2D0022AD2
:102A8000F3D0032AF3D010BD2DE9F04F804E804FD4
:102A9000DFF8FC911836DFF8F8A148370468856D37
:102AA0000AF1300ADFF8ECB14C45DFF8ECC1DFF891
:102AB000ECE16DD0B4426BD0544569D0BC4267D0D4
:102AC000DFF8D081A8F11808444561D05C455FD09B
:102AD00064455DD074455BD0DFF8C481444557D070
:102AE000DFF8BC8108F11808444551D0DFF8B08107
:102AF00008F1300844454BD0DFF8A48108F14808BC
:102B0000444545D0DFF8988108F1600844453FD03E
:102B1000DFF88C8108F17808444539D0DFF88081EE
:102B200008F19008444533D0DFF8748108F1A80813
:102B300044452DD0DFF86C81444529D0DFF864810D
:102B400008F11408444523D0DFF8588108F128081B
:102B500044451DD0DFF84C8108F13C08444517D0AE
:102B6000DFF8408108F15008444511D0DFF8348186
:102B700008F1640844450BD0DFF8288108F1780893
:102B8000444505D0DFF81C8108F18C08444509D183
:102B9000D0E91948C4F80480C46E1CB1D0E91C48BF
:102BA000C4F8048004684C452ED0B4422CD054455F
:102BB0002AD0BC4228D0374E183EB44224D05C45BF
:102BC00022D0644520D074451ED0354EB4421BD06F
:102BD000334E1836B44217D0314E3036B44213D08B
:102BE0002F4E4836B4420FD02D4E6036B4420BD033
:102BF0002B4E7836B44207D0294E9036B44203D0DB
:102C0000274EA836B44215D190F85C603F2406F0F8
:102C10001F06B440AC600468256825F48025256053
:102C20002EE09A600068C160BDE8F08F996000688E
:102C3000C260F9E71B4EB4421BD01A4E1436B442A0
:102C400017D0184E2836B44213D0164E3C36B44234
:102C50000FD0144E5036B4420BD0124E6436B442EC
:102C600007D0104E7836B44203D00E4E8C36B442A4
:102C7000DAD190F85C60012406F01F06B4406C6065
:102C8000046863608368402B0368CFD1C9E7000004
:102C90001000024088000240A0000240B80002403C
:102CA0001004024008540258704772B6FEE7000054
:102CB000054805490839026842F0020202600868C6
:102CC0008004FCD5704700000C480258014801F010
:102CD00067BC00000C100024014801F061BC00003A
:102CE000AC100024F0B503684FF6FC716D4C426BDC
:102CF000D3F884508D4345EA8205C3F884500368B5
:102D000053F8845F068F25F47F0545EA06451D606C
:102D1000836B654D9F180268D2F888308B4343EA75
:102D20008703C2F88830026852F8883F868F23F400
:102D3000FE0343EA06431360066856F8A03FC26BE1
:102D40008B4307EB420243EA82033360076857F87C
:102D5000A03FB0F8406023F4FE0343EA06433B6023
:102D6000D0E9103603FB06220368D3F8B0608E4327
:102D700046EA8206C3F8B0600368B0F84860D3F84A
:102D8000B07027F4FE0747EA0646C3F8B060D0E902
:102D90001267036806FB0722D3F8AC608E4346EA4D
:102DA0008206C3F8AC60D0E91467036806FB07220B
:102DB000D3F8F0608E4346EA8206C3F8F0600368F9
:102DC000B0F85860D3F8F07027F47C1747EA06464D
:102DD000C3F8F0600368876D53F8C06F02EB4702D9
:102DE0008E4346EA820119600168B0F85C20D1F890
:102DF000C03023F47C1343EA0242C1F8C0200168CA
:102E000090F86020D1F8C03023F07C5343EA02628E
:102E1000C1F8C020416B04EB8101C166826B01EBFC
:102E200082020267C36B02EBC3024267D0E910342F
:102E3000634302EB83028267D0E91234634302EBFF
:102E40008302C267D0E91434634302EB8302C0F803
:102E50008020836D02EBC303C0F88430C46D826EA2
:102E6000544303EB8403C0F88830046E544303EBEF
:102E70008402C0F89020AA420AD9D0F89C200321ED
:102E800042F02002C0F89C2080F898100120F0BD8C
:102E9000002200E004C1D0F890308B42FAD8002024
:102EA000F0BD000000AC0040FCD30040F0B58E68DF
:102EB0000C69D1E9005744EA0604DFB145F08045CA
:102EC0002C43866ED1E906C54F695E4391F82030E8
:102ED00045EA0C05B1F80CC0D0F884E0002047EAC0
:102EE00003630C4F1D430EEB860345EA0C45E3E8F4
:102EF00002450AE044EA8544E3E71418155C001D26
:102F0000D4F8014045EA042410C3CC683C5D8442F7
:102F1000F3D8F0BD140401082DE9F84F044601F080
:102F2000E1FF00903CB194F83500022806D08021E2
:102F300061650020E4E00120BDE8F88FC74DC74E71
:102F4000C649183520683036DFF81483DFF814934B
:102F50008842DFF814A3DFF814B32ED0A8422CD097
:102F6000B0422AD0404528D0484526D0504524D0EC
:102F7000584522D0BD4A183290421ED0BC4A9042D9
:102F80001BD0BB4A1832904217D0B94A3032904217
:102F900013D0B74A483290420FD0B54A60329042BF
:102FA0000BD0B34A7832904207D0B14A9032904267
:102FB00003D0AF4AA832904209D1026822F01E0223
:102FC00002602068426922F08002426103E00268E8
:102FD00022F00E02026027688F4238464DD0A84288
:102FE0004BD0B04249D0404547D0484545D05045E8
:102FF00043D0584541D09D4A183290423DD09C4A1A
:1030000090423AD09A4A1832904236D0984A30329A
:10301000904232D0964A483290422ED0944A603242
:1030200090422AD0924A7832904226D0904A9032EA
:10303000904222D08E4AA83290421ED08D4A9042B1
:103040001BD08C4A1432904217D08A4A28329042C0
:1030500013D0884A3C3290420FD0864A5032904278
:103060000BD0844A6432904207D0824A7832904230
:1030700003D0804A8C32974204D1206E026822F439
:103080008072026075492068884228D0A84226D004
:10309000B04224D0404522D0484520D050451ED0D3
:1030A00058451CD071491831884218D0704988425F
:1030B00015D06F491831884211D06D49303188429E
:1030C0000DD06B494831884209D069496031884246
:1030D00005D067497831884201D06549903101684F
:1030E00021F0010101600EE001F0FCFE0099401AA0
:1030F000052808D9202262650321002084F83510B4
:1031000084F8340017E73868C007EDD1534A01212D
:10311000206890422ED0A8422CD0B0422AD0404500
:1031200028D0484526D0504524D0584522D04F4B72
:10313000183398421ED04E4B98421BD04C4B18333C
:10314000984217D04A4B3033984213D0484B4833FB
:1031500098420FD0464B603398420BD0444B7833A3
:10316000984207D0424B9033984203D0404BA8334B
:10317000984208D194F85C703F23A06D07F01F07B8
:10318000BB40836007E094F85C30A06D03F01F0340
:1031900001FA03F34360206890424DD0A8424BD01F
:1031A000B04249D0404547D0484545D0504543D02E
:1031B000584541D02D4A183290423DD02C4A904279
:1031C0003AD02B4A1832904236D0294A30329042B7
:1031D00032D0274A483290422ED0254A603290425F
:1031E0002AD0234A7832904226D0214A9032904207
:1031F00022D01F4AA83290421ED01E4A90421BD0B5
:103200001C4A1432904217D01A4A2832904213D0E6
:10321000184A3C3290420FD0164A503290420BD09E
:10322000144A6432904207D0124A7832904203D056
:10323000104A8C3290420BD1D4E919024260E06E00
:1032400030B1026822F480720260D4E91C0242604C
:10325000002084F8351084F834006DE61000024038
:10326000580002407000024088000240A000024066
:1032700010040240085402582DE9F05F28B190F87C
:103280003510022904D0802141650120BDE8F09F5E
:10329000904C904B0168183C18338E4ADFF83C92F2
:1032A000A1428D4CDFF838E28E4FDFF83CB2DFF8F8
:1032B0003CA28F4D8F4E31D091422FD099422DD0CC
:1032C000A1422BD0494529D0714527D0B94225D0FC
:1032D000DFF810C20CF1180C61451FD0DFF808C2EE
:1032E000ACF1600C614519D0DFF8FCC1ACF1480CC1
:1032F000614513D0DFF8F0C1ACF1300C61450DD061
:10330000DFF8E4C1ACF1180C614507D0594505D090
:10331000514503D0A94201D0B1422CD1DFF8B4C14C
:103320004FF0040880F83580ACF1180C61451DD0D1
:1033300091421BD0994219D0A14217D0494515D0CE
:10334000714513D0B94211D06648183081420DD072
:1033500065486038814209D063484838814205D0C9
:1033600061483038814201D05F481838086820F041
:1033700001000860ABE0D1F800C02CF00E08DFF8C7
:1033800054C1C1F80080ACF1180C0168614527D028
:10339000914225D0994223D0A14221D049451FD046
:1033A00071451DD0B9421BD0DFF838C10CF1180CA3
:1033B000614515D0DFF830C1ACF1600C61450FD02C
:1033C000DFF824C1ACF1480C614509D0DFF818C121
:1033D000ACF1300C614503D0DFF80CC1ACF1180C36
:1033E000D1F800C02CF0010CC1F800C0DFF8E48077
:1033F0004FF0010C0168A8F11808414546D09142F0
:1034000044D0994242D0A14240D049453ED0714576
:103410003CD0B9423AD0334A1832914236D0324A7F
:10342000603A914232D0304A483A91422ED02E4AE8
:10343000303A91422AD02C4A183A914226D0594526
:1034400024D0514522D0A94220D0B1421ED02A4AD0
:1034500091421BD0284A1432914217D0264A283272
:10346000914213D0244A3C3291420FD0224A50322A
:1034700091420BD0204A6432914207D01E4A7832E2
:10348000914203D01C4A8C32914218D1016E0A68D5
:1034900022F480720A6090F85C20816D02F01F02B5
:1034A0000CFA02F24A60D0E919124A60C16E31B1D9
:1034B0000A6822F480720A60D0E91C124A60002275
:1034C000016D80F835C080F8342001B188470020B4
:1034D000DCE6000028000240580002407000024074
:1034E00088000240A00002407004024088040240AC
:1034F000A0040240B804024008540258406D7047CE
:103500002DE9FC5F0446F74E0020DFF8D8830090D9
:103510004FF41652F44808F11808A56DDFF8C4936B
:10352000DFF8C0A3016809F1300920680AF1480AF0
:10353000B1FBF2F1B04201912F68D5F800C0DFF87D
:10354000ACB335D04146884232D0484530D05045A2
:103550002ED058452CD0E5491831884228D0E3496F
:103560003031884224D0E1494831884220D0E049B6
:1035700088421DD0DE491831884219D0DC493031EB
:10358000884215D0DA494831884211D0DFF860E32B
:103590000EF1600E70450BD0D54A7832904207D0BC
:1035A000D34B9033984203D0D149A83188427DD182
:1035B00094F85C20082102F01F0201FA02F23A425C
:1035C0004AD0B04232D0404530D048452ED0504548
:1035D0002CD058452AD0C54A1832904226D0C34A2A
:1035E0003032904222D0C14A483290421ED0C04A66
:1035F00090421BD0BE4A1832904217D0BC4A30329B
:10360000904213D0BA4A483290420FD0B84A603242
:1036100090420BD0B64A7832904207D0B44A9032EA
:10362000904203D0B24AA832904203D1026802F01D
:10363000040202E0026802F008026AB1026822F0A5
:103640000402026094F85C0000F01F008140A96051
:10365000606D40F00100606594F85C00012100F0AD
:103660001F008140394240D02068B04234D04045EC
:1036700032D0484530D050452ED058452CD09B4AAA
:103680001832904228D0994A3032904224D0974A3A
:103690004832904220D0964A90421DD0944A183227
:1036A000904219D0924A3032904200E0AFE113D0FC
:1036B0008F4A483290420FD08D4A603290420BD0F0
:1036C0008B4A7832904207D0894A9032904203D098
:1036D000874AA83290427DD1406910F0800F04D013
:1036E000A960606D40F00200606594F85C00042100
:1036F00000F01F00814039423ED02068B04232D0F5
:10370000404530D048452ED050452CD058452AD081
:10371000764A1832904226D0744A3032904222D0F3
:10372000724A483290421ED0714A90421BD0704A71
:103730001832904217D06E4A3032904213D06C4A01
:10374000483290420FD06A4A603290420BD0684AA9
:103750007832904207D0664A9032904203D0644A51
:10376000A83290424ED1006810F0020F04D0A96038
:10377000606D40F00400606594F85C00102100F07A
:103780001F008140394258D02068B04234D04045B3
:1037900032D0484530D050452ED058452CD0534AD1
:1037A0001832904228D0514A3032904224D04F4AA9
:1037B0004832904220D04E4A90421DD04C4A183296
:1037C000904219D04A4A3032904215D0484A483285
:1037D000904200E014E00FD0454A603290420BD096
:1037E000434A7832904207D0414A9032904203D007
:1037F0003F4AA832904207D1006800F0080006E076
:10380000006872E70068B7E7006800F00400A0B144
:10381000A96020680168490304D50068000308D541
:10382000A16C07E00168C90503D4016821F0080113
:103830000160216C09B12046884794F85C00202182
:1038400000F01F008140394279D02068B04232D068
:10385000404530D048452ED050452CD058452AD030
:10386000224A1832904226D0204A3032904222D04A
:103870001E4A483290421ED01D4A90421BD01C4A1C
:103880001832904217D01A4A3032904213D0184A58
:10389000483290420FD0164A603290420BD0144A00
:1038A0007832904207D0124A9032904203D0104AA8
:1038B000A832904203D1006800F0100002E00068D6
:1038C00000F00200B0B3A96094F835000428206825
:1038D00001680FD049037ED5006800032BD4616CCA
:1038E0002AE0000010000240700100247000024035
:1038F0001004024021F0160101602068416921F0A6
:1039000080014161206C08B9A06C20B12068016879
:1039100021F00801016094F85C303F21012003F0A0
:103920001F0300229940A96084F8350084F83420F0
:10393000216D65E003E0E16B09B120468847606DC9
:1039400000287DD0606DC00759D02068042184F81C
:103950003510B0422BD0404529D0484527D050459E
:1039600025D0584523D09D49884220D09B49183105
:1039700088421CD099493031884218D098498842F1
:1039800015D097491831884211D095493031884275
:103990000DD093494831884209D09149603188421D
:1039A00005D08F497831884201D08D499031016826
:1039B00021F00101016020680099019A491C0091E1
:1039C000914202D80168C907F6D10068C00710D03B
:1039D00003200FE0FFE70168C905ACD403680121AB
:1039E000002223F01003036084F8351084F834209B
:1039F000A1E7012084F83500002084F83400E16C50
:103A000000291DD002B02046BDE8F05F0847754987
:103A100088421DD073491431884219D07149283128
:103A2000884215D06F493C31884211D06D495031E0
:103A300088420DD06B496431884209D0694900E061
:103A400084E07831884203D066498C3188427DD148
:103A500094F85C800427016808F01F0807FA08F74B
:103A600017EA0C0F009746D04F0744D500980F0473
:103A7000686003D5C8033CD4A16CC1E7880638D47C
:103A80002068B0422DD055496039884229D0484538
:103A900027D0504525D0584523D05049884220D0C2
:103AA0004E49183188421CD04C493031884218D0D8
:103AB0004B49884215D04A491831884211D04849AB
:103AC000303188420DD046494831884209D070458E
:103AD00007D0904205D0984203D04149A83188428E
:103AE00003D1016821F0080102E0016821F004011E
:103AF0000160216C84E7022707FA08F717EA0C0F28
:103B000000974ED08F074CD500980F04686003D5FE
:103B1000C80344D4616C73E7880640D42068B0427F
:103B20002FD02E49603988422BD0484529D05045A6
:103B300027D0584525D02949884222D02749183115
:103B400088421ED025493031884200E044E018D038
:103B50002349884215D022491831884211D0204982
:103B6000303188420DD01E494831884209D0704515
:103B700007D0904205D0984203D01949A831884215
:103B800003D1016821F0140102E0016821F00A016B
:103B90000160012184F83510002084F83400E16BC5
:103BA0002EE7082202FA08F212EA0C0F14D00907D5
:103BB00012D5016821F00E01016094F85C1001201B
:103BC000002201F01F0100FA01F16960606584F8CC
:103BD000350084F8342012E7BDE8FC9F88000240DD
:103BE00010040240085402582DE9F05F044601F029
:103BF00079F9002C07467DD0E34E022120684FF072
:103C00000308DFF888934FF00005DFF884A3B04283
:103C1000DFF880B334D0DC4A1832904230D04845C7
:103C20002ED050452CD058452AD0DA4A183290422E
:103C300026D0D84A3032904222D0D64A48329042DA
:103C40001ED0D54A90421BD0D34A1832904217D08A
:103C5000D14A3032904213D0CF4A483290420FD0EE
:103C6000CD4A603290420BD0CB4A7832904207D096
:103C7000C94A9032904203D0C74AA83290427DD1BF
:103C800084F83510B04284F834502ED0BE49183133
:103C900088422AD0484528D0504526D0584524D0BF
:103CA000BC491831884220D0BA49303188421CD0F2
:103CB000B8494831884218D0B749884215D0B6492A
:103CC0001831884211D0B449303188420DD0B24900
:103CD0004831884209D0B0496031884205D0AE49A8
:103CE0007831884201D0AC499031016821F001015E
:103CF000016008E027E100BF01F0F4F8C01B0528CF
:103D000001D920211CE120680068C007F4D104F12A
:103D100008002168D4E9053C8E4685C8096810432F
:103D2000D4E907281F43636A38439C4F40EA0C00DC
:103D30001043394040EA0800042B40EA010003D157
:103D4000D4E90B1211430843954909686FF30F0139
:103D5000B1F1005F0FD36168A1F12902052A08D9EA
:103D6000163A032A05D9083A012A02D94F390329FC
:103D700001D840F48010CEF8000000E023E0206875
:103D8000676A4069042F20F0070047EA00070DD159
:103D9000D4E90A01074349B12046FEF74BFE28B19A
:103DA00040206065012184F83510CCE0206847612F
:103DB0002046FEF75DFD94F85C203F2102F01F02D3
:103DC0009140816054E0774A90421BD0754B143388
:103DD000984217D0734B2833984213D0714B3C3321
:103DE00098420FD06F4B503398420BD06D4B6433D9
:103DF000984207D06B4B7833984203D0694B8C3391
:103E000098427DD184F8351084F83450664B0168AF
:103E1000A26801EA030E402A73D0802A72D00022E1
:103E2000D4E90378D4E9053142EAD70242EAD80856
:103E30005C4AD4E9077C48EAD30848EAD10141EA60
:103E4000D701524241EA1C11142341EA0E010160DC
:103E500020681044B0FBF3F08000E0652046FEF7D8
:103E600007FD94F85C20012102F01F02914041609F
:103E70002068B04257D044491831884253D0484551
:103E800051D050454FD058454DD042491831884205
:103E900049D040493031884245D03E494831884276
:103EA00041D03D4988423ED03B49183188423AD002
:103EB00039493031884236D037494831884232D08A
:103EC0003549603188422ED03349783188422AD032
:103ED00031499031884226D02F49A831884222D0DA
:103EE000304988421FD02F49143188421BD02D49B8
:103EF0002831884217D02B493C31884213D002E048
:103F00001DE017E018E02749503188420BD02549C1
:103F10006431884207D023497831884203D021494F
:103F20008C31884229D12046FEF7FCFCA06880280D
:103F30000CD00CE0102273E74FF4804270E7402170
:103F4000616584F835800120BDE8F09F6560216ED1
:103F500020790860D4E9190141606068401E072893
:103F600008D82046FEF72CFDE06E0560D4E91C0160
:103F7000416002E0E566256765670120656584F8B4
:103F800035000020E0E70000100002404000024041
:103F90005800024070000240100402403F8010FEB2
:103FA0000010005C085402580F00FEFF2DE9F84F86
:103FB00004008C464FF00000009014D094F83400B8
:103FC000012812D094F835500120002184F83400E3
:103FD000012D0CD0C00260650120009084F83410DF
:103FE0000098BDE8F88F0120FBE70220F9E78C4D2F
:103FF0000226206884F83560A8428A4D61658A4EA1
:104000008A4FDFF82C82DFF82C92DFF82CA2DFF841
:104010002CB226D0A84224D0B04222D0B84220D020
:1040200040451ED048451CD050451AD0584518D0A0
:104030008349884215D082491831884211D080497D
:10404000303188420DD07E494831884209D07C49C0
:104050006031884205D07A497831884201D0784968
:104060009031016821F00101016061462046FEF7B0
:104070000BFD6B49206888422CD0A8422AD0B04260
:1040800028D0B84226D0404524D0484522D05045BB
:1040900020D058451ED06A4A90421BD0684A183238
:1040A000904217D0664A3032904213D0644A483268
:1040B00090420FD0624A603290420BD0604A783210
:1040C000904207D05E4A9032904203D05C4AA832B8
:1040D00090420CD1026822F01E0242F016020260E9
:1040E000206C88B12068026842F008020BE0026888
:1040F00022F00E0242F00A020260206C20B1206819
:10410000026842F004020260206888424BD0A84254
:1041100049D0B04247D0B84245D0404543D0484549
:1041200041D050453FD058453DD0454A90423AD0C5
:10413000434A1832904236D0414A3032904232D00F
:104140003F4A483290422ED03D4A603290422AD0B7
:104150003B4A7832904226D0394A9032904222D05F
:10416000374AA83290421ED0364A90421BD0354A78
:104170001432904217D0334A2832904213D0314A39
:104180003C3290420FD02F4A503290420BD02D4AF1
:104190006432904207D02B4A7832904203D0294AA9
:1041A0008C3290420DD1206E0268D20303D5026892
:1041B00042F480720260E06E18B1026842F48072CC
:1041C00002602068884226D0A84224D0B04222D083
:1041D000B84220D040451ED048451CD050451AD08A
:1041E000584518D01649884215D0154918318842CB
:1041F00011D01349303188420DD0114948318842DD
:1042000009D00F496031884205D00D497831884284
:1042100001D00B499031016841F001010160DFE6F6
:1042200010000240280002404000024058000240B6
:104230007000024088000240A0000240B800024026
:10424000100402400854025870B5044600F04AFEBB
:104250000546601C02D004480078044400F042FE89
:10426000401BA042FAD370BD6401002410B590F841
:104270009830012B09D0022B07D0D0F89C1041F0C8
:104280000201C0F89C10012010BD03689C6D0C4217
:1042900003D1DC6D44F0010404E09C6D31EA0404B8
:1042A0001FD00324DC658B0505D50368D3F8E040F7
:1042B0001443C3F8E0404B0505D50368D3F8E44048
:1042C0001443C3F8E4400068084A01EA0203446D5D
:1042D000074A1C434465106840EA91701060002052
:1042E00010BDDC6D44F00204DCE70000FFFFCF3FAF
:1042F00014A8004070B5044690F89800022804D035
:10430000D4F89C0040F008000DE02068D0F8C030E0
:1043100013F07C5F0BD0D0F8C4309B020CD5D4F8DE
:104320009C0040F40070C4F89C00012070BDD4F8DB
:104330009C0040F02000F6E7D0F8C400C0F304452C
:1043400020462B46FEF7B2FD21680120A840C1F8A7
:10435000D000C4F89400002070BD704770B590F88C
:104360009820012A09D0022A07D0D0F89C1041F0E9
:104370000201C0F89C10012070BD0B68CA6883B1AF
:104380000B69072A43EA427325D00C7A4A6942EA4C
:1043900084724968006F00EBC100C0E90032002060
:1043A00070BD072A0DD00C7AD6060D8A4B6943EAF8
:1043B000847246EA0543C06E49681A4340F82120DA
:1043C000EDE70B8A4FF06055D1E9062442EA03423B
:1043D00045EA0423EFE78A69DBE730B590F89850A7
:1043E000039C012D07D0D0F89C1041F00401C0F8C7
:1043F0009C10012030BD0D01016845EA820040EAB1
:1044000043002043C1F88000002030BD7047704752
:10441000F0B590F898500024022D04D0D0F89C10EC
:1044200041F0080129E0402905D0412929D0056D36
:104430008D4219D942E00568D5F8A06016F4FE0F48
:1044400012D0D5F8A460760613D0D5F8A460F60192
:1044500005D5D5F8A06016F0004F00D50124D5F899
:10446000A470466F456C24E0D0F89C1041F0200108
:1044700003E0D0F89C1041F48071C0F89C1001203A
:10448000F0BD0568D5F8B06016F4FE0FECD0D5F895
:10449000B4607606EDD0D5F8B460F60105D5D5F850
:1044A000B06016F0004F00D50124D5F8B470866FC7
:1044B000C56CC7F305273C44654302E0456DC66FF4
:1044C0004D4306EB85052E6816F0804656602E6833
:1044D00036D026F060461660D5F800C000262E4F74
:1044E0000CF0005CC2F808C0D5F800C00CF0004C1D
:1044F000C2F810C0B5F804C01FFA8CFCC2F81CC08A
:10450000D5F804C0CCF3034CC2F80CC0D5F804C0F5
:104510000CF4801CC2F814C0D5F804C00CF4001CC4
:10452000C2F818C0D5F804C0CCF3066CC2F820C09D
:10453000D5F804C008354FEADC7CC2F824C008E096
:10454000C6F38A46C7E700BF15F806C003F806C0E1
:10455000761CD2F80CC017F80CC0B445F4D840292A
:104560000AD041290CD020294FF001020CD200685A
:104570008A40C0F898200DE00068C0F8A84009E023
:104580000068C0F8B84005E0006801F01F018A40EB
:10459000C0F89C200020F0BD140401087047000002
:1045A0002DE9FF5FDFF80CB304460BF10401DBF8E3
:1045B000000025680F68AA468007D5F85090696DFD
:1045C000D5F850806E6D2A6DD5F854C02B6D00EA79
:1045D0008770009009F470496F6D286D01EA090138
:1045E0000191DAF85410DAF85490DAF8505008F0E3
:1045F0000F0806EA0806029602F0F00203F0715373
:104600006FEA09061F4000F060700CEA020CCDF85A
:104610000CC0F20501EA00090CD4E843C00509D436
:1046200000214FF48073CAF85030CBF800102046B8
:10463000FFF7B4FF700512D4E84340050FD420689B
:1046400000234FF48068D0F8DC20D0F8E410C0F8E4
:104650005080CBF800301140204600F019FBDFF805
:1046600058A2009850B12268830F00EA0A00106532
:10467000CBF8003020460099FFF76FFE019850B14B
:104680002268830F00EA0A001065CBF8003020464C
:10469000019900F0FFFA029850B12268830F00EAF6
:1046A0000A001065CBF800302046029900F0C0FAED
:1046B000039850B12268830F00EA0A001065CBF816
:1046C00000302046039900F0C3FA30050CD4E843CB
:1046D000000509D4236800204FF400621A65CBF866
:1046E0000000204600F0D7FAB00512D4E843800558
:1046F0000FD4206800234FF40078D0F8D820D0F8E9
:10470000E010C0F85080CBF800301140204600F097
:10471000C0FA30030CD4E843000309D42368002016
:104720004FF400221A65CBF80000204600F07EFA14
:10473000F0030CD4E843C00309D4236800204FF4ED
:1047400080321A65CBF80000204600F0A0FA700312
:104750000CD4E843400309D4226800204FF480239E
:104760001365CBF80000204600F090FAB0030FD498
:10477000E84380030CD4236800204FF400321A650C
:10478000CBF80000D4F89C0040F08000C4F89C00F6
:10479000B9F1000F0BD022684FEA997309EA0A00B9
:1047A0001065CBF8003049462046FFF730FE5FB178
:1047B0002268BB0F07EA0A001065CBF80030D4F876
:1047C0009C003843C4F89C003C492068884268D16A
:1047D000606881468068800763D0D9F82060D9F886
:1047E0002410D9F82080D9F82400D9F820C0D9F8AD
:1047F0002470D9F82030D9F82450D9F8202003F4B7
:10480000FC4306F00F0AD9F824601D40D9F824B003
:1048100008F030080CF4C07C02F4F02211EA0A011E
:1048200000EA080807EA0C0706EA0206D9F820A001
:1048300004D0C9F82010204600F025FAB8F1000095
:1048400005D0616808624146204600F01EFA6FEA12
:104850000B0040060ED46FEA0A0040060AD46068D6
:104860004021C36BC26B01622046190C02F03F026B
:1048700000F00AFA2FB1606807623946204600F05E
:1048800001FA35B160680562D4F89C002843C4F889
:104890009C0036B160680662D4F89C003043C4F8CE
:1048A0009C00D4F89C00002802D02046FFF7AEFD03
:1048B000BDE8FF9F10A80040FFFFCF3F00A00040D1
:1048C0002DE9F04194B08D494C2204466846FBF72F
:1048D00006FF64B18A4D2068A84202D100F58070BD
:1048E000606094F898004FF0000820B108E00120C3
:1048F00014B0BDE8F081204684F8998000F002F9F8
:104900002068816921F01001816100F0EBFA032732
:10491000064604E000F0E6FA801B0A2811D8206859
:1049200080690007F6D42068816941F00101816146
:1049300000F0D8FA06460DE000F0D4FA801B0A28F1
:1049400008D9D4F89C0040F00100C4F89C0084F819
:104950009870CCE720688069C007EDD02068816935
:1049600041F002018161207C01282068816937D0F3
:1049700041F040018161607C01282068816932D06A
:1049800021F480418161A07C0128206881692DD0BB
:1049900041F4805181612068A268816921F44071ED
:1049A000114381612068816921F0A401816120683F
:1049B000016921F010010161E068012819D010B3EC
:1049C00002281BD02068816941F080018161206844
:1049D000016941F010010161E06803280ED012E086
:1049E00021F04001C6E741F48041CBE721F480513A
:1049F000D0E72068816941F0040103E02068816903
:104A000041F020018161207E6FF0FF02D4E907733D
:104A1000A68A1102400602EB0727A0F10070384376
:104A200027685B1E184301EB06463043F861A06817
:104A3000B0F5407F11D104F12800A68C6FF00F0C67
:104A400089C801EB0641401E02EB03221043226895
:104A50000CEB071318430843D060206E30B1206878
:104A6000626ED0F8C0101143C0F8C010D4E917121C
:104A70006846D14209D02168A36E51F8C82F50F87A
:104A8000233022F007021A430A60216C49B12168E1
:104A9000626C51F8BC3F50F8226023F007023243A9
:104AA0000A60A16C51B12168E36C51F8BC2F50F839
:104AB000233022F0700242EA03120A60216D51B1E4
:104AC0002168626D51F8BC3F50F8220023F4E06287
:104AD00042EA002008602068A84204D1606881682A
:104AE00021F003018160C4F894800121C4F89C8006
:104AF00084F898102046FEF7F5F8F9E6240401083A
:104B000000A000402DE9F047B6B08046142130A83F
:104B1000FBF77EFEC0216846FBF77AFE3F4D00267C
:104B2000D8F800004FF080513D4A0C3D3A4F4FF00D
:104B300002093A4C9042DFF8ECA04FF0090831D15D
:104B400000201C914A13CDE90020684600F0BCFE0D
:104B500008B1FEF7AAF83868401C3860012807D170
:104B6000206840F480702060206800F480703590E8
:104B7000286840F00200286028684FF440723092A4
:104B800030A900F00200CDE931963396CDE93480AA
:104B9000504600F081F800220521132000F0E2FCCD
:104BA000132034E0204A904233D100201C914FF46E
:104BB0000042CDE90020684600F086FE08B1FEF70D
:104BC00074F83868401C3860012807D1206840F428
:104BD00080702060206800F480703590286840F074
:104BE0000200286028684FF44052309230A900F04B
:104BF0000200CDE931963396CDE93480504600F07D
:104C00004BF800220521142000F0ACFC142000F029
:104C10009BFC36B0BDE8F08758010024EC440258F4
:104C200000A000400004025800A4004070470000AB
:104C300010B504460146044807F0D5FC2146034858
:104C4000BDE8104007F0CFBC000A0024900C0024FF
:104C5000704790F89810012907D0D0F89C1041F0C7
:104C60000401C0F89C1001207047022180F89810C0
:104C7000002201688B6923F001038B61C0F89C203E
:104C800010467047704770477047704770477047CD
:104C900070477047704770472DE9F84F03247D4DEA
:104CA00000234FF001094FF0B04B4FF00F0AE9E03D
:104CB00009FA03F73A4076D00E7906F00306012E82
:104CC00001D0022E18D1D0F808C04FEA430ECE68AA
:104CD00004FA0EF82CEA080C06FA0EF646EA0C0660
:104CE0008660D0F804C00E792CEA070CC6F30016D3
:104CF0009E4046EA0C0646600E79F643B6070BD096
:104D0000C6684FEA43088F6804FA08FC26EA0C06D6
:104D100007FA08F73743C7600E7906F00306022E3C
:104D200012D1DE080F694FEA437C00EB8606B646D7
:104D3000366A4FEADC6C0AFA0CF807FA0CF726EA36
:104D400008063743CEF820700F7906684FEA43080B
:104D500007F0030704FA08FC07FA08F726EA0C062E
:104D6000374307604E6816F4403F1CD04A4E376800
:104D700047F00207376036689F0706F00206009684
:104D800023F0030606F1B046B6463F0FD6F8086496
:104D9000DFF808810AFA07FC404526EA0C0603D131
:104DA0004FF0000C41E06CE0DFF8F4C0604502D148
:104DB0004FF0010C39E0DFF8ECC0604502D14FF054
:104DC000020C32E0DFF8E0C0604502D14FF0030C86
:104DD0002BE0DFF8D8C0604502D14FF0040C24E08E
:104DE000DFF8CCC0604502D14FF0050C1DE0DFF8C4
:104DF000C4C0604502D14FF0060C16E0DFF8B8C021
:104E0000604502D14FF0070C0FE0DFF8B0C06045FD
:104E100002D14FF0080C08E0DFF8A4C0604502D1D1
:104E20004FF0090C01E04FF00A0C0CFA07FC4CEAB9
:104E3000060CCEF808C44F68DBF80060FF0226EAD3
:104E4000020600D516435F46CBF80060D1F804C0D7
:104E5000DBF804605FEA8C2C26EA020600D51643D4
:104E60007E606E684F6826EA0206BF0300D51643CF
:104E70006E602E684F6826EA0206FF0300D51643CF
:104E80002E605B1C0A6832FA03F67FF411AFBDE8AE
:104E9000F88F000080000058F444025800000258C7
:104EA0000004025800080258000C02580010025872
:104EB0000014025800180258001C02580020025822
:104EC000002402580069084000D0012070470AB150
:104ED000816170470904FBE701480068000C7047D6
:104EE0000010005C014880687047000064010024E5
:104EF00030B590F84120202A24D190F84020012A92
:104F000020D0012380F84030242280F84120202343
:104F100000240268156825F001051560026815680F
:104F200025F480551560026815680D431560016809
:104F30000A6842F001020A6080F8413080F840407F
:104F4000002030BD022030BD30B590F84120202A2D
:104F500022D190F84020012A1ED0012380F8403051
:104F6000242280F84120202400250268136823F0C1
:104F7000010313600268136823F4706343EA01219C
:104F8000116001680A6842F001020A6080F841403D
:104F900080F84050002030BD022030BD70B50400C4
:104FA00004D094F84100002510B106E0012070BD46
:104FB000204684F8405000F08BF9242084F841000A
:104FC0002068016821F001010160D4E9001020F09F
:104FD000706008612068816821F400418160E068A8
:104FE00021680128A06830D040F404408860E0685F
:104FF0000228206841682BD021F4006141602068BC
:105000002021154A4368134343602068C26822F494
:105010000042C26054F8106B0DCC104340EA0320EC
:10502000F06054F81C3CD4E900021043186054F8B6
:105030001C0D026842F001020260656484F84110B0
:10504000256384F84250002070BD40F40040CDE755
:1050500041F40061D2E70000008000022DE9FC5F0E
:10506000002504461E4693460195894690F8410066
:10507000AA4620287BD120688069C043000476D5E9
:1050800094F84000012872D0012184F840102420B7
:105090004FF0200884F841006564E06801280AD0D8
:1050A000344A354949EA0200084021684860FFF760
:1050B00019FF07460AE0314A3149F3E7701C05D071
:1050C000FFF710FFC01BB04246D8A6B32068816925
:1050D0008269C1F34010C2F300110843EED020688A
:1050E0008169C943C90619D50022334620212046CB
:1050F000009703F0CDF838B1606C042818D121680E
:10510000C1F81C8065641AE02168C1F81C8084F82D
:105110004180002084F84050BDE8FC9F1021C1610F
:105120000022334620212046009703F0B1F818B141
:105130004FF0010A03E00FE02168C1F81C800198DC
:10514000401C01905845014604D2BAF1010F01D12B
:105150004FF0000A5945A0D384F84180606C84F870
:10516000405040F0200060640120D5E7FFE70220B6
:10517000D2E7000000280002FF2B000200200002FE
:10518000FF2300022DE9FF4F81B0044690F8410053
:1051900099469046DDF838B020287BD194F840003D
:1051A000012877D0012084F84000FFF79BFE012200
:1051B000064619230090D103204603F069F8002821
:1051C00053D1414921220025C4F82480102084F8BD
:1051D0004120FF2784F842006564A4F82A90608D7E
:1051E0004FF080794FF0007A6563FF2802D94B4673
:1051F000278505E0608D534620850004000C10D003
:10520000226898F800009062606A401C6062608DBD
:10521000401E6085208D401E2085401C0091C2B23A
:1052200001E0002200910299204603F019F813E0F2
:1052300003F098F8C8B9606A216800788862606AEB
:10524000401C6062608D401E6085208D401E80B2D3
:105250002085618D01B160B1608D324659460028CC
:105260002046E5D103F052F8E0B1012005B0BDE8D9
:10527000F08F00225B4680212046009603F008F85C
:105280000028F2D1608DFF2805D927853A464B4684
:105290000095C8E716E0608D53462085009594F888
:1052A0002820C0E721682020084AC86121684B688F
:1052B00013404B6084F8410084F84250002084F889
:1052C0004050D3E70220D1E70020008000E800FE34
:1052D00010B5B6B00446142130A8FBF799FAC021E6
:1052E0006846FBF795FA1849206888422AD10020C1
:1052F000219008210446CDE90010684600F0E4FA48
:1053000008B1FDF7D2FC1148016841F0800101604D
:10531000006830AB122100F080003590302004226C
:1053200083E813000A4830A9CDE93342FFF7B4FC03
:1053300006480830016841F480010160006800F40B
:105340008000359036B010BD00580040E04402584F
:10535000001C02580248816802781144816070473D
:1053600064010024032010B500F01CF901F024F9B9
:105370000F4A104914681368C4F3032203F00F03A3
:105380008A5CC95C02F01F0201F01F01D0400A4A8A
:1053900020FA01F11160094908600F2000F010F8AF
:1053A00008B1012010BD00F09FF8002010BD0000E2
:1053B00018440258A004010874010024700100245C
:1053C00010B5102804468AB02DD2002201461C20B8
:1053D00000F0C8F81C2000F0B7F81848046018481E
:1053E000016841F001010160006809A900F00100B5
:1053F0000890684601F06CF80598B8B101F0B8F86B
:1054000040001049002240F2E733B0FBF1F10E48B2
:105410004FF080440460C0E90332491EC0E9011224
:1054200001F07CFC28B101200AB010BD01F0A0F809
:10543000E7E7054801F0A4FCF6E700006801002456
:10544000E844025840420F00C4170024154BF0B541
:10545000083B427813491A600B680A1F23F00103C6
:105460000B6043681360057BC67A827A437B2D0705
:10547000847B45EA0665C77B90F809C0067A90F8F8
:1054800000E045EAC24040EA834040EA444040EA46
:10549000074040EA0C2040EA460040EA0E0008605F
:1054A000F0BD0000A0ED00E0BFF35F8F04480021D5
:1054B0000368034A23F4803303607032116070473D
:1054C00024ED00E0074A40F0010006497032106008
:1054D000086840F480300860BFF34F8FBFF36F8FD0
:1054E0007047000024ED00E0074882B0016841F0F9
:1054F00002010160006800220F2100F0020000900C
:10550000901E02B000F02EB8F4440258002809DBC7
:10551000410900F01F028900012001F1E0219040C3
:10552000C1F88002704700280DDB410900F01F021E
:105530008900012001F1E0219040C1F88001BFF312
:105540004F8FBFF36F8F7047002809DB410900F0D0
:105550001F028900012001F1E0219040C1F8000103
:10556000704700000E4BF0B41B680D46C3F30223D6
:10557000C3F10706042E00D90426191D072901D2FC
:10558000002300E0DB1E012404FA06F19C40491EC2
:105590002940641E994014402143F0BC07F025B90E
:1055A0000CED00E0064900F0070210B54FF6FF04CD
:1055B0000868044B204040EA02201843086010BDF0
:1055C0000CED00E00000FA05134970B50A68D243FB
:1055D000520705D5096801F00701814213D118E08F
:1055E0000A6822F0070202430A60FFF77BFC0A4DBB
:1055F0004FF47A760446083D07E000BFFFF772FCDF
:10560000001BB04201D9012070BD2868C04380044E
:10561000F4D4002070BD00000C48025810B500F012
:1056200085FF05490968054AC1F30211515C01F083
:105630001F01C84010BD000020440258A00401080A
:10564000494930B5484C0B1D0A68143409681D6877
:10565000246802F00303C5F30012C1F30531C4F35B
:10566000CC04002914FB02F200EE102AF8EE400AE6
:1056700075D03F4A9FED3D1AB7EE000A6BB1DFEDE2
:105680003D1A012B01D0022B64D002EE101A1168D2
:10569000F8EE422A81EEA22A21E0334C283C23680E
:1056A0009B0612D5344B246801EE901A1168C4F39E
:1056B000C104F8EE612AE34001EE903AC1F308011B
:1056C000F8EE611A81EEA22A0BE001EE901ADFEDEE
:1056D0002B2A00BFF8EE611A116882EEA12AC1F3ED
:1056E000080101EE901A1168F8EE611A40EE811A75
:1056F00071EE800A62EE200AC1F3462101EE101A13
:10570000B8EE411A31EE001AC0EE811ABCEEE11A71
:1057100080ED001A1168C1F3064101EE101AB8EECF
:10572000411A31EE001AC0EE811ABCEEE11A80ED8A
:10573000011A1168C1F3066101EE101AB8EE411AA0
:1057400031EE000A80EE801ABCEEC10A80ED020A3A
:1057500030BD04E001EE901ADFED092ABAE700211E
:10576000016041608160F3E728440258000000397D
:10577000384402580024744A0090D0030024744C2A
:1057800020BCBE4B494930B5484C0B1D0A681C343F
:1057900009681D68246802F00303C5F30022C1F301
:1057A0000551C4F3CC04002914FB02F200EE102AC8
:1057B000F8EE400A75D03F4A9FED3D1AB7EE000A59
:1057C0006BB1DFED3D1A012B01D0022B64D002EE4C
:1057D000101A1168F8EE422A81EEA22A21E0334C19
:1057E000283C23689B0612D5344B246801EE901A9E
:1057F0001168C4F3C104F8EE612AE34001EE903A67
:10580000C1F30801F8EE611A81EEA22A0BE001EE65
:10581000901ADFED2B2A00BFF8EE611A116882EEB4
:10582000A12AC1F3080101EE901A1168F8EE611A7D
:1058300040EE811A71EE800A62EE200AC1F3462121
:1058400001EE101AB8EE411A31EE001AC0EE811ABC
:10585000BCEEE11A80ED001A1168C1F3064101EEB9
:10586000101AB8EE411A31EE001AC0EE811ABCEEE1
:10587000E11A80ED011A1168C1F3066101EE101AF8
:10588000B8EE411A31EE000A80EE801ABCEEC10A71
:1058900080ED020A30BD04E001EE901ADFED092A26
:1058A000BAE70021016041608160F3E728440258B3
:1058B00000000039404402580024744A0090D0038C
:1058C0000024744C20BCBE4B2DE9FE4F0546DFF88A
:1058D000E48350F8081B0024F64FC943019005F1FA
:1058E0002800264608F12408009008011DD4A86E5F
:1058F00050B1B0F5801F0CD0B0F5001F0ED0B0F540
:10590000401F1ED001240FE0386840F4003038609A
:1059100017E00198022104F067F803E000980221E3
:1059200004F0F2F804000CD026462888C043C005D5
:1059300023D4A86D05281ED2DFE800F00C11161B39
:105940001B00AA6ED8F8001021F440111143C8F8CA
:105950000010EAE7386840F40030386009E0019848
:10596000002104F041F803E00098002104F0CCF895
:10597000044674B100E0012426462888C04380050F
:1059800028D4E86D80281ED00CDC90B140280ED1C0
:1059900014E0AA6DD8F8001021F007011143C8F8EF
:1059A0000010EAE7C02813D0B0F5807F10D00124A2
:1059B0000FE0386840F40030386009E001980021B9
:1059C00004F012F803E00098002104F09DF804466A
:1059D0009CB126462888DFF8DC92C04309F12C09E7
:1059E00040052CD4D5F8A800B0F5800F20D00DDCF0
:1059F000A0B1B0F5001F0FD115E0EA6DD8F8001086
:105A000021F4E0711143C8F80010E3E7B0F5C00FCE
:105A100013D0B0F5000F10D001240FE0386840F427
:105A20000030386009E00198002103F0DDFF03E059
:105A30000098002104F068F804467CB126462888C6
:105A4000C04300052DD4D5F8AC00B0F1007F21D0C3
:105A50000EDCA8B1B0F1807F10D116E0D5F8A820F7
:105A6000D9F8001021F460011143C9F80010E6E7ED
:105A7000B0F1407F13D0B0F1806F10D001240FE05F
:105A8000386840F40030386009E00198002103F0E4
:105A9000ABFF03E00098002104F036F8044674B12F
:105AA00026462868C04380011FD4E86CD8B110286E
:105AB0000FD0202812D0302815D0012414E0D5F8BA
:105AC000AC20D9F8001021F0E0611143C9F80010B2
:105AD000E7E7386840F40030386004E001980221BC
:105AE00003F082FF044674B126462888C043C004F0
:105AF0002BD4286EB0F5005F20D00DDCA0B1B0F53E
:105B0000805F0FD115E06B48EA6C2030016821F00E
:105B1000300111430160E8E7B0F5405F13D0B0F504
:105B2000804F10D001240FE0386840F40030386016
:105B300009E00198002103F057FF03E000980021DD
:105B400003F0E2FF04468CB126462888C043800457
:105B500029D4686EB0F5403F23D010DC08B3B0F50F
:105B6000803F14D0B0F5003F0FD115E02A6ED8F871
:105B7000001021F4E0411143C8F80010E5E7B0F54A
:105B8000802F0ED0B0F5A02F0BD001240AE0019891
:105B9000012103F029FF03E00098012103F0B4FF85
:105BA000044694B126462888C04340042AD4D5F838
:105BB000B000B0F1405F23D010DC08B3B0F1805FDB
:105BC00014D0B0F1005F0FD115E06A6ED8F8001064
:105BD00021F4E0211143C8F80010E4E7B0F1804F50
:105BE0000ED0B0F1A04F0BD001240AE001980121A2
:105BF00003F0FAFE03E00098012103F085FF04465C
:105C000074B126462888C04300041FD4286FD8B139
:105C1000B0F1805F0ED0B0F1005F10D0012414E02D
:105C2000D5F8B020D9F8001021F0E0411143C9F8AF
:105C30000010E7E7386840F40030386004E001986D
:105C4000012103F0D1FE044674B126462868C04302
:105C5000C0011ED4A86CD0B101280ED0022811D0EA
:105C6000032814D0012413E02A6FD8F8001021F083
:105C700040511143C8F80010E8E7386840F400309C
:105C8000386004E00198022103F0AEFE0446ACB196
:105C900026462868DFF81CB0C043ABF11C0B40025D
:105CA00052D40548016841F480710160FFF71AF988
:105CB000824611E02C44025800480258FA48AA6C67
:105CC000016821F0030111430160E2E7FFF70AF9DF
:105CD000A0EB0A00642835D8F4480068C005F5D563
:105CE0008CBBDFF8C4A3B5F8B4100AF1240ADAF8C3
:105CF000000001F4407100F44070884211D0DAF8DD
:105D00000010DAF8002021F4407142F48032CAF821
:105D10000020DAF8002022F48032CAF80020CAF805
:105D20000010D5F8B400B0F5807F1AD1FFF7DAF88B
:105D3000029012E0FFF7D6F80299411A41F288303A
:105D400081420AD9032426462878DFF85CA3C043A1
:105D50000AF1080AC00721D03CE0DAF80000800709
:105D6000E8D5D5F8B410C1F30120032858460DD06A
:105D7000016821F47C510160B5F8B420DAF8001014
:105D8000C2F30B021143CAF80010DDE7C84A0368EA
:105D900002EA111223F47C511143ECE7E86F182852
:105DA00016D005DCA0B1082808D0102804D10AE0DC
:105DB00020280DD028280BD001240AE001980121C9
:105DC00003F012FE03E00098012103F09DFE04465B
:105DD00064B126462878C04380071ED4A86F0628E1
:105DE00019D2DFE800F0160C11161616EA6FDAF871
:105DF000001021F038011143CAF80010EAE70198B9
:105E0000012103F0F1FD03E00098012103F07CFE85
:105E100004467CB100E0012426462878C0434007B0
:105E20001FD4D5F89400062819D2DFE800F0160C2C
:105E300011161616AA6FDAF8001021F007011143A7
:105E4000CAF80010E9E70198012103F0CDFD03E055
:105E50000098012103F058FE0446A4B100E001249B
:105E600026462878C04380062BD4D5F89000B0F1A0
:105E7000405F24D011DC10B3B0F1805F15D0B0F1D9
:105E8000005F10D116E0D5F89420D9F8001021F069
:105E900007011143C9F80010E3E7B0F1804F0ED0BD
:105EA000B0F1A04F0BD001240AE00198002103F0CB
:105EB0009BFD03E00098022103F026FE044694B106
:105EC00026462878C04340062BD4D5F89C00B0F570
:105ED000406F24D011DC10B3B0F5806F15D0B0F551
:105EE000006F10D116E0D5F89020DAF8001021F0FC
:105EF000E0411143CAF80010E3E7B0F5805F0ED02F
:105F0000B0F5A05F0BD001240AE00198002103F056
:105F10006BFD03E00098022103F0F6FD044694B106
:105F200026462878C04300062BD4D5F8A000B0F54B
:105F3000C04F24D011DC10B3B0F5005F15D0B0F520
:105F4000804F10D116E0D5F89C20D9F8001021F42C
:105F5000E0511143C9F80010E3E7B0F5004F0ED04F
:105F6000B0F5204F0BD001240AE00198002103F086
:105F70003BFD03E00098022103F0C6FD044654B146
:105F800026462878C04300071ED4D5F88400B0F513
:105F9000805F0AD00FE0D5F8A020D9F8001021F4D6
:105FA00060411143C9F80010EBE70098022103F0AB
:105FB000ABFD00B10126D5F88420DAF8001021F4F9
:105FC00040511143CAF800102878C043C00613D4CA
:105FD000D5F89800B0F5807F05D10098022103F034
:105FE00093FD00B10126D5F89820D9F8001021F4CE
:105FF00040711143C9F800102868C043000316D44B
:10600000D5F8A40038B1B0F5803F09D0B0F5003F15
:106010000BD001240AE00198002103F0E5FC03E025
:106020000098022103F070FD04468CB126462868D2
:10603000C043400322D4D5F88800B0F5801F11D0AA
:10604000B0F5001F13D0B0F5401F15D0012414E0A7
:10605000D5F8A420D9F8001021F440311143C9F833
:106060000010E4E7386840F40030386004E000983D
:10607000012103F049FD04465CB126462868C0436F
:10608000C00323D4286DA8B1B0F5803F17D00124F8
:106090001BE0D5F88820DAF8001021F440111143F4
:1060A000CAF80010EAE700004C44025800480258C1
:1060B000CFFFFF00386840F40030386004E00198FA
:1060C000022103F091FC0446E4B126462868C0434F
:1060D000800005D40098022103F016FD00B10126CE
:1060E0002868C04380031BD4D5F88000B0B1B0F558
:1060F000807F0FD0B0F5007F10D0B0F5407F0DD07D
:1061000001240CE05A482A6D016821F480311143C2
:106110000160DBE7386840F400303860ECB32646B5
:106120002868C043C00207D46A6FD8F8001021F075
:1061300000411143C8F800102868C043C00008D4CB
:10614000D5F8B820DBF8001021F480411143CBF8DA
:1061500000102868C043800207D4EA6ED8F8001007
:1061600021F080711143C8F800102868C043400036
:106170000CD4DBF8001021F40041CBF80010DBF860
:106180000010D5F8BC201143CBF800102868C0439C
:1061900008D437486A6D016800E018E021F04051EA
:1061A000114301602868C043000208D4D5F88C2050
:1061B000DAF8001021F440011143CAF800102879E0
:1061C0000024C04300F0010020430AD00FE0D5F8BE
:1061D0008020DAF8001021F440711143CAF8001051
:1061E0009EE70198002103F0FFFB00B106462879E5
:1061F000C04300F00200204305D10198012103F0C3
:10620000F3FB00B106462879C04300F004002043A8
:1062100005D10198022103F0E7FB00B10646287979
:10622000C04300F00800204305D10098002103F08E
:106230006BFC00B106462879C04300F010002043F3
:1062400005D10098012103F05FFC00B106462879D2
:10625000C04300F02000044304D10098022103F061
:1062600053FC00B916B10120BDE8FE8F0020FBE70A
:106270004C4402582DE9F05F04000F467ED0DFF851
:106280003882D8F8000000F00F00B8420CD2D8F8DD
:10629000001021F00F013943C8F80010D8F80000B1
:1062A00000F00F00B84269D12078844D40070AD52C
:1062B0002069296801F07001884204D9296821F019
:1062C00070010143296020787C4E361D00070AD5F5
:1062D0006069316801F07001884204D9316821F0A9
:1062E0007001014331602078C0060AD5A069316889
:1062F00001F4E061884204D9316821F4E06101438E
:1063000031602078DFF8B4B180060BF1080B0CD5B2
:10631000E1695846DBF8002002F07002914204D98E
:10632000026822F070020A430260207880070AD5D2
:10633000E068296801F00F01884204D9296821F03A
:106340000F01014329602078C0073ED05B49A26855
:106350002868183920F470601043286060680228AB
:1063600018D0032819D00968012819D04907002935
:106370004ADADFF848A1AAF1080A00E044E0DAF8B6
:10638000002022F007020243CAF80020FEF7AAFD0F
:10639000814612E009688903E9E709688901E6E7AF
:1063A000C905E4E7FEF79EFDA0EB090141F2883044
:1063B000814202D90320BDE8F09F6168DAF800004D
:1063C00000F03800B0EBC10FECD1207880070AD57F
:1063D000E068296801F00F01884204D2296821F0A1
:1063E0000F0101432960D8F80010404601F00F0169
:1063F000B9420BD9016821F00F01394301600068EF
:1064000000F00F00B84201D00120D4E72078400707
:106410000AD52069296801F07001884204D22968F0
:1064200021F0700101432960207800070AD56069D6
:10643000316801F07001884204D2316821F07001A6
:10644000014331602078C0060AD5A069316801F4A3
:10645000E061884204D2316821F4E0610143316097
:10646000207880060CD5E1695846DBF8002002F060
:106470007002914204D2026822F070020A43026064
:1064800000F09AF80E492A682B68C2F3032203F041
:106490000F038A5CC95C02F01F0201F01F01D040AB
:1064A000084A20FA01F111600749086007480068AE
:1064B000BDE8F05FFEF784BF002000521844025888
:1064C000A004010874010024700100246801002464
:1064D00070B5144C3F220260124A24680832131D22
:1064E000114D04F00704446016681C1D06F4706624
:1064F0008660166806F00F06C660126802F0700229
:1065000002611A6802F0700242611A6802F4E062E5
:106510008261226802F07002C261286800F00F00F8
:10652000086070BD104402580020005230B500F0E1
:1065300043F80B4A0B490C4B15681468C5F303224A
:1065400004F00F048A5C095D02F01F0201F01F01D4
:10655000D040064A20FA01F119601060084630BDAB
:1065600018440258A004010874010024700100249A
:1065700000B5FFF7DBFF05490968054AC1F30211C1
:10658000515C01F01F01C84000BD00001C440258CE
:10659000A004010800B5FFF7C9FF05490968054ACD
:1065A000C1F30221515C01F01F01C84000BD000091
:1065B0001C440258A0040108454970B545480968C3
:1065C000434B103B11F0380208D00111082A03D0C8
:1065D000102A0BD0182A0BD0084670BD19688906FE
:1065E000FBD51968C1F3C101C84070BD3A4870BD00
:1065F0003749374D18310C1D24350A68096826685B
:106600002D6802F0030406F00102C1F30511C5F381
:10661000CC0515FB02F200EE102AB8EE400AE9B3F1
:106620002F4ADFED2E0AB7EE001A6CB1DFED2D1AFE
:10663000012C01D0022C43D002EE101A1068F8EEA3
:10664000422A81EEA22A1EE01C68A40611D51B680E
:1066500001EE901A1168C3F3C103F8EE612AD84025
:1066600001EE900AC1F30800F8EE611A81EEA22A49
:106670000BE001EE901ADFED1C2A00BFF8EE611A64
:10668000106882EEA12AC0F3080001EE900AF8EE2D
:10669000611A40EE201A31EE810A00E015E022EE88
:1066A000000A1068C0F34620401C00EE900AF8EE85
:1066B000600A80EE201ABCEEC10A10EE100A70BD0E
:1066C00001EE901ADFED092AD8E7002070BD000026
:1066D000104402580090D00340787D01000000393A
:1066E000304402580024744A0024744C20BCBE4B31
:1066F0002DE9F05F04007DD0FF4F2078FE4D183764
:10670000DFF8F493103DC00748D0D9F8000039688D
:1067100000F03800102815D0182803D101F003002C
:1067200002280FD06068B0F5803F12D010B1B0F5EC
:10673000A02F18D0286820F480302860286820F422
:10674000802009E02868800328D560680028D2D01E
:1067500024E0286840F480302860606888B1FEF743
:10676000C1FB064609E0286840F480202860F0E775
:10677000FEF7B8FB801B64286FD828688003F7D524
:106780000CE0FEF7AFFB064605E000BFFEF7AAFBF4
:10679000801B6428F0D828688003F7D4207841F261
:1067A0000308D54E0C3E800769D5D9F8000039683A
:1067B00010F038000ED0182801D188070AD0E06800
:1067C00090B3296821F0190101432960FEF78AFB83
:1067D000824631E02868400702D5E06800288AD068
:1067E000E168286820F0190008432860FEF77AFB6A
:1067F000824607E0DFE000BFFEF774FBA0EB0A0073
:106800000228B9D828684007F6D500BFFEF764FB18
:1068100040451BD82069402812D0316821F47C31D2
:1068200041EA003030602AE018E000BFFEF75AFB72
:10683000A0EB0A0002289FD828684007F6D5E5E7B4
:10684000306820F47C3040F40030EBE7207C316885
:1068500021F0FE4141EA0060E4E70DE1286820F004
:1068600001002860FEF73EFB824605E0FEF73AFB9A
:10687000A0EB0A0002288DD828684007F6D42078BB
:10688000C0065DD5D9F80000DFF86CB2396800F0B9
:106890003800ABF1040B082810D0182803D101F000
:1068A000030001280AD0E0690028286838D040F0A9
:1068B00080002860FEF716FB824623E02868C005AA
:1068C00023D5E069802876D11FE0206A202821D0D6
:1068D000316821F0F84141EA8060306030E000BF6B
:1068E00094F82010DBF8002022F07C5242EA01618B
:1068F000CBF8001024E000BFFEF7F4FAA0EB0A008A
:10690000022898D82868C005F6D5FEF7E5FA404574
:10691000E6D8DAE7306820F0F84040F08040DCE765
:1069200020F080002860FEF7DDFA064605E000BF93
:10693000FEF7D8FA801B02289DD82868C005F7D436
:106940002078000729D56C486169643000298046A9
:10695000016811D041F001010160FEF7C3FA06465B
:1069600005E000BFFEF7BEFA801B0228C9D8D8F8A0
:1069700000008007F6D510E021F001010160FEF76C
:10698000B1FA064605E000BFFEF7ACFA801B02280C
:1069900072D8D8F800008007F6D42078800623D576
:1069A000A0690028286810D040F480502860FEF7C5
:1069B00099FA064605E036E1FEF794FA801B0228B4
:1069C0005AD828688004F7D50EE020F4805028605B
:1069D000FEF788FA064604E0FEF784FA801B0228D8
:1069E0004AD828688004F7D4207840074FD5DFF8CC
:1069F0000C81D8F8001041F48071C8F80010FEF73F
:106A000071FA064605E000BFFEF76CFA801B6428A9
:106A100032D8D8F80000C005F6D5374EA0686036E9
:106A200001280AD008B1052813D0306820F00100F1
:106A30003060306820F0040002E0306840F001006F
:106A40003060A06841F2883A90B1FEF74BFA804678
:106A50000AE0306840F004003060EEE7FEF742FAEA
:106A6000A0EB0801514507D830688007F6D50EE045
:106A7000FEF738FA804607E084E000BFFEF732FAFE
:106A8000A0EB080151457DD830688007F6D4606AD4
:106A9000B0B3DFF86480D9F8001008F120084FF691
:106AA000F87B08F10409C1F3C2010329A8F1040A23
:106AB00069D00228286820F08070286003D0FEF793
:106AC00011FA044684E0FEF70DFA064605E000BF21
:106AD000FEF708FA801B022877D828688001F7D4CF
:106AE000E26A40F2F331386854F8283F884340EABC
:106AF00002101843386004E010440258004802585D
:106B0000B5E0217B434622894FF4FE0C208A4FF0EA
:106B1000FE474902267D521E401EA1F50071C2F3B8
:106B200008088AB2761E0CEA004042EA08020243D4
:106B3000504607EA06610A431A60DAF8002022F09C
:106B40000102CAF80020D9F80020266A22EA0B02C6
:106B500042EAC602C9F80020DAF80010A26921F062
:106B60000C011143CAF800100168E26921F002012A
:106B700011430160016841F480310160016841F412
:106B8000003101E021E027E00160016841F480214B
:106B90000160016841F001010160286840F08070E7
:106BA0002860FEF79FF9044605E000BFFEF79AF95A
:106BB000001B022809D828688001F7D557E000BFDC
:106BC000FEF790F9001B022802D90320BDE8F09FD0
:106BD00028688001F4D44AE039680128D8F8000018
:106BE00021D0A26A01F0030393421CD1E26AC1F3EF
:106BF00005118A4217D1216BC0F30802491E8A424F
:106C000011D1616BC0F34622491E91420BD1A16B99
:106C1000C0F30642491E914205D1E16BC0F3066004
:106C2000491E814201D00120D0E7A16C4E46D9F81F
:106C30000000C0F3CC00814219D0DAF800005546BC
:106C400020F00100CAF80000FEF74CF94FEA0007F7
:106C5000FEF748F9B842FBD0A26C306820EA0B007E
:106C600040EAC2003060286840F00100286000203F
:106C7000ACE7704770477047F0B590F83C20012AA8
:106C80003BD01F4E012480F83C40022280F83D207A
:106C900002681C4D5368B242D2F808C001D0AA4223
:106CA00003D14F6823F470033B430F6823F0700354
:106CB0001F4357600268B24213D0B2F1804F10D028
:106CC000114B9A420DD0114B9A420AD0104B9A4266
:106CD00007D0AA4205D00F4B9A4202D00E4B9A42DF
:106CE00004D189682CF0800319439160002180F859
:106CF0003D4080F83C100846F0BD0220F0BD000089
:106D00000000014000040140000400400008004071
:106D1000000C0040001800400040014010B5040085
:106D200003D094F83D0010B107E0012010BD002011
:106D300084F83C00204600F022F8022084F83D0050
:106D40002068211D03F0B8FB012084F8480084F876
:106D50003E0084F83F0084F8400084F8410084F845
:106D6000420084F8430084F8440084F8450084F825
:106D7000460084F8470084F83D00002010BD7047AD
:106D800090F83D10012901D001207047174A0221D7
:106D900080F83D100168CB6843F00103CB600068C8
:106DA000904214D0B0F1804F11D0114988420ED0DA
:106DB000104988420BD01049884208D00F498842B8
:106DC00005D00F49884202D00E49884207D1816818
:106DD0000D4A1140062906D0B1F5803F03D0016865
:106DE00041F00101016000207047000000000140F7
:106DF0000004004000080040000C00400004014076
:106E000000180040004001400700010070472DE9D4
:106E1000F041044600680027C6680569A90713D534
:106E2000B10711D5FA1E026101212177206880691E
:106E30008007204602D0FFF7E9FF04E000F08BF85E
:106E4000204600F04DF92777680716D5700714D54E
:106E5000226802206FF004011161207720688069A8
:106E600010F4407F204602D0FFF7D0FF04E000F08E
:106E700072F8204600F034F92777280715D5300737
:106E800013D5226804206FF0080111612077206873
:106E9000C0698007204602D0FFF7B8FF04E000F089
:106EA0005AF8204600F01CF92777E80616D5F006B8
:106EB00014D5226808206FF0100111612077206836
:106EC000C06910F4407F204602D0FFF79FFF04E026
:106ED00000F041F8204600F003F92777E80708D0D2
:106EE000F00706D021686FF001000861204600F02D
:106EF00081F9280601D4A80408D5300606D52168F2
:106F00006FF4025008612046FFF7B4FEE80508D58B
:106F1000300606D521686FF4807008612046FFF7BF
:106F2000A8FE680608D5700606D521686FF04000F7
:106F30000861204600F065F9A8060AD5B00608D514
:106F400021686FF0200008612046BDE8F041FFF79E
:106F500092BEBDE8F081704770B5044690F83C00E1
:106F600000260D4601280BD0012084F83C000C2A95
:106F70004AD007DC82B1042A20D0082A06D131E0A9
:106F8000022070BD102A53D0142A63D0012600209D
:106F900084F83C00304670BD206803F001FB206897
:106FA000816941F0080181612068816921F0040153
:106FB000816120682A698169114311E0206803F02A
:106FC00041FB2068816941F4006181612068816929
:106FD00021F48061816120682969826942EA012186
:106FE0008161D4E7206803F079FB2068C16941F032
:106FF0000801C1612068C16921F00401C1612068F4
:107000002A69C169114311E0206803F0B3FB2068CD
:10701000C16941F40061C1612068C16921F48061E6
:10702000C16120682969C26942EA0121C161AEE7F4
:10703000206803F0DBFB2068416D41F008014165E9
:107040002068416D21F00401416520682A69416D85
:10705000114311E0206803F003FC2068416D41F406
:10706000006141652068416D21F4806141652068BF
:107070002969426D42EA0121416588E710B50400A3
:1070800003D094F83D0010B107E0012010BD0020AE
:1070900084F83C00204600F022F8022084F83D00ED
:1070A0002068211D03F008FA012084F8480084F8C4
:1070B0003E0084F83F0084F8400084F8410084F8E2
:1070C000420084F8430084F8440084F8450084F8C2
:1070D000460084F8470084F83D00002010BD70474A
:1070E0007047000030B504464FF0020269B1042930
:1070F00012D0082917D00C291CD0102921D094F8BF
:107100004300012824D0012030BD94F83E0001281E
:10711000F9D184F83E201DE094F83F000128F2D117
:1071200084F83F2016E094F840000128EBD184F861
:1071300040200FE094F841000128E4D184F8412078
:1071400008E094F842000128DDD184F8422001E0F3
:1071500084F843200122206803F014FA1B4B2068B6
:107160001B491C4A984209D0884207D0904205D05A
:10717000194DA84202D0194DA84203D1456C45F4DF
:10718000004545642068984212D0B0F1804F0FD07E
:10719000134B98420CD0134B984209D0124B984293
:1071A00006D0884204D01149884201D0904207D1CC
:1071B00081680F4A1140062906D0B1F5803F03D0FF
:1071C000016841F001010160002030BD0000014074
:1071D00000040140004001400044014000480140DB
:1071E0000004004000080040000C0040001800406F
:1071F000070001000068B0F1804F01D1FEF7AAB886
:107200007047704730B590F88410012918D00122DA
:1072100080F884202421C0F88810002220240168EE
:107220000B680D6823F0005325F001050D604266E0
:1072300001680B60C0F8884080F88420104630BD9B
:10724000022030BD10B50446D0F88C00202801D0B3
:10725000022010BD61B15AB10123E366002020670E
:10726000204604F03FF90028F3D1E16E012901D056
:10727000012010BD226810211162226852E8001F0F
:1072800041F0100142E80013002BF6D110BD0000C0
:1072900010B50068134A904223D1481E3F2818D8E1
:1072A00001F11F02104822F01F02002A0EDD00F03B
:1072B0001F031A44BFF34F8F0C4B18602030203A45
:1072C000002AFADCBFF34F8FBFF36F8F064805F03B
:1072D00001FE05F049FE002803D0BDE8104005F08E
:1072E0001FBE10BD00100140400500245CEF00E00F
:1072F000704770B5044690F8840001281DD0012223
:1073000084F884202420C4F8880020680568026876
:1073100022F0010202602068826822F060620A4363
:107320008260204603F0EEFA2268202100201560DA
:10733000C4F8881084F8840070BD022070BD70B558
:10734000044690F8840001281DD0012284F884208E
:107350002420C4F8880020680568026822F0010231
:1073600002602068826822F060420A438260204600
:1073700003F0C8FA2268202100201560C4F88810A4
:1073800084F8840070BD022070BD70477047000013
:1073900070B50446216851E8000F20F4907041E870
:1073A0000002002AF6D1244A2068083050E8001F65
:1073B000114040E80013002BF6D1E06E012808D1FF
:1073C000216851E8000F20F0100041E80002002A77
:1073D000F6D1206800258068400618D5206808305E
:1073E00050E8001F21F0400140E80012002AF5D1CA
:1073F000D4F8800058B10565D4F88000FBF78CFD07
:1074000028B1D4F88000FCF779F820280FD00F209D
:10741000A4F85E502268202110622068826942F040
:1074200008028261C4F88C10E566002070BD10204F
:10743000C4F89000032070BDFEFFFFEF704700000E
:1074400070B50446206850E8001F21F4907140E8B0
:107450000012002AF6D1274A2068083050E8001FA1
:10746000114040E80013002BF6D1E06E012808D14E
:10747000206850E8001F21F0100140E80012002AA7
:10748000F6D1216800200F2320228D686D062BD5B0
:107490002168083151E8005F25F0400541E80056B9
:1074A000002EF5D1D4F8801059B113480865D4F8EE
:1074B0008000FBF7E1FEA8B1D4F88000016D884799
:1074C00010E0A4F85E00A06521680B6221688B695A
:1074D00043F00803C1F81830C4F88C20E066204659
:1074E000FFF7ACFF002070BDA4F85E00A0650B6242
:1074F000F2E70000FEFFFFEFBBAB0008144A016893
:10750000914201D100F00ABE124A91420AD11248BA
:107510000021817081600122C170017101460F4814
:1075200000F07EBC0E4A914201D102F057B80D4ADC
:10753000914201D1FAF728BE0B4A914205D00B4A7D
:10754000914202D00A4A914201D102F001BD704736
:10755000001001400048004000000024AC15002449
:10756000007C0040007800400014014000500040C2
:10757000000C00582DE9F04107680025044640F64C
:107580000F030226F8693968BA6818420AD18306DF
:107590007ED501F0200302F0805C53EA0C0377D023
:1075A000616F7EE1D44BDFF854C3134001EA0C0C49
:1075B00053EA0C0C6CD05FEAC07C0CD05FEAC15C73
:1075C00009D54FF0010CC7F820C0D4F8907047F0EF
:1075D0000107C4F89070870709D5D70707D0276837
:1075E0003E62D4F8906046F00406C4F89060460706
:1075F0000AD5D60708D0276804263E62D4F89060E2
:1076000046F00206C4F8906006070CD501F020068B
:107610001E4308D0266808233362D4F8903043F024
:107620000803C4F8903003050BD54B0109D5266833
:107630004FF400633362D4F8903043F02003C4F871
:107640009030D4F89030002B3DD0800609D501F061
:10765000200002F08051084303D0616F09B1204639
:1076600088472168D4F890008968490602D410F050
:10767000280F2AD0204603F0B5FA2068806840061B
:107680001ED52068083050E8001F21F0400100E0BE
:1076900021E040E80012002AF3D1D4F8800078B14C
:1076A00097490165D4F88000FBF7E6FD00280AD071
:1076B000D4F88000016D00E02046BDE8F0410847A5
:1076C0002046FFF71BFFBDE8F0812046FFF716FFBD
:1076D000C4F89050F7E7D4F86CC02023BCF1010F38
:1076E0007ED15FEAC06C7BD55FEAC16C78D5102093
:1076F000386220688068400673D5D4F880208149BC
:107700001068884234D07F491831884230D07D4992
:10771000303188422CD07B494831884228D0794981
:107720006031884224D077497831884220D0754929
:10773000903188421CD07349A831884218D07249D0
:10774000884215D070491831884211D06E493031C5
:1077500088420DD06C494831884209D06A4960316D
:10776000884205D068497831884201D06649903115
:1077700040684FF480770004000C40D0B4F85C10EF
:1077800081423CD9A4F85E00D069B8422FD021686C
:1077900051E8000F20F4807041E80002002AF6D181
:1077A0002068083050E8001F21F0010140E8001275
:1077B000002AF5D12068083050E8001F21F0400170
:1077C00040E80012002AF5D1C4F88C30E566206844
:1077D00050E8001F21F0100140E80012002A01E0EB
:1077E0004AE019E0F3D1D4F88000FBF795FB266757
:1077F000B4F85C00B4F85E10401A81B208E0B4F846
:107800005C1081427FF466AFD069B842FAD1266736
:107810002046FFF73DFD56E7B4F85C00B4F85E1073
:10782000B4F85E20401A81B2002AF4D00029F2D0C8
:10783000226852E8000F20F4907042E80007002F01
:10784000F6D1324F206800F1080050E8002F02EA1C
:10785000070240E8002CBCF1000FF3D1C4F88C30D3
:10786000E5666567226852E8000F20F0100042E8E4
:107870000003002BF6D1CAE7C60209D5560207D588
:107880004FF4801038622046BDE8F041FFF77EBD1E
:1078900006060AD501F0800602F40002164304D061
:1078A000A16F00297FF408AF0DE7420611D54A0603
:1078B0000FD52046016851E8002F22F0400241E830
:1078C0000024002CF6D1C0F88830856700F0AEFBAC
:1078D000F9E6020206D54A0004D52046BDE8F0418B
:1078E000FFF753BDC00196D5002994DA2046BDE8C4
:1078F000F041FFF7FDBC0000010000102001000472
:10790000BBAA00081000024010040240FEFFFFEF77
:1079100010B5040003D0D4F8880010B107E00120AE
:1079200010BD002084F88400204600F027F82420B1
:10793000C4F888002068016821F001010160A06A94
:1079400010B1204603F000F8204603F0F5FB0128B3
:10795000E6D02068416821F4904141602068816848
:1079600021F02A0181602068016841F00101016075
:107970002046BDE8104003F04BB800002DE9F04F61
:10798000B7B00646142130A8F8F742FFC021684678
:10799000F8F73EFFFF49022730684FF0080AFC4C19
:1079A0004FF0000888422DD10020CDF894800421AA
:1079B000CDE900106846FDF787FF08B1FBF775F9C0
:1079C000F3481430016841F008010160006800F0DC
:1079D00008003590206840F002002060206830A93F
:1079E00000F002003590C02081E88101EA48CDE92D
:1079F000338AFDF751F9002205218E20FDF7B2FDF3
:107A00008E2032E0E5494FF0030BE54D884231D13D
:107A10000020CDF878800221CDE900106846FDF7FE
:107A200053FF08B1FBF741F9286840F400202860B3
:107A3000286800F400203590206840F0080020609D
:107A4000206830A9CDF8C0B000F00800CDE9317849
:107A5000CDF8CC80CDE934A0D248FDF71DF9002245
:107A600005213420FDF77EFD3420FDF76DFD37B094
:107A7000BDE8F08FCC4988423ED10020CDF8788017
:107A80000221CDE900106846FDF71EFF08B1FBF7A3
:107A90000CF9286840F480102860286800F48010F1
:107AA0003590206840F004002060206800F0040059
:107AB0003590206840F008002060206830A95446C6
:107AC00000F0080035904FF4805081E88101B748FC
:107AD000CDE9338AFDF7E0F830A9042081E881017F
:107AE000B048CDE93384FDF7D7F8002205213520D1
:107AF000FDF738FD3520B8E7AD494FF0070988425A
:107B000047D10021CDF878800220CDE900016846F8
:107B1000FDF7DAFE08B1FBF7C8F8286840F08040AE
:107B20002860286800F080403590206840F0100000
:107B3000206020684FF4C071309130A900F010002F
:107B40004546CDE93178CDF8CC80CDE934909948DF
:107B5000FDF7A2F8984C4F22984908152160C4E916
:107B600001258101C4E9035065612046A561C4E98E
:107B700007516562FCF738F808B1FBF796F8C6F8CC
:107B8000804000220521A6635220FDF7EBFC522025
:107B90006BE78B4988422DD10020CDF878800221F7
:107BA000CDE900106846FDF78FFE08B1FBF77DF8C0
:107BB000286840F000402860286800F000403590B8
:107BC000206840F010002060206830A9CDF8C0B0D7
:107BD00000F01000CDE93178CDF8CC80CDE934A0AB
:107BE0007448FDF759F8002205215320FDF7BAFC2F
:107BF00053203AE77349DFF8D0A188424DD10021E4
:107C0000CDF87C800120CDE900016846FDF75CFEDF
:107C100008B1FBF74AF8DAF8001041F01001CAF891
:107C20000010DAF8000000F010003590206840F0F5
:107C300001002060206830AA4FF4C06100F001000C
:107C400082E88201CDE93490604830A9CDF8CC803B
:107C5000FDF722F85E4C2922584918392160081591
:107C6000C4E901288101C4E90380C4F814802046D6
:107C7000C4F81880C4E90781C4F82480FBF7B4FF76
:107C800008B1FBF712F8C6F8804000220521A66370
:107C90002520FDF767FC2520E7E64E4988422DD1D7
:107CA0000020CDF878800221CDE900106846FDF76C
:107CB0000BFE08B1FAF7F9FF286840F4003028609D
:107CC000286800F400303590206840F008002060FB
:107CD000206830AA602100F0080082E88201CDE926
:107CE0003490304830A9CDF8CC80FCF7D5FF002285
:107CF00005212620FDF736FC2620B6E636498842C7
:107D00002ED10020CDF878800221CDE90010684600
:107D1000FDF7DAFD08B1FAF7C8FF286840F48020C3
:107D20002860286800F480203590206840F0040026
:107D30002060206830AA4FF4406100F0040082E81F
:107D40008201CDE93490194830A9CDF8CC80FCF7F8
:107D5000A3FF002205212720FDF704FC272084E64D
:107D60001E4988427FF483AE0020CDF87C8001213B
:107D7000CDE900106846FDF7A7FD08B1FAF795FFB9
:107D8000DAF8001041F02001CAF8001028E00000E5
:107D9000E0440258000C005800040258004C004017
:107DA000E8440258000C02580050004000080258F5
:107DB0000078004000100258D41600242800024029
:107DC000007C004000100140F044025800000258BE
:107DD0004C170024004400400048004000140140BB
:107DE000DAF8000000F020003590206840F0040030
:107DF0002060206830A900F004003590C02081E8A0
:107E000081010648CDE93389FCF746FF00220521B0
:107E10004720FDF7A7FB472027E60000000802588F
:107E200030B4D0F88C30202B02D0022030BC704708
:107E3000A9B1A2B10B4D00240368C466AB420BD0BC
:107E40005B681B0208D5046854E8003F43F0806378
:107E500044E80035002DF6D130BC03F097BB01207B
:107E6000E4E70000000C005810B5154A0168914283
:107E70000AD11448007801F079FCBDE8104011499E
:107E800001221148FFF7CCBF104A914203D1BDE84F
:107E9000104001F0CFBB0E4A914203D1BDE8104023
:107EA000FAF77EB90B4A914205D00B4A914202D0B3
:107EB0000A4A914203D1BDE8104002F05CB810BDFF
:107EC0000048004000000024AC150024007C004065
:107ED000007800400014014000500040000C0058A1
:107EE00070472DE9F8430446D0F8880098461646B6
:107EF0000D46202802D00220BDE8F883A5B19EB12E
:107F00000021C4F890102120C4F888001834FCF730
:107F1000E9FF814654F8100CA687E6872027183C15
:107F2000B0F5805F02D003E00120E5E7206910B1E1
:107F30002E46002510E000260EE08021204603F0AA
:107F400066FCC0B9DEB116F8010B21688862B4F88E
:107F50005600401EA4F85600B4F856004B464FF0A9
:107F60000002CDF800800028E7D14FF04001204604
:107F700003F04DFC48B1C4F888700320BCE735F825
:107F8000020B2168C0F30800E0E7C4F88870002005
:107F9000B2E7000010B5D0F88830202B01D00220C5
:107FA00010BD21B31AB3A0F854200023A0F8562026
:107FB0004FF48054426E016521218367C0F89030F0
:107FC000C0F88810B2F1005F816812D0A14201D1DF
:107FD000016909B311498167026852E8001F41F045
:107FE000800142E80013002BF6D1002010BD0120D3
:107FF00010BDA14201D1016961B1094981670168E0
:10800000083151E8002F42F4000241E80023002B20
:10801000F5D1EAE70349F1E70349DCE75BB700087C
:10802000A9B70008F1B600089DB6000800680C4921
:10803000884213D1EFF3108172B60A48027E3AB13A
:10804000827D521C02F007028275027E521E027669
:108050000022427601B962B606F05EB970470000B0
:10806000007C00402800002469204BF2885110B5A4
:1080700007F0A4FA0520FCF7E7F80021BDE810405E
:10808000762007F09BBA0000014890ED030A704784
:108090000C0000240D4800219FED0B0A10B580ED67
:1080A000030A80ED040A41804161816180ED010A8B
:1080B00080ED020A017040210548F8F7A9FBBDE8F0
:1080C000104004F02DBF0000000000000C00002450
:1080D0004005002410B5FCF705FF0F4C616929B17C
:1080E0006169411A64290BD201210AE00021217043
:1080F000A169401A322801D304F012FF002010BDFC
:1081000000212170217829B9A169401A322801D3B0
:1081100004F006FF207810BD0C0000240248002166
:108120000170416104F0FCBE0C000024FEE7016810
:108130008A69D243920701D400228A620068816969
:10814000C943C90703D0816941F0010181617047CA
:108150002DE9F047044600680026894617464FF08F
:10816000200835468169C90641D51021C1612FE03B
:10817000B9F1FF3F2CD0FCF7B5FEC11B494502D831
:10818000B9F1000F24D12068426894F84210836945
:1081900002F48042DB431B0415D4B2F5804F12D0A9
:1081A000202910D0416841F480414160FCF79AFEDB
:1081B000074608E0FCF796FEC01B192803D90126E4
:1081C00045F0200504E020688069C0438006F1D4B2
:1081D00020688069C043800602D5002EC8D003E025
:1081E00016B92168C1F81C80012645F004052168F4
:1081F0008869C20505D54FF48072CA6145F0010552
:10820000012641050AD5216880054FF4806245F0BA
:108210000805CA614FF0010602D40AE0800507D5BF
:10822000206801264FF4007145F00205C16100E0AD
:108230008EB12046FFF77BFF20680021074F43687F
:108240003B404360606C2843606484F8418084F85C
:10825000421084F840103046BDE8F08700E800FE88
:1082600070B50068C1F3090141EA0241074D049C61
:1082700019434FF480664268214306EA54532B4366
:108280009A4321F000410A43426070BDFF63FF033F
:108290002DE9F0411D4617460E460446DDF81880CC
:1082A00028E0424629462046FFF752FF10B1012040
:1082B000BDE8F081681C1DD0FCF714FEA0EB08009F
:1082C000A84200D8B5B92068806936EA00000FD00E
:1082D0000020B8420ED1626C002084F840002021BA
:1082E00042F02002626484F8411084F84200DEE724
:1082F0000120EEE72068806936EA000004D0002003
:10830000B842CED00020D3E70120F9E770B5164679
:108310000D4604461FE0324629462046FFF718FF67
:1083200008B1012070BDFCF7DDFD801BA84200D81C
:108330008DB920688069C04380060CD5626C00202E
:1083400084F84000202142F02002626484F8411049
:1083500084F84200E5E720688069C0438006DAD4EB
:10836000002070BD70B516460D46044621E0324629
:1083700029462046FFF7ECFE08B1012070BD681CBD
:1083800017D0FCF7AFFD801BA84200D88DB920683C
:108390008069C04380070CD5626C002084F84000DF
:1083A000202142F02002626484F8411084F84200E7
:1083B000E3E720688069C0438007D8D4002070BDFF
:1083C0000148FFF7D7B80000A01100241848002189
:1083D0002DE9F041154F012481600422076000F16E
:1083E0001407C1600625047412264174082384749E
:1083F00087E86400C0E90852C0E90A560563C0E98D
:108400000D14C0E90F13C0E91121C0E91321C0E91F
:108410001521C0E91713C0E91912FCF751FA002819
:1084200001D072B6FEE7BDE8F081000000A0004078
:108430000C1000242DE9F04117480021154E0125AC
:108440000623042281601227066000F11406C16031
:10845000082405744174857486E88C00C0E90832EC
:10846000C0E90A3785638026C0E90F14C0E91121ED
:10847000C0E91321C0E91521C0E91714C0E9191298
:10848000C0E90C36FCF71CFA002801D072B6FEE7F2
:10849000BDE8F08100A40040AC100024F0B587B026
:1084A00014216846F8F7B4F92F48016841F08001BB
:1084B0000160016801F080010591016841F001014E
:1084C0000160016801F001010591016841F01001AE
:1084D0000160016801F010010591016841F002019D
:1084E0000160016801F002010591016841F0040199
:1084F0000160016801F004010591016841F0080183
:10850000016000684FF40076184F002200F0080068
:10851000314605903846FCF7DAFC00240220C021E1
:108520000091CDE90104CDE9034011486946FCF70B
:10853000B3FB01250096CDE9015469463846039402
:10854000FCF7AAFB4FF4406069468DE8310009480A
:10855000FCF7A2FB280269468DE831000648FCF7CB
:108560009BFB07B0F0BD0000E04402580010025829
:108570000000025800040258001C02581248002152
:1085800010B5104C0123114A0460C0E90121C0E973
:10859000033141618161C1610162FCF7FFFC08B1F7
:1085A00072B6FEE708480021FCF7A2FC08B172B6DB
:1085B000FEE705480021FCF7C7FC002801D072B691
:1085C000FEE710BD005800404C11002454199000E3
:1085D0001748002110B5154C0C224FF4613304608C
:1085E000C0E90131C160C0E90412816101624162E8
:1085F00081624166FFF78CF908B172B6FEE70C485C
:108600000021FEF79CFE08B172B6FEE70848002183
:10861000FEF76FFE08B172B6FEE70548FEF7F2FD01
:10862000002801D072B6FEE710BD0000000C005813
:10863000A011002430B591B0002468461C210C9490
:108640000D940E94F8F7E4F8142107A8F8F7E0F871
:108650002848016841F002010160006800F0020052
:108660000F9024480838016841F00101016000685A
:10867000C021079107A900F001000F900220CDE969
:108680000804CDE90A401C48FCF706FB1C4844F6E8
:108690001F62C723194D8021C0E902420461816134
:1086A000C0E90053FEF7EAFC08B1FAF7FEFA1448F5
:1086B0000CA90C940E94FEF7DFFA08B1FAF7F5FA5C
:1086C000602040F2DC518DE813000D48002269461D
:1086D0000494FEF741FC08B1FAF7E7FA08480422CF
:1086E0006946FEF739FC002801D0FAF7DEFA11B02E
:1086F00030BD0000E8440258000002580004004069
:10870000C40400241648002110B5144C0C224FF468
:1087100016530460C0E90131C0E904128161C161EE
:10872000016241628162FFF7F3F808B172B6FEE7B9
:108730000B480021FEF703FE08B172B6FEE70848B9
:108740000021FEF7D6FD08B172B6FEE70448FEF739
:1087500059FD002801D072B6FEE710BD004C004064
:10876000341200241648002110B5144C0C224FF48A
:1087700061330460C0E90131C0E904128161C16163
:10878000016241628162FFF7C3F808B172B6FEE789
:108790000B480021FEF7D3FD08B172B6FEE708488A
:1087A0000021FEF7A6FD08B172B6FEE70448FEF709
:1087B00029FD002801D072B6FEE710BD0050004030
:1087C000C81200241648002110B5144C0C224FF496
:1087D00016530460C0E90131C0E904128161C1612E
:1087E000016241628162FFF793F808B172B6FEE759
:1087F0000B480021FEF7A3FD08B172B6FEE708485A
:108800000021FEF776FD08B172B6FEE70448FEF7D8
:10881000F9FC002801D072B6FEE710BD00780040D8
:108820005C1300241648002110B5144C0C224FF4A0
:10883000E1330460C0E90131C0E904128161C16122
:10884000016241628162FFF763F808B172B6FEE728
:108850000B480021FEF773FD08B172B6FEE7084829
:108860000021FEF746FD08B172B6FEE70448FEF7A8
:10887000C9FC002801D072B6FEE710BD007C0040A4
:10888000F01300241748002110B5154C0C224FF4AA
:10889000E1330460C0E90131C160C0E904128161C3
:1088A000C161016241628162FFF732F808B172B6BC
:1088B000FEE70C480021FEF742FD08B172B6FEE764
:1088C00008480021FEF715FD08B172B6FEE705481D
:1088D000FEF798FC002801D072B6FEE710BD00003C
:1088E00000100140841400241748002110B5154CD5
:1088F0000C224FF4E1330460C0E90131C160C0E9EA
:1089000004128161C161016241628162FFF700F876
:1089100008B172B6FEE70C480021FEF710FD08B161
:1089200072B6FEE708480021FEF7E3FC08B172B614
:10893000FEE70548FEF766FC002801D072B6FEE7A8
:1089400010BD000000440040181500241748002105
:1089500010B5154C0C224FF4E1330460C0E901312D
:10896000C160C0E904128161C1610162416281623A
:10897000FEF7CEFF08B172B6FEE70C480021FEF705
:10898000DEFC08B172B6FEE708480021FEF7B1FC34
:1089900008B172B6FEE70548FEF734FC002801D0A6
:1089A00072B6FEE710BD000000480040AC15002480
:1089B0001748002110B5154C0C224FF461330460A8
:1089C000C0E90131C160C0E904128161C161016285
:1089D00041628162FEF79CFF08B172B6FEE70C4867
:1089E0000021FEF7ACFC08B172B6FEE70848002192
:1089F000FEF77FFC08B172B6FEE70548FEF702FC01
:108A0000002801D072B6FEE710BD0000001401403E
:108A1000401600240948007809280DD006DC0128FA
:108A20000AD0032808D0062804D105E00C2803D07A
:108A30000D2801D00020704701207047A8000024B5
:108A40002DE9F041BA4C05462DED068BB0EE428A79
:108A5000B0EE61AAF0EE418A207882B0B0EE609A62
:108A60000328F0EE409A0BD0062809D00C2822D01B
:108A70000D2820D0002002B0BDEC068BBDE8F081AF
:108A8000B0EE482AF0EE4A1AB0EE681AF0EE490A43
:108A9000B0EE690A01AA6946284604F013FF0028CF
:108AA000E9D02078032804D05FF00D0005F0CCF861
:108AB0004FE00C20FAE7FCF715FAA26940F6B8314E
:108AC000801A884203D300BF05F096F81DE1207A92
:108AD00060B301289FED978A53D0022851D0042813
:108AE0004FD006284DD008284BD00020F9F76CFB5A
:108AF000207A4FF4C87740F2DC56072870D004F093
:108B000081FD00284FF4C8686BD08B4804F0BCFD91
:108B100006468948103004F0B7FDA6F58076014678
:108B20005B3EA0F27B407DD43246C4E00020F9F7E2
:108B30004BFBB0EE482AF0EE4A1AB0EE681AF0EE9F
:108B4000490AB0EE690A01AA6946284604F0BAFE4D
:108B500058B19DEC020A0120B0EE682AF0EE491AE5
:108B6000B0EE691A04F07AFFCFE0606B00282ED0D7
:108B7000FCF7B8F9616B401AB0F5167F27D30320D4
:108B800022E02DB39FED6D0AF9F790FD0120F9F772
:108B90001BFBB0EE681AF0EE490AB0EE690AF9F76D
:108BA00041FB002813D00020F9F70EFBB0EE480A75
:108BB000F9F77CFD207A012814D0022812D006286B
:108BC00019D0082819D00520207204F02FFF9CE04E
:108BD0000020F9F7F9FAB0EE480AF9F767FD94E0DA
:108BE0000EE037E0B0EE681AF0EE490AB0EE690A1E
:108BF00004F002FE89E00720E6E704F0E5FD84E0EA
:108C000004F0D8FC78B14C4804F03EFDA0F580702B
:108C10005B38014600D54842B842EEDC00290ADB49
:108C2000084609E046E0FCF75DF9216B401AB042C6
:108C3000BFF44AAF69E048422328DEDD607B0228AA
:108C4000DBD2B5B300EE101A0820B0EE482AF8EED9
:108C5000C01A26E0FCF746F9216B401AB04254D303
:108C6000207A03287FF430AF207B0828FAD1002D2A
:108C70003FF42AAF3048103004F006FD40457FF63F
:108C800023AF2178A0F27B4021E000BFB8EEC00AFC
:108C9000B1EE402A02E000BFB8EEC02A0620F0EE96
:108CA000481AB0EE681AF0EE490AB0EE690A04F00C
:108CB0001FFF2AE07242BA4201DC012200E00022DA
:108CC000237A032B08D1414506D9F5B1217800EE6E
:108CD000100A0C29E0D1D9E732B1002E01DB314670
:108CE00000E07142232906DC002801DB014600E098
:108CF0004142232981DD617B0229A1D22DB132B10C
:108D000000EE106AF8EEC01A03E00120B3E6F0EEC0
:108D1000481A217800EE100A0C2903D0B8EEC02AB8
:108D20000420BEE7B8EEC00AB1EE402AF8E7000022
:108D3000A800002400000000E009002400007A449C
:108D400070B50C00154604D01DB1012805D00328CC
:108D500001D0002070BD0B4901E00A492039EFF332
:108D6000108672B66A1E2046F7F779FD6119002059
:108D700001F8010C06B962B620780028EAD001207B
:108D800070BD000080090024014800787047000091
:108D9000A800002470B51B4C002501206570A5704B
:108DA000E57025716571A071174805702030057058
:108DB00020300570E571E561E5732564257500F0E7
:108DC00073F912484FF480716574FCF77BF8A0B119
:108DD0000020A07498B10020E074FCF783F8E063F1
:108DE000F9F7C0F900F04CF904F00CFE04F078FA41
:108DF000BDE870400E2004F027BF0120E9E7012004
:108E0000EAE70000A800002440090024001C0258E2
:108E10002DE9F04188B004F01BFAFCF763F87E4EB0
:108E20000024054640F6C41806F12F07305D38B11E
:108E300057F82410691A414502D3204604F042FA3B
:108E4000641CE4B2022CF1D304F054FA04F082FF63
:108E5000714C153C60B120780E2803D00F2801D04A
:108E6000102805D100F040F9022801D101206074DA
:108E70002078002511281DD2DFE800F01C3F4E6A43
:108E800076A48694A4CC1C1C1C1C092B3500012143
:108E90006A462023084604F085FF80B1684604F046
:108EA00055FA60B165746078012806D05FF0100053
:108EB00004F0CAFE08B0BDE8F0810F20F8E7607C3E
:108EC0000028F7D000F010F90228F3D101206574D2
:108ED000EEE7607C0028EDD000F006F90228E9D129
:108EE00003206574E4E7607C0028E3D000F0FCF820
:108EF0000228DFD106206574DAE701216A462023C3
:108F0000084604F04FFF28B1684604F01FFA08B184
:108F10000220CDE7022042E0607880B901216A4654
:108F20002023084604F03EFF30B1684604F00EFAF4
:108F300010B1022004F088FE60780028BAD0FBF758
:108F4000D1FFA169401AB0F5FA7FB3D360785CE035
:108F5000012004F0A3F928B902216A46202308461B
:108F600004F020FF0C201AE004F030FA012004F095
:108F700095F938B902216A462023084604F012FF09
:108F8000002897D0052093E7032004F087F928B93B
:108F900020236A460221032004F004FF0D2004F080
:108FA0003BFE87E704F012FA032004F077F938B9A2
:108FB00020236A460221032004F0F4FE0028F0D0AA
:108FC000082075E704F002FA207D0028E9D000F0BF
:108FD00091F801280DD000F08DF8022807D0FBF79A
:108FE00081FF226C42F21071801A8842D9D300F0BE
:108FF0005BF8E07804F052F90028D2D02079401CC8
:10900000C0B22071022803D2A07804F015FE51E707
:1090100009204DE70A20C2E7BD000024FEE7FEE775
:1090200010B500F015F8002802D00248B0F91A0077
:1090300010BD00002800002410B500F009F8002839
:1090400002D00248B0F91C0010BD00002800002426
:1090500010B5074CA06B002806D0FBF743FFA16BAF
:10906000401AC82801D2012010BD002010BD000008
:109070002800002401488078704700002800002460
:1090800010B5EFF3108472B60020054988742621CC
:109090000448F7F79BFB002C00D162B610BD00001E
:1090A0002800002458070024EFF3108072B6002235
:1090B0000349CA730A740028CA6500D162B67047B2
:1090C00028000024EFF3108272B600210548818445
:1090D000C1840185418541750166002A00D162B6CF
:1090E00070470000280000240148407C70470000C1
:1090F000280000240148007C70470000280000245C
:109100002DE9F047060014460D4619D0C5B1BCB193
:10911000EFF3108972B6DFF84C80D8F86070B8F9B8
:10912000240003F083FE3080B8F9260003F07EFEB1
:109130002880B9F1000FB8F82800208003D003E0A0
:109140000020BDE8F08762B62FB1FBF7CBFEC01B55
:10915000B0F5167F04D90020308028802080EFE70A
:109160000120EEE72800002410B5074C606C0028B1
:1091700007D0FBF7B7FE616C401AB0F5FA7F01D259
:10918000012010BD002010BD28000024002810B5CB
:1091900012D00A4B997B88420ED0987301245C74DC
:1091A000FFF790FF188C401C0004000C188400D1BD
:1091B0001C840020D864187310BD0000280000240F
:1091C000012803D0032801D00120704707494A8CA9
:1091D000521C1204120C4A8401D101224A84032336
:1091E000C87300220B741046CA657047280000241B
:1091F00038B50C46491E032901D3012038BD01466C
:10920000684606F013FA0322694614208DF80240DE
:1092100005F01CF838BD00002DE9FF5F1F4692469F
:109220008B468146DDF840800E9EFBF75BFE0546CF
:1092300005F072F83B4C00204FF4FA72616C19B1E2
:10924000616C691A914206D3EFF3108172B62075F2
:10925000607501B962B6A17BA9B1617C022912D106
:10926000616C19B1616C691A91420CD3EFF31081F2
:1092700072B62075607501B962B6012161740E463F
:10928000E064FFF71FFFA06C281A14281BD349467F
:10929000684606F0C2F901A8594606F0BEF902A8D0
:1092A000514606F0B7F98DF80A7003A80F998DF8AA
:1092B0000B6006F0BBF90F22694610208DF80E8076
:1092C00004F0C4FFA564A07BA0B1607C012811D18B
:1092D000E06C10B1281AFA280CD3218C684606F0ED
:1092E000A5F9A07B032269468DF80200112004F045
:1092F000ADFFE564207C032811D1E06D10B1281A80
:10930000FA280CD3618C684606F090F9E07B0322C2
:1093100069468DF80200162004F098FFE565BDE867
:10932000FF9F0000280000242DE9FC41FBF7DAFD37
:10933000184F05460024386D281A642828D300F0F9
:10934000F5FD00B1012400F0F7FD08B144F002047E
:1093500000F0F8FD08B144F0040400F01DFE0146E1
:10936000684606F063F900F023FE6E460146B01C25
:1093700006F05CF900F028FE0146301D06F056F9B3
:109380000722694613208DF8064004F05FFF3D6513
:10939000BDE8FC81280000242DE9F04F89B01F466C
:1093A000904689468246FBF79DFDBAF1000F0646BE
:1093B00046D0B9F1000F43D0B8F1000F40D0002FD4
:1093C0003ED0DFF884B0DBF85800301A322837D3AB
:1093D0000025684600EB45043AF91510204606F0D2
:1093E00019F939F9151004F1080006F013F938F9E4
:1093F000151004F1100006F00DF937F9151004F1FD
:10940000180006F007F96D1CEDB2042DE1D3129897
:1094100000F00F0113988DF8201000F00F008DF868
:1094200021000A20B6FBF0F081B20DF1220006F017
:10943000FDF824226946172004F008FFCBF8586095
:1094400009B0BDE8F08F000028000024F0B5074601
:109450002DED048BB0EE418AF0EE608AB0EE409ABA
:1094600083B0FBF73FFD1A4E0446706D201A142896
:1094700029D3B0EE490A03F0B3FC0146684606F072
:10948000C9F8B0EE680A03F0ABFC6D460146A81CB3
:1094900006F0C0F8B0EE480A03F0A2FC0146281D11
:1094A00006F0B8F807F00F008DF806000A20B4FBAC
:1094B000F0F081B2E81D06F0B9F8092269461520DE
:1094C00004F0C4FE746503B0BDEC048BF0BD000075
:1094D0002800002470B5002810D0EFF3108472B675
:1094E000084DA97C39B108492622F7F7B3F80020C6
:1094F000A87424B104E004B962B6002070BD62B65D
:10950000012070BD280000245807002470B52F4C9E
:10951000002501206571A571E5636583A583A563B9
:109520002570E562657025636563A570E571257238
:109530006572A572E07225642573E58365646573C1
:10954000A564E56425656565A565E565E57425752E
:109550006575A575E575257665766566A5732584BB
:109560006584E5732574A584E58425856585657521
:1095700025666574A57425676567154805604560AF
:109580008560C560E5703821A5661030E566F7F79F
:109590003FF910484FF4E071F7F718F90C484FF411
:1095A000C871A5674830E567F7F732F90948262101
:1095B0002638F7F70BF90848FDF742FF0122064865
:1095C000211DBDE87040FEF72BBC000028000024E0
:1095D000800500247E070024F01300241348144A59
:1095E000016B491C0163D2F890104163EFF31081C5
:1095F00072B6437E4BB1037E3BB1837D5B1C03F0AF
:1096000007038375037E5B1E03760023437601B94F
:1096100062B6D2F8900010F0280F05D0034901225D
:109620000348091DFEF7FCBB70470000280000241A
:10963000F013002470B5174CE06A401CE0622079FA
:109640006070E27814498854E178491C01F00F01F8
:10965000E170A3790021114D0122ED5C854206D114
:109660005B1CDBB2A371042B04D3A27001E0A5281C
:109670000DD0A17104F082FE207904F03BFC054975
:109680000122BDE870400648091DFEF7C9BBA27162
:10969000F0E7000028000024800500241A010108DA
:1096A000F01300240A23024902480422FEF719BCE1
:1096B00016010108F013002470B5174C0D250A2679
:1096C000A570E6701822201D04F12001F7F707F8B5
:1096D000267704F12000657790ED000A84ED010AF9
:1096E00090ED010A84ED020A90ED020A84ED030A6E
:1096F00090ED030A84ED040A90ED040A84ED050A56
:1097000090ED050A84ED060AFBF7ECFB0349012204
:1097100088608A704A7070BDF8010024000000243F
:109720000F4838B59FED0D0A0EA480ED010A80EDBB
:10973000020A80ED030A80ED040A80ED050A80ED3F
:10974000060A07E0C0B28DF8000001216846641CDB
:1097500000F0FAF820780028F4D138BD00000000AD
:10976000F8010024414354300000000070B5164C4D
:1097700000250121E278052A23D2DFE802F0030761
:109780000E1A1E000D2800D1E17070BD0A2802D00B
:109790000D28FAD015E0022008E021790B4B4A1C75
:1097A000D2B2182A58542271EFD303202571E070E9
:1097B00070BD0A2805D10420F9E70D2801D1FFF773
:1097C0007BFFE57070BD000000000024180200243B
:1097D00070B5060014460D461CD0DDB1D4B100F0C2
:1097E000A1F8B8B1EFF3108372B60D4890ED040AFA
:1097F000B1EE400A86ED000A90ED050AB1EE400A8E
:1098000085ED000A90ED010AB1EE400A84ED000AF0
:1098100013B102E0002070BD62B6012070BD0000EF
:10982000F8010024EFF3108072B60449002891ED8E
:10983000040AB1EE400A00D162B67047F801002474
:10984000EFF3108072B60449002891ED050AB1EEDD
:10985000400A00D162B67047F8010024EFF310808F
:1098600072B60449002891ED010AB1EE400A00D118
:1098700062B67047F801002470B5264820212DED0E
:10988000028BF6F7C5FF244C0025E5702571657045
:10989000A570A5602148FDF7D3FD2048012221468F
:1098A000FEF7BEFA02E00A20FAF7CEFC6078002844
:1098B000F9D0FFF735FF3220FAF7C6FC6570FFF7E5
:1098C000CDFF4FF47A74B0EE408A2046FAF7BCFC24
:1098D000FFF7C4FF30EE480A1149B0EEC00A10EE9F
:1098E000100A88420ADAF8F745FCC820FAF7ACFCFF
:1098F000BDEC028BBDE87040F8F734BCF8F73AFCD9
:10990000C820FAF7A1FCF8F72DFC2046FAF79CFCDA
:10991000F4E70000F801002400000024AC15002446
:10992000CDCCCC3D10B5074CA078002806D0FBF775
:10993000D9FAA168401A642801D2012010BD002084
:1099400010BD0000000000240A46014601486423BF
:10995000FEF7C7BAAC150024054C0025607800B1AD
:109960006570FFF7DFFF0A2004F072FDF6E70000E4
:1099700000000024064810B502F094FA044828308C
:1099800002F090FA0248BDE81040503002F08ABA66
:10999000940F00240248002180F8251002F048BBF3
:1099A000940F00240248002180F8251002F040BBEB
:1099B000BC0F00240248012180F8251002F038BBBA
:1099C000E40F0024014802F07BBA0000940F002449
:1099D000014802F075BA0000BC0F0024014802F0F3
:1099E0006FBA0000E40F00242DE9F047454D04460E
:1099F00089464FF0000A2868C04380070AD0414ECC
:109A0000283E306820F080603060FBF76BFA074634
:109A1000B04608E00120BDE8F08700BFFBF762FA1E
:109A2000C01B022867D8D8F800000001F6D42068CF
:109A300029684FF4FE0721F47C313E0241EA0030F0
:109A40002860207AA389B4F804C040022D4D2D4926
:109A50005B1E227CACF1010C1035091DA0F50070D5
:109A600080B2521ECCF3080C07EA034340EA0C0014
:109A7000184306EA0262104328600868626920F011
:109A8000C000104308600A68A06922F02002024367
:109A90000A60281D0A6822F010020A6002684FF668
:109AA000F873E4699A4342EAC40202600868B9F1B3
:109AB000000F40F010020A6011D00868B9F1010FE0
:109AC00011D040F400100860D8F80000444640F07F
:109AD0008060C8F80000FBF705FA05460DE008684D
:109AE00040F40020EFE740F48010ECE7FBF7FAF9D0
:109AF000401B022801D903208DE720680001F5D51D
:109B0000504688E7284402582DE9F047454D044661
:109B100089464FF0000A2868C04380070AD0414EAA
:109B2000283E306820F080503060FBF7DBF90746B4
:109B3000B04608E00120BDE8F08700BFFBF7D2F98E
:109B4000C01B022867D8D8F800008000F6D420880F
:109B500029684FF4FE0721F07C713E0241EA005073
:109B60002860207AA389B4F804C040022D4D2D4905
:109B70005B1E227CACF1010C1835091DA0F50070AC
:109B800080B2521ECCF3080C07EA034340EA0C00F3
:109B9000184306EA0262104328600868626920F4EC
:109BA0004060104308600A68A06922F40072024312
:109BB0000A60281D0A6822F480720A6002684FF663
:109BC000F873E4699A4342EAC40202600868B9F192
:109BD000000F40F480720A6011D00868B9F1010FDB
:109BE00011D040F080700860D8F80000444640F082
:109BF0008050C8F80000FBF775F905460DE00868CD
:109C000040F48000EFE740F40000ECE7FBF76AF96E
:109C1000401B022801D903208DE720688000F5D57C
:109C2000504688E72844025810B503F08BF8BDE889
:109C300010400146002005F05BB900009FED010ACD
:109C4000FFF7F2BF000000009FED010AFFF7ECBF35
:109C50000000B44210B503F075F8BDE810400146AD
:109C6000042005F045B900009FED010AFFF7F2BF9F
:109C7000000000009FED010AFFF7ECBF0000B442B6
:109C800010B52DED028BFEF7D5FC0B480021FDF73A
:109C900029FA09480421FDF725FA9FED088AB0EE5C
:109CA000480AFFF7C1FFB0EE480ABDEC028BBDE8E1
:109CB0001040FFF7CFBF0000C40400240000B442EE
:109CC0002DE9F04104260446B0F8C800002578B11B
:109CD000621D8154B4F8C800401C80B2A4F8C800CA
:109CE000C32818D16179601D0022AA2969D114E026
:109CF000AA290ED194F8CA00401CC0B284F8CA0048
:109D0000042808D1AA220421601DF6F757FDA4F803
:109D1000C86084F8CA50BDE8F0814178AA2950D1C2
:109D20008178AA294DD1C178AA294AD1037901891C
:109D30009BBB4379022B44D1837973BBC37963BB4B
:109D4000B8293ED10421435C491C89B21A44C22976
:109D5000D2B2F8D390F8C200904232D100224FF034
:109D6000010843F2F43611464FEA0200C0EB00133B
:109D70000A339BB22344B3F80530A3F16407B7421A
:109D800002D8491C1A44C9B2401C80B20C28EDD339
:109D900021B1B2FBF1F080B201E012E00020A4F8A2
:109DA000CC00FBF79FF8C4F8D000D4F8D410491CBD
:109DB000C4F8D41084F8D880A4F8C85084F8CA50E5
:109DC000A9E70020C32108E0491E00F101000904B1
:109DD000C0B2090C05D0042803D262181279AA2A4D
:109DE000F2D084F8CA000428A4F8C8508AD092E7B8
:109DF00000680949884201D10848704708498842EB
:109E000002D10648DC3070470649884201D1064835
:109E10007047002070470000001401403002002409
:109E200000500040000C0058E80300242DE9F041E8
:109E30000E00154615D0A5B1EFF3108172B6B0F83B
:109E4000CC40D0F8D480D0F8D07090F8D80001B9C8
:109E500062B630B12CB1FBF745F8C01BB0F5FA7F04
:109E600002D90020BDE8F08134800120C5F80080CF
:109E7000F8E700000A4601460148FFF7D7BF000097
:109E8000300200240A4601460148FFF7CFBF000018
:109E90000C0300240A4601460148FFF7C7BF000033
:109EA000E803002470B51348DC21F6F7B1FC114833
:109EB000DC21DC30F6F7ACFC0F48DC21F6F7A8FC1F
:109EC0000C490E4801F1DC040B4D0D4A01C1226022
:109ED0000C4A2A600122FDF7A3FF20680122211D00
:109EE000FDF79EFF01222868291DBDE87040FDF79F
:109EF00097BF000030020024E8030024401600242D
:109F0000C8120024A011002410B5044690F8D8000F
:109F1000002808D0FAF7E6FFD4F8D010401AB0F5C0
:109F2000FA7F01D8012010BD002010BD0148FFF7C5
:109F3000EBBF0000300200240148FFF7E5BF00003E
:109F40000C0300240148FFF7DFBF0000E8030024F2
:109F500010B5FFF74DFF00280CD00021A0F8C81065
:109F600080F8CA1001220368011DBDE810401846A0
:109F7000FDF756BF10BD10B5FFF73AFF040009D03A
:109F80002179FFF79DFE01222068211DBDE81040C8
:109F9000FDF746BF10BD0000044810B5FFF7B4FF41
:109FA000002802D00148B0F8CC0010BD30020024D7
:109FB000044810B5FFF7A8FF002802D00148B0F808
:109FC000CC0010BD0C030024044810B5FFF79CFF23
:109FD000002802D00148B0F8CC0010BDE8030024EE
:109FE000F8F7EEBB2DED028B9EB09FED588A8DEDFC
:109FF000068A8DED058A8DED168AFFF763F80DF15F
:10A0000034090DF12C0809AC16AA05A906A8FFF71A
:10A01000DFFB0546FEF75EF80746FEF735F8F1EE82
:10A02000408AFEF7F5FEFEF7AFFE0646FFF75CF846
:10A030008346FFF779F910AA04A903A8F8F708FAEC
:10A040009DED101ADDED040A9DED030A8246FFF72F
:10A05000FDF9FDB1F7B19FED3E0A002002903346B5
:10A0600028EE800ACDE900B0BDEEC00A10EE100A5D
:10A070009DED050A02B2BDEEC00A10EE101A9DED6C
:10A08000060ABDEEC00A10EE100AFFF7C5F8BAF1D5
:10A090000F0F0ED0B0EE480A0026B0EE401AF0EED8
:10A0A000400AF8F7F1FAADB3A7B3BAF10F0F3AD1FE
:10A0B0000DE001209DED042ADDED031AB0EE681AD3
:10A0C000DDED050A9DED060AFEF7BAFC06460EBB5D
:10A0D000FFF74AF8F8B1FEF79DFCE0B1BBF1020FC3
:10A0E00019D119AA18A917A8FFF70AF898B1BDF94C
:10A0F000640000EE100ABDF96000B8EEC01A00EE70
:10A10000100ABDF95C00F8EEC00A00EE100AB8EEC5
:10A11000C00A06E007E0B0EE480AB0EE401AF0EEE2
:10A12000400AF8F705FB07A8F8F73AFA9DF83D1042
:10A130004B469DF83C004246CDE9000107A8214668
:10A14000FFF72AF90A2004F083F95DE70000000018
:10A150000000C842F8F750BB084C00BFFEF778FF7C
:10A160002070207828B1FEF75BFF6080FEF764FF67
:10A17000A080322004F06CF9F0E7000038010024E0
:10A18000FFF7EABB92B004F0CDFE08B3424C00BF2B
:10A19000FFF702FF0746FFF70BFF0646FFF714FF26
:10A1A000054604F0EBFE012004F09EFF012004F0C0
:10A1B00095FF0021084604F08BFF2022012001A911
:10A1C000FEF7BEFD50B101A934A004F06DFF08E018
:10A1D0004FF47A74204604F03BF9FBE731A004F019
:10A1E0002BFF0821002004F073FF2022032009A97F
:10A1F000FEF7A6FD20B109A92CA004F055FF02E04E
:10A200002CA004F019FF1021002004F061FFFFF7DB
:10A2100009FBB7EEC00A29A053EC102B04F044FF51
:10A220001821002004F054FFFFF70AFBB7EEC00A24
:10A2300024A053EC102B04F037FF2021002004F061
:10A2400047FFFEF7A1FD009020A094ED000AB7EEB5
:10A25000C00A53EC102B04F027FF2821002004F043
:10A2600037FF1DA0394604F01FFF3021002004F005
:10A270002FFF1BA0314604F017FF3821002004F007
:10A2800027FF19A0294604F00FFF04F07FFE642089
:10A2900004F0DEF87CE700001400002442313A2587
:10A2A0007300000042313A2D2D00000042333A2560
:10A2B0007300000042333A2D2D000000583A252E3D
:10A2C00032660000593A252E326600005A3A252E91
:10A2D000316620543A257500413A25756D6D0000B0
:10A2E000423A25756D6D0000433A25756D6D00008D
:10A2F0004FF0E02010B5006905F0ECFC012803D018
:10A30000BDE8104005F010BA10BD000070B59CB05B
:10A310004C216846F6F77CFA202113A8F6F778FA64
:10A320000220FBF751F92149002421480A6822F054
:10A3300001020A600968016841F440410160016856
:10A3400001F440411B9101688904FCD50DF1280CF2
:10A350000825022009900523A0268CE84900CDE9B4
:10A360000D05C2030F9001216846CDE91054CDE9D7
:10A3700000121294FCF7BCF908B172B6FEE7402057
:10A380001A903F210301CDE916500322CDE91803AD
:10A3900013AB13A883E816000221FBF76BFF00281C
:10A3A00001D072B6FEE71CB070BD00002C0400584E
:10A3B000184802583348F0B5334A016841F4700137
:10A3C0000160106800F00F00072804D2106820F028
:10A3D0000F00C01D10602D4900202C4C10340B685C
:10A3E0002B4D43F001030B6020600B682B400B608A
:10A3F000136803F00F03072B04D9136823F00F032E
:10A40000DB1D1360214C234A1834234B261D371DB6
:10A4100020601E4C214D28343060261D3860371DC9
:10A4200023603B1D35601C1D3A60251D2E1D1860E4
:10A43000331D22602860326018600A68134B184C84
:10A4400022F4802260330A60186020686FF30F00E6
:10A45000B0F1005F03D213490120C1F808010B4895
:10A46000D4300168C9040BD4026843F2D2010E4B08
:10A4700042F4805202601960016821F48051016049
:10A48000F0BD000088ED00E00020005200440258BA
:10A490007FEDF6EA80020101000202020000FF01E6
:10A4A0000010005C00800051004000520148FCF7A1
:10A4B000AEBC0000C41700242DE9F047294B4FF033
:10A4C000804A294D02689842284E294F294C09D0CC
:10A4D000504507D0A84205D0B04203D0B84201D0C1
:10A4E000A04205D1D1F804C022F070024CEA020269
:10A4F000DFF884C0DFF884809842DFF884900FD0C2
:10A5000050450DD0A8420BD0B04209D0B84207D078
:10A51000A04205D0604503D0404501D0484503D155
:10A52000CD6822F440722A438E684D6922F0800281
:10A53000C6620E682A439842866207D0A04205D0C0
:10A54000604503D0404501D0484501D10969016308
:10A550000368012143F00403036041610260BDE828
:10A56000F0870000000001400004004000080040A7
:10A57000000C004000040140004001400044014044
:10A580000048014010B5046A012301F01F018B400F
:10A590009C4304628A40016A1143016210BD0000BD
:10A5A0002DE9F04FDFF88480214EDFF88890DFF846
:10A5B00088B0026A036AB042DFF880A022F0020C81
:10A5C0001F4F23F001020262426885698B680C68A4
:10A5D00005EA080525F0030543EA0C0344EA0504EF
:10A5E00007D0484505D0584503D0504501D0B84262
:10A5F00005D1CD6823F008031D4325F00403B042C4
:10A6000007D0484505D0584503D0504501D0B84241
:10A6100005D122F44076D1E9055235432A43426000
:10A620008461496841630362BDE8F08F8FFFFEFFDC
:10A63000000001400004014000400140004401408E
:10A6400000480140F0B5DFF87CE01F4C1F4D026A66
:10A65000036AA04222F0200623F01003036242683E
:10A660008369D1F808C00F6803EA0E0323F4407E23
:10A6700046EA0C134EEA072601D0A84206D1CF685D
:10A6800023F0800343EA071323F04003A0420AD0DB
:10A69000A84208D00E4CA04205D00E4CA04202D0D9
:10A6A0000D4CA04207D1D1E9054522F4406242EAAF
:10A6B000840242EA850242608661496881630362DE
:10A6C000F0BD0000FF8FFFFE0000014000040140CC
:10A6D000004001400044014000480140F0B5DFF86F
:10A6E0007CE01F4D1F4E026A036AA84222F40077E5
:10A6F00023F4807303624368C269D1F808C002EA98
:10A700000E020C6822F0030E47EA0C2244EA0E0403
:10A7100001D0B04206D1CF6822F4006242EA07229B
:10A7200022F48062A8420AD0B04208D00E4DA8425E
:10A7300005D00E4DA84202D00D4DA84207D1D1E957
:10A74000055623F4405343EA051343EA06134360D6
:10A75000C4614968C1630262F0BD00008FFFFEFF63
:10A76000000001400004014000400140004401405D
:10A7700000480140F0B5046A026A22F48052026285
:10A780004268C36924F40054DFF848C08E680D683D
:10A7900003EA0C03104F23F4407344EA0634B84232
:10A7A00043EA05230BD00D4DA84208D00C4DA8421A
:10A7B00005D00C4DA84202D00B4DA84204D14D69E2
:10A7C00022F4804242EA85124260C3614968016412
:10A7D0000462F0BDFF8FFFFE000001400004014055
:10A7E000004001400044014000480140F0B5164FD0
:10A7F000164B026A046A984222F4003524F480332E
:10A8000003624268436D0E890C6803EA070344EA59
:10A81000030445EA06430BD00D4DA84208D00D4D68
:10A82000A84205D00C4DA84202D00C4DA84204D13C
:10A830004D6922F4803242EA05224260446549684B
:10A8400081650362F0BD00008FFFFEFF0000014044
:10A850000004014000400140004401400048014024
:10A86000F0B5164F164B026A046A984224F480131E
:10A87000036222F400144268436D0E890D6803EAF6
:10A88000070344EA065443EA05230BD00D4DA842C2
:10A8900008D00D4DA84205D00C4DA84202D00C4D59
:10A8A000A84204D14D6922F4802242EA8522426006
:10A8B00043654968C1650462F0BD0000FF8FFFFE7B
:10A8C00000000140000401400040014000440140FC
:10A8D000004801400148FCF74DBE0000341200243E
:10A8E0000148FCF747BE0000C81200240148FCF7ED
:10A8F00041BE00005C1300240148FCF73BBE000091
:10A90000F013002430B5416EB9B101680D4B03F16D
:10A9100008048A688968C2F34262490F5D5C615C21
:10A920002D01B5FBF1F1A0F86A10995CA25C090158
:10A93000B1FBF2F1A0F8681030BD0121A0F86A1057
:10A94000F8E700009004010890F82810090706D5E0
:10A950000168836B4A6822F400421A434A6090F807
:10A960002810C90706D00168C36A4A6822F4003279
:10A970001A434A6090F82810890706D50168036BCE
:10A980004A6822F480321A434A6090F82810490736
:10A9900006D50168436B4A6822F480221A434A6054
:10A9A00090F82810C90606D50168C36B8A6822F49E
:10A9B00080521A438A6090F82810890606D50168EB
:10A9C000036C8A6822F400521A438A6090F82810B7
:10A9D000490611D50168436C4A6822F480121A4373
:10A9E0004A60416CB1F5801F06D10168836C4A68EA
:10A9F00022F4C0021A434A6090F82810090606D5CE
:10AA00000168C26C486820F4002010434860704719
:10AA10002DE9F84300250446C0F89050FAF762FA91
:10AA20008046206820266FF07E470068000713D517
:10AA30000022434631042046009700F0E8FE58B15A
:10AA4000216851E8000F20F0800041E80002002A50
:10AA5000F6D1C4F8886021E020680068400722D55C
:10AA6000002243464FF480012046009700F0CFFEBD
:10AA7000C8B1206850E8001F21F4907140E800122E
:10AA8000002AF6D12068083050E8001F21F00101AB
:10AA900040E80012002AF5D1C4F88C60032084F845
:10AAA0008450BDE8F883C4F88860C4F88C60E5661B
:10AAB0002567002084F88450F3E710B5806B0021EF
:10AAC000A0F85E10FCF71AFD10BD70B5846B002570
:10AAD0002168D4F88800D4F88C608968090606D506
:10AAE000212804D1A4F85650204600F0A5F820688B
:10AAF0008068400606D5222E04D1A4F85E50204678
:10AB000000F070F8D4F8900040F01000C4F8900005
:10AB10002046FCF7F3FC70BD10B5C1690022806BC4
:10AB2000B1F5807F2DD0A0F85E20036853E8001FA8
:10AB300021F4807143E80014002CF6D1016808313B
:10AB400051E8003F23F0010341E80034002CF5D127
:10AB50000168083151E8003F23F0400341E8003428
:10AB6000002CF5D12021C0F88C10C16E012908D12C
:10AB7000016851E8003F23F0100341E80034002C45
:10AB8000F6D10267C16E012902D0FDF76DF910BD43
:10AB9000B0F85C10FCF77CFB10BD10B5806B012198
:10ABA0000167C16E012902D0FDF79AF910BDB0F816
:10ABB0005C104908FCF76CFB10BD10B5806B0021E0
:10ABC0000F222023A0F85E100468226202689469B4
:10ABD00044F008049461C0F88C30C166FCF72EFC88
:10ABE00010BD000010B5026852E8001F21F49071FA
:10ABF00042E80013002BF6D10E4B0268083252E8EF
:10AC0000001F194042E80014002CF6D1C16E012942
:10AC100008D1026852E8001F21F0100142E8001339
:10AC2000002BF6D100212022C0F88C20C16641679C
:10AC300010BD0000FEFFFFEF026852E8001F21F088
:10AC4000C00142E80013002BF6D10168083151E839
:10AC5000002F22F4000241E80023002BF5D120212F
:10AC6000C0F888107047000010B5D0F88C10B0F80C
:10AC700060202229016804D0886940F008008861BA
:10AC800010BD496A836D11401980816D891C8165F1
:10AC9000B0F85E10491EA0F85E10B0F85E100029F2
:10ACA000EED1016851E8002F22F4907241E80023B0
:10ACB000002BF6D10168083151E8002F22F0010283
:10ACC00041E80023002BF5D1184B00210268202415
:10ACD000C0F88C40416701679A420BD0526812025B
:10ACE00008D5036853E8002F22F0806243E800246F
:10ACF000002CF6D1C26E012A02D0FDF7B5F810BDC6
:10AD0000C166026852E8001F21F0100142E80013FA
:10AD1000002BF6D10168CA69D243D20601D41022B1
:10AD20000A62B0F85C10FCF7B3FA10BD000C0058D2
:10AD30002DE9F04704460068C569D0F800A0D0F8B6
:10AD40000890D4F88C10B4F86060222905D081698D
:10AD500041F008018161BDE8F087B4F868704FF0F8
:10AD6000000844E02068A16D406A30400880A06D72
:10AD7000801CA065B4F85E00401EA4F85E00206848
:10AD8000C569690730D0E9070AD05FEACA5107D51B
:10AD900001210162D4F8900040F00100C4F8900055
:10ADA000A8070BD55FEAC97008D0216802200862A5
:10ADB000D4F8900040F00400C4F8900068070BD568
:10ADC0005FEAC97008D0216804200862D4F89000B6
:10ADD00040F00200C4F89000D4F8900020B1204662
:10ADE000FCF78CFBC4F89080B4F85E0000B30FB1A0
:10ADF000A806B7D4B4F85E000028ACD0B4F8681048
:10AE00008142A8D92068083050E8001F21F0805105
:10AE100040E80012002AF5D12A486067216851E80D
:10AE2000000F40F0200041E80002002AF6D192E72E
:10AE3000216851E8000F20F4807041E80002002AE8
:10AE4000F6D1214A2068083050E8001F114040E840
:10AE50000013002BF6D11D4A202321684046C4F878
:10AE60008C30C4F87480C4F8708091420BD049686B
:10AE7000090208D5226852E8001F21F0806142E8EB
:10AE80000013002BF6D1E16E012903D02046FCF718
:10AE9000EBFFAFE7E066216851E8000F20F01000FB
:10AEA00041E80002002AF6D12068C169C943C906F9
:10AEB00001D410210162B4F85C102046FCF7E8F9D7
:10AEC00098E7000069AC0008FEFFFFEF000C005897
:10AED00010B5D0F88C10B0F860202229016804D099
:10AEE000886940F00800886110BD496A836D11408F
:10AEF0001970816D491C8165B0F85E10491EA0F87B
:10AF00005E10B0F85E100029EED1026852E8001F12
:10AF100021F4907142E80013002BF6D1016808314A
:10AF200051E8002F22F0010241E80023002BF5D167
:10AF3000184B002102682024C0F88C40416701674B
:10AF40009A420BD05268120208D5026852E8003FBC
:10AF500023F0806342E80034002CF6D1C26E012A4F
:10AF600002D0FCF781FF10BDC166026852E8001FE5
:10AF700021F0100142E80013002BF6D10168CA69E4
:10AF8000D243D20601D410220A62B0F85C10FCF75A
:10AF90007FF910BD000C00582DE9F0470446006809
:10AFA000C569D0F800A0D0F80890D4F88C10B4F897
:10AFB0006060222905D0816941F008018161BDE806
:10AFC000F087B4F868704FF0000844E02068A16D85
:10AFD000406A30400870A06D401CA065B4F85E0067
:10AFE000401EA4F85E002068C569690730D0E907F3
:10AFF0000AD05FEACA5107D501210162D4F8900056
:10B0000040F00100C4F89000A8070BD55FEAC970B2
:10B0100008D0216802200862D4F8900040F00400B3
:10B02000C4F8900068070BD55FEAC97008D02168A2
:10B0300004200862D4F8900040F00200C4F89000A8
:10B04000D4F8900020B12046FCF758FAC4F890805C
:10B05000B4F85E0000B30FB1A806B7D4B4F85E0030
:10B060000028ACD0B4F868108142A8D92068083014
:10B0700050E8001F21F0805140E80012002AF5D16D
:10B080002A486067206850E8001F41F0200140E82E
:10B090000012002AF6D192E7216851E8000F20F44F
:10B0A000807041E80002002AF6D1214A2068083069
:10B0B00050E8001F114040E80013002BF6D11D4A54
:10B0C000202321684046C4F88C30C4F87480C4F84A
:10B0D000708091420BD04968090208D5226852E875
:10B0E000001F21F0806142E80013002BF6D1E16ED1
:10B0F000012903D02046FCF7B7FEAFE7E0662068E1
:10B1000050E8001F21F0100140E80012002AF6D19B
:10B110002068C169C943C90601D410210162B4F88D
:10B120005C102046FCF7B4F898E70000D1AE0008A8
:10B13000FEFFFFEF000C00582DE9F0430446806845
:10B14000D84E87B0D84B2168D4E90427D4F81CC066
:10B1500010430A68002547EA0C073843324002438F
:10B160000A602068E268416821F44051114341605F
:10B170002268A1699A4201D0206A01439768DFF8EA
:10B180002CC3CB4ECB4807EA0C070F4397602168CE
:10B19000676ACA6A22F00F023A43CA622268B24260
:10B1A0000ED1006800F03800182873D047DCB8B31F
:10B1B000082879D010286FD178E028287ED17BE04C
:10B1C000BD498A4209D1006800F00700062875D2FF
:10B1D000DFE800F0546A6C6E7072B8498A4209D197
:10B1E000006800F00700062868D2DFE800F0475D3D
:10B1F0005F616365B2498A4209D1006800F00700C7
:10B2000006285BD2DFE800F03A5052545658AD4958
:10B210008A420BD1006800F0070006284ED200E0F9
:10B2200010E0DFE800F02B4143454749A6498A4238
:10B230000AD1006800F03800182839D0B7DD20287E
:10B24000BBD13CE001203AE0A0498A4209D1006824
:10B2500000F00700062831D2DFE800F01026282A87
:10B260002C2E9B498A420BD1006800F0070006286B
:10B2700024D2DFE800F003191B1D1F2100201EE06F
:10B280009A421BD18B48001D006800F00700062879
:10B2900014D202E00CE007E010E0DFE800F0030564
:10B2A00007090B0D02200AE0042008E0082006E050
:10B2B000102004E0202002E0402000E080208549AA
:10B2C000DFF814829A42854A4FF400434FEA21176F
:10B2D0004FF000064ED110281AD006DC022809D003
:10B2E00004280BD008287CD10DE020283ED040282F
:10B2F00077D13DE0FAF792F9014610E06846FAF797
:10B300009FF901990BE003A8FAF73CFA049906E0CB
:10B310001068800605D51068C0F3C100C14000293F
:10B3200070D0606A676838F8102007EB4703B1FBFC
:10B33000F2F0834255D8B0EB073F52D800230846BD
:10B340001946F5F7F5F802467808130E120243EA9B
:10B35000012110183A4671410023F5F7E9F8604AD7
:10B36000A0F5407191423CD821688FE03946D8E77A
:10B370001946D6E7D4F81CC04FF6EF799C4546D164
:10B38000082819D005DC58B101280CD0042875D143
:10B390000DE0102815D0202835D040286ED134E09B
:10B3A000FBF7E6F801E0FBF7F5F8014610E0684628
:10B3B000FAF746F901990BE003A8FAF7E3F90499C3
:10B3C00006E01068800604D51068C0F3C100C140D3
:10B3D000C1B1636A606838F81330B1FBF3F149001A
:10B3E00000E04BE001EB5001B1FBF0F0A0F11001E7
:10B3F000494543D84FF6F0732168C0F34202184024
:10B40000104343E043E03946E3E71946E1E7082803
:10B4100019D005DC58B101280CD004282ED10DE03C
:10B42000102815D020282BD0402827D12AE0FBF760
:10B430009FF801E0FBF7AEF8014610E06846FAF726
:10B44000FFF801990BE003A8FAF79CF9049906E0CC
:10B450001068800604D51068C0F3C100C140B1B1C6
:10B46000636A606838F81330B1FBF3F101EB500107
:10B47000B1FBF0F0A0F11001494505D9012506E026
:10B480003946EDE71946EBE7216880B2C860012034
:10B49000A4F86A00A4F8680028466667A66707B0A3
:10B4A000BDE8F083F369FFCF000C0058FFF4FF11F3
:10B4B000001001405444025800440040004800403D
:10B4C000004C004000500040001401400078004053
:10B4D000007C00400090D00378040108004402582A
:10B4E000FFFC0F0070B50446D0F880000023222531
:10B4F000A165A4F85C20C4F89030C4F88C50F0B179
:10B500001F49C163D4F880101E480864D4F8801025
:10B510001D48C864D4F8800003651346A56D2168F2
:10B52000D4F880002A462431F8F740FD38B11021C4
:10B53000C4F890102020C4F88C00012070BD206950
:10B5400040B1216851E8000F40F4807041E80002EA
:10B55000002AF6D12068083050E8001F41F00101B0
:10B5600040E80012002AF5D12068083050E8001F9A
:10B5700041F0400140E80012002AF5D1002070BDE2
:10B5800019AB00089BAB0008CBAA000870B5836814
:10B59000002481654FF48056A0F85C20B342A0F8E7
:10B5A0005E204FF0FF01446704D1036903BB40F202
:10B5B000FF111DE04FF07F05C3B1B3F1805F1AD0DA
:10B5C000A0F860402221C0F89040C0F88C100168BB
:10B5D000083151E8003F43F0010341E80034002CFA
:10B5E000F5D1416EB1F1005F0CD02FE0036933B9A2
:10B5F000A0F86010E6E7016909B13F21F8E7A0F87B
:10B600006050DFE7B0F8681091421FD88168B142FE
:10B6100001D10169B9B11D490269416742B10268AE
:10B6200052E8001F41F4807142E80013002BF6D16C
:10B630000168083151E8002F42F0805241E80023B0
:10B64000002BF5D120E012494167F1E78168B14252
:10B6500001D1016969B10F49026941675AB10168B5
:10B6600051E8002F42F4907241E80023002BF6D1FC
:10B670000AE009494167026852E8001F41F02001D1
:10B6800042E80013002BF6D1002070BD99AF0008EE
:10B6900031AD0008D1AE000869AC0008D0F88810C0
:10B6A000212910D1B0F8561071B1016D02680988D6
:10B6B000C1F308019162016D891C0165B0F8561053
:10B6C000491EA0F856107047026852E8001F21F08A
:10B6D000800142E80013002BF6D1026852E8001FF7
:10B6E00041F0400142E80013002BF6D17047000002
:10B6F000D0F8881021291BD1B0F86A1016E000BFDD
:10B70000B0F85620AAB10268D3691B060CD5036DA8
:10B710001B88C3F308039362026D921C0265B0F8A4
:10B720005620521EA0F85620491E89B20029E7D1A2
:10B7300070470168083151E8002F22F4000241E807
:10B740000023002BF5D1026852E8001F41F04001B0
:10B7500042E80013002BF6D17047D0F88810212959
:10B760000ED1B0F8561061B1016D0268097891628E
:10B77000016D491C0165B0F85610491EA0F856101D
:10B780007047026852E8001F21F0800142E8001370
:10B79000002BF6D1026852E8001F41F0400142E858
:10B7A0000013002BF6D17047D0F88810212919D149
:10B7B000B0F86A1014E000BFB0F856209AB10268E1
:10B7C000D3691B060AD5036D1B789362026D521C68
:10B7D0000265B0F85620521EA0F85620491E89B2C4
:10B7E0000029E9D170470168083151E8002F22F49F
:10B7F000000241E80023002BF5D1026852E8001F47
:10B8000041F0400142E80013002BF6D170472DE9CA
:10B81000F047994617460D460446089E4FF000082B
:10B8200033E0701C31D0F9F75DFBA0EB0900B042AA
:10B8300018D8BEB120680168490726D5802D24D0CC
:10B84000402D22D0C169C94309070DD408250562DE
:10B850002046FFF7C7F9C4F89050012084F884808F
:10B86000BDE8F0870320FBE7C069C04300050CD4A6
:10B8700021684FF4006008622046FFF7B3F92021E9
:10B88000C4F8901084F88480ECE72068C06935EA39
:10B89000000004D00020B842C3D00020E0E701201F
:10B8A000F9E700000148FBF765BE0000841400249E
:10B8B0000148FBF75FBE0000181500240148FBF7A4
:10B8C00059BE0000AC1500240148FBF753BE000030
:10B8D00040160024FEE700000448054A05490068B8
:10B8E000B0FBF2F04968B1FBF0F070477001002442
:10B8F00040420F00001000E070EE601AF4EEC11A32
:10B90000F1EE10FA02DD30EE810A7047B1EE412A05
:10B91000F4EEC21AF1EE10FAF7D230EEC10A704717
:10B9200010B501790446084800F0AAFDD0E90201EB
:10B9300004F0BBFB01EE900A204600F0B7FEC1EE1A
:10B94000800AB0EE600A10BD900C00247CB500792E
:10B95000421E032A17D84FF000040128224623462E
:10B9600025460AD002280AD003280AD00D461348DB
:10B970002146009500F0F4FC7CBD0C46F7E70A4632
:10B98000F5E70B46F3E74FF000020528134615468E
:10B9900014460CD006280CD007280CD00C460748BB
:10B9A00040F2FF11CDE9005400F0DCFD7CBD0A46F9
:10B9B000F5E70B46F3E70D46F1E70000900C002495
:10B9C00010B504462DED048BF0EE608AF0EE409A3F
:10B9D000B0EE418A38EEE90AF7EE000ABFEE001A2F
:10B9E00080ED088AB5EEC00AC0ED099AF1EE10FAB2
:10B9F000B0EEC09AC0ED0A8A20FE810A80ED0F0ADF
:10BA000002F04BFD0246204919EE100AE26188421D
:10BA100003DB18EE100A884205DAC4ED058A00201F
:10BA2000C4ED048A2BE0B0EE080A1849C8EE001AEB
:10BA300011EE900A38EE610AB0EE612A8842C9EE32
:10BA4000000A80EEA10A0DDAF0EE000AB6EE000A56
:10BA500029EE201A9FED0E2AC1EE080A68EE001AA0
:10BA600080EEA10AC4ED0B1A84ED0C2A012084EDAE
:10BA70000D0AC4ED0E0AC4ED048AC4ED059A2076C1
:10BA8000BDEC048B10BD00006F12833A17B7D1389C
:10BA90000000000070B53229044686B001D2322180
:10BAA00004E04FF47A70814200D90146A1811C481C
:10BAB000216800F0F1FCDFED1C0A9FED1A0ACDEDC4
:10BAC000000A9FED1A1A8DED010ADFED191A8DEDAE
:10BAD000020A8DED031A17486946CDED041A00F0ED
:10BAE000B1F921790E4800F0CBFC0546012680F81B
:10BAF0004860D5E9020104F0D8FAE86105F12800B0
:10BB000000F01CF90C48002585602046FFF708FF6F
:10BB100084ED050A84ED040A2576A67306B070BD8F
:10BB2000900C002400000000CDCCCC3D0000FA4475
:10BB30000080BB45200F0024F800002410B50179D7
:10BB4000034800F09DFCBDE8104000F011BE00006D
:10BB5000900C002470B504462DED028B807B0028EC
:10BB600076D0207E20B302F098FCE169451A02F0FD
:10BB70009BFC00EE900A00EE105A2046F8EE600A98
:10BB8000B8EE400A80EE204AB0EE440A00F09EFD76
:10BB9000D4ED080A84ED050AF4EEC40AF1EE10FAB9
:10BBA0000AD894ED0A0A002084ED050A207603E005
:10BBB00094ED040A84ED050A2179274800F060FC21
:10BBC0000646FFF789FE05462448DFED250A816811
:10BBD0006A1A00EE102AB8EE400A20EE208A49B117
:10BBE000B5EEC08AF1EE10FA04D918EE101A1D4A0B
:10BBF000914208DDA189F7EE000A00EE101AB8EEB6
:10BC0000400A80EE808A8560204600F04FFDD4ED2A
:10BC1000050AD6E9020160EE208A04F046FA00EE39
:10BC2000100A1148294638EEC00A00F093F80A4875
:10BC30002A46B0EE481ADFED0D0A314600F09CFBB3
:10BC4000BDEC028B01462046BDE87040FFF77EBE8A
:10BC5000BDEC028B70BD0000900C0024F8000024A5
:10BC6000BD378635CDCC4C3D200F002400000000B0
:10BC700080ED040A002180ED050A0176704710B5B9
:10BC800004462DED028BB0EE608AF0EE408AB5EEF0
:10BC9000C08AF1EE10FA07D8B0EE680ABDEC028B4C
:10BCA000BDE81040FFF7E4BF207E10B194ED050A17
:10BCB00002E02046FFF734FEB0EE481AF0EE680AC4
:10BCC000BDEC028B2046BDE81040FFF779BE0000B6
:10BCD00080ED020A0271002301604FF47A71DFEDFA
:10BCE000160A8181002A8373C0ED040AC0ED050A9B
:10BCF0000376C361C0ED080AC0ED090AC0ED0A0A67
:10BD0000C0ED0B0AC0ED0C0AC0ED0D0AB7EE001A2B
:10BD1000C0ED0E0A80ED0F1A0BD0082A01D90821B8
:10BD2000017110EE101AB1F17E5F01DA80ED021A96
:10BD300070470121F4E70000000000009FED040AB5
:10BD40000021C16180ED050A80ED060A7047000000
:10BD500000000000D0ED030AB0EEC01ADFED352A76
:10BD6000B4EEE01AF1EE10FA01D2B0EE620AC26946
:10BD70009FED311A8B1A00EE903AF8EE600A20EE31
:10BD8000811A4AB1B5EEC01AF1EE10FA04D911EEDB
:10BD9000102A2A4B9A4201DD9FED291A90ED013AB3
:10BDA000D0ED051A90ED002A23EE013AD0ED040AF9
:10BDB00022EE002A43EE001AC0ED051AF4EEE01A56
:10BDC000F1EE10FA02DDC0ED050A08E0B1EE603ACE
:10BDD000F4EEC31AF1EE10FA01D280ED053AF0EE5E
:10BDE000C21AF4EEE01AF1EE10FA01DDC0ED052AF8
:10BDF00090ED063AD0ED021AD0ED052AC16180ED32
:10BE0000060A30EE430A32EE822A61EE801A81EE93
:10BE1000810A32EE000AF4EEC00AF1EE10FA06D3FF
:10BE2000F1EE600AF4EEC00AF1EE10FA01DDB0EEB8
:10BE3000600A704700000000BD378635CDCC4C3D10
:10BE40006F12833A91ED000A80ED000A91ED010A2C
:10BE500080ED010A91ED020A80ED020A91ED030ADC
:10BE600080ED030A91ED040A80ED040AFFF766BF36
:10BE7000DFED0B0A9FED090AC0ED040A0021C16144
:10BE800080ED000A80ED010A80ED020A80ED030AD0
:10BE900080ED050A80ED060A7047000000000000F2
:10BEA00000401C469FED050A002180ED060A80ED4A
:10BEB000070A016280F824107047000000000000AB
:10BEC00070B590F825109FED4E1A30EE600A91B1D2
:10BED000DFED4C0A4C4A01E030EE600A10EE101A19
:10BEE0009142F9DC494A00BF10EE101A914202D982
:10BEF00030EE200AF8E7464C0122464923785BB928
:10BF0000454B1D68002645F080751D604E600B682E
:10BF100043F001030B602270404B414C49681B68A1
:10BF2000B3FBF4F4036AB1FBF4F1CC1A00EE904ACF
:10BF3000DFED3C1AF8EE600A60EEA10A4BB1F5EEB7
:10BF4000C00AF1EE10FA04D910EE903A364CA34232
:10BF500001DDDFED360AD0ED011A0162F5EEC01AFF
:10BF6000F1EE10FA18D061EEA02AD0ED061A90ED8D
:10BF7000052A42EE801AC0ED061AF4EEC21AF1EE5E
:10BF800010FA06DCB1EE422AF4EEC21AF1EE10FA13
:10BF900006D280ED062A03E0F0EE411AC0ED061A43
:10BFA000D0ED021AF5EEC01AF1EE10FA0AD090F8B0
:10BFB000241039B190ED071A30EE411A61EE811A62
:10BFC00081EEA01AD0ED061A90ED002AD0ED040AF9
:10BFD00080ED070A42EE001A80F8242031EE810A33
:10BFE000F4EEC00AF1EE10FA06D3D0ED030AF4EE37
:10BFF000C00AF1EE10FA01DDB0EE600A70BD00007B
:10C00000000000000000B44300003443000034C3CB
:10C0100014010024001000E0FCED00E07001002499
:10C0200040420F00BD378635CDCC4C3D6F12833A70
:10C03000F4EEC21A80EC050AF1EE10FA03DD80ED91
:10C04000032AC0ED041AD0ED030A90ED040AF5EEC0
:10C05000C02AF1EE10FA05DCF0EEE00AB0EEC00AFC
:10C06000C0FE802AC0ED052AFFF71CBF9FED0C0A19
:10C07000002180ED000A80ED010A80ED020A80EDCA
:10C08000030A80ED040A80ED050A80ED060A80EDC2
:10C09000070A016280F8241080F82510704700001C
:10C0A000000000002DE9F0413229044601D232217E
:10C0B00004E04FF47A70814200D90146A1809FEDDF
:10C0C000120A124884ED020A84ED030A84ED040A80
:10C0D000216800F0E1F901273E460C48314600F0A6
:10C0E000CFF9054680F84870D5E9020103F0DDFF7D
:10C0F000E86105F12800FFF721FE761CF6B2042E58
:10C10000EBD9A771BDE8F08100000000000A00240F
:10C110002DE9F04104460F462DED088BF0EE41AAC3
:10C12000B0EE60BAF0EE408A88B0807900287BD00B
:10C130009FED68AAFFF7D0FB674D0646DFED670A63
:10C14000A869311A00EE101AB8EE400A60EE209A83
:10C1500048B1F5EEC09AF1EE10FA04D919EE900A42
:10C160005F49884208DDA088F7EE000A00EE100A59
:10C17000B8EE400AC0EE809A9FED5A9AAE6157B170
:10C18000B0EE490A84ED020AF0EE408AB0EE408A31
:10C1900084ED030A25E09FED540AD4ED020A29EE4E
:10C1A000801AB0EE680AB0EE418AFFF7A5FBF0EE08
:10C1B000408AB0EE481AD4ED030AB0EE4B0AFFF7FE
:10C1C0009BFBB0EE408A9FED490AD4ED040A29EEAC
:10C1D000801AB0EE6A0AFFF78FFBC4ED028A84ED85
:10C1E000038A84ED040ADFED420AB1EE681A78EEA4
:10C1F000881A31EE483AB0EE401A38EE682A01EE5D
:10C20000A01A78EEC82AF0EE401A03AC42EE201ACB
:10C21000B0EE402A02EEA00A03EE202A00208DEDA7
:10C22000060A84EC031A00E04FE004EB800191ED74
:10C23000000AB0EEC00AB4EEC90AF1EE10FA01DD50
:10C24000B0EE409A401C0428EDDB19EE100A294993
:10C2500088420EDD8AEE090A5FF0000004EB8001DF
:10C26000401CD1ED000A042860EE800AC1ED000AEE
:10C27000F4DB0027F3EE038A0DF1040804EB8700DA
:10C2800090ED000A781CC1B21B4820EE288A00F00D
:10C29000F7F8B0EE691AD5ED010AB0EE480A01468A
:10C2A0001548324600F068F828F817007F1C042F64
:10C2B000E4DBBDF90A000090BDF90830BDF90620A5
:10C2C000BDF904100C4800F04BF808B0BDEC088B29
:10C2D000BDE8F0811479BC43F8000024BD378635F1
:10C2E000CDCC4C3D000000000000AF4300001644E0
:10C2F000F304353F1479BC43000A002401604FF475
:10C300007A739FED060A83800022827180ED020A13
:10C3100080ED030A80ED040A704700000000000071
:10C32000002110B5018000F1080341800A46818098
:10C330000C46C18083E816009FED080A017580ED68
:10C34000060A80ED070A80ED080A81842830FFF78D
:10C350008FFD80F82040283810BD0000000000004C
:10C360001CB5049CCDE9003413460A464FF4007115
:10C3700000F0F8F81CBD000070B515460C462DED18
:10C38000048BB0EE419AF0EE608A91F84800B0EE6E
:10C39000408AD8B1084600F0EBF93249B0EEE80A1D
:10C3A000C8B110EE100A884215DDD4ED070A9FEDE2
:10C3B0002E1A9FED2E0A28EE011A21EE091AC1EE5F
:10C3C000001A31EEA00A84ED070A0DE000208884EF
:10C3D000BDEC048B70BD10EE100A884204DCD4E979
:10C3E000020103F062FEE061D4E9020103F05DFEA8
:10C3F00000EE100A94ED071AB4F90200DFED1C0AF2
:10C4000031EE401A00EE100A2046B8EEC00A21EEC6
:10C41000281A78EE408A41EE208A00F0A9F9002817
:10C4200029469FED140A04F1280000FE280AFFF7B0
:10C4300091FC10EE100AB0F18D4F02DD9FED0E0A57
:10C4400006E010EE100A10F1665F01D99FED0B0AAD
:10C4500084ED068ABDEEC00A10EE100A00B2A08478
:10C46000B6E70000BD378635000000460000704288
:10C47000000000390000000000008046000080C677
:10C4800041B1082900D9082101EB810100EB01101D
:10C49000483870470121F7E7F0B5044600688FB0CF
:10C4A000002853D12160002529490127487858B92F
:10C4B000284A2948136843F0807313604560026876
:10C4C00042F0010202604F705FF00006F1EE0A0ACE
:10C4D000B7EE000A9FED211ACDED090A8DED0A0A8B
:10C4E000DFED1F1A8DED0B1A8DED0C0ACDED0D1A37
:10C4F00006EB860009A904EB00103030FFF7A2FC20
:10C50000761C082EF4DB202101A8F4F781F9022023
:10C510004FF4FF62049701020195CDE90250CDE985
:10C520000512206801A9F7F719FF0222009520687B
:10C5300000231146F7F751FF2068F8F78AFB2068BF
:10C5400000220121F7F792FE84F888720FB0F0BD47
:10C55000F8000024FCED00E0001000E00AD7233CC6
:10C5600000401C462DE9F0438BB0044600681D4690
:10C5700016468946DDE91287002831D02421684615
:10C58000F4F746F90020049008224346310A8DF85A
:10C590002410CDE90090CDE9020205904FEA182C55
:10C5A0008DF828C02A0A8DF825604FEA17288DF8E3
:10C5B000293069468DF8262009AA8DF82A80069030
:10C5C000079008908DF827508DF82B702068F7F7AA
:10C5D00091FE002804D0D4F88C02401CC4F88C02D0
:10C5E0000BB0BDE8F08370B5054600688CB088429A
:10C5F00048D13FE00198E8BB0098A0F2012007284D
:10C6000038D80098C1B22846FFF73AFF0446BDF873
:10C61000280040BA02B22280BDF82A0041BA6180E7
:10C62000BDF82C10207D49BAA18040B1B4F90600B4
:10C63000101AB0F5805F0DDDA0F500500FE0D117A6
:10C64000E2801046C4E9022103F02FFDE0610121E0
:10C6500021750CE010F5805F01DA00F50050D4E997
:10C660000231C617E28018187141C4E90201FFF7D0
:10C6700033F92061402128680AAB6A46F7F7C8FE03
:10C680000028B7D00CB070BD10B5002406490823AF
:10C69000502240F8084B00F0B9F880F88042C0F80A
:10C6A0008442083810BD000021C3000890ED020A42
:10C6B0009FED041ADFED040A20EE011A81EE200A34
:10C6C00070470000000000460000B443B5EEC00A09
:10C6D000F1EE10FA02D890ED090A7047D0ED083A51
:10C6E000F4EEC03AF1EE10FA02D890ED0A0A704763
:10C6F000D0ED0B0A90ED0C3A90ED0D1AD0ED0E2A0C
:10C7000090ED0F2AB4EEE00AF6EE001AF1EE10FA00
:10C7100006D861EE210A60EE800A60EE800A21E010
:10C7200030EE833AB4EEC03AF1EE10FA0ADB21EEB5
:10C73000211A30EE600A21EE201A61EE200A42EE44
:10C74000800A0FE0D0ED0A0AD0ED092A33EEC00AC4
:10C7500021EE211A70EEE20A21EE001AF0EEE00A54
:10C7600041EE400A90ED090A02EE200A70470000EF
:10C7700010B504460069002807D0FFF7ADF821691D
:10C78000034A401A904201D2012010BD002010BD82
:10C79000A086010003B401984100009850EAC1202E
:10C7A00018BF04204A0D18BF40F0010040F2FF728C
:10C7B000B2EB515F08BF40F00200012808BF05201E
:10C7C00002B070474100080218BF04200A0E18BFCB
:10C7D00040F001004FF07F4232EA010108BF40F013
:10C7E0000200012808BF05207047090700284FEA0A
:10C7F000116104DB00F1E02080F80014704700F0C4
:10C800000F0000F1E02080F8141D70472DE9F04181
:10C810001C4617460E00804607D0054602E0284613
:10C82000B0473D442046641EF9D24046BDE8F08141
:10C8300010EE101A08B5434A6846B2EB410F26D9EC
:10C840004FF0E640B0EB410F94BF00204FF0FF30B7
:10C8500000900098DFED3C0A002860DB10F0010F2B
:10C8600046D060EE000ADFED391A9FED391A10F05C
:10C87000020F00EEE11ADFED371A40EE811A21EEC9
:10C88000A01AF0EE400A40EE010A2ED041E0324BF1
:10C8900021F0004293423FD911F0004FDFED2F0A03
:10C8A00020EE201ADFED2E0A19BF31EE601A71EE6C
:10C8B000200A31EE201A71EE600ABDEEE01A11EE88
:10C8C000100A9FED281A00F0030000EEC10A9FED48
:10C8D000261A009000EEC10A9FED241A00EEC10A4C
:10C8E0009FED231A00EEC10AB3E7F1EE600A10E0F3
:10C8F00020EE000A9FED1F1ADFED1F1A10F0020F45
:10C9000040EE011A9FED1D1A00EE211A40EE010AB9
:10C91000EBD1B0EE600A08BD00F02CF999E710EEFB
:10C92000100A4000B0F17F4FF3D307D14FF0010060
:10C93000F4F70FF8BDE8084000F00CB9BDE8084076
:10C9400000F005B9B61F927E0000803F336D4C3970
:10C95000DA82083CA0AA2ABE490E494683F9223F42
:10C960000000004B0000C93F00A0FD390020A233A9
:10C970001A61342CB93AB2BACA9F2A3DDDFFFFBE14
:10C9800000B510EE101A2DED028B81B0524A6846A8
:10C99000B2EB410F2ED94FF0E640B0EB410F94BF00
:10C9A00000204FF0FF3000900098B0EE408A002841
:10C9B0006ADB10F0010F4BD068EE080A9FED471AB2
:10C9C0009FED470A00EE810A9FED461A00EE801A9D
:10C9D0009FED450A10F0020F00EE810A02BF01B080
:10C9E000BDEC028B00BD00BF01B0B1EE400ABDEC52
:10C9F000028B00BD3D4B21F00042934241D911F022
:10CA0000004FDFED3B0A20EE201ADFED3A0A19BF96
:10CA100031EE601A71EE200A31EE201A71EE600AD2
:10CA2000BDEEE01A11EE100A9FED331A00F003007C
:10CA300000EEC10A9FED311A009000EEC10A9FED91
:10CA4000301A00EEC10A9FED2F1A00EEC10AABE7C3
:10CA500028EE080A9FED2C1ADFED2C0A10F0020FC9
:10CA600040EE410A9FED2A1A00EE201A61EE000AFC
:10CA7000B0EE480A08EE200AB6D101B0BDEC028B38
:10CA800000BD00F077F88FE718EE100A4000B0F113
:10CA90007F4F0DD218EE100AFFF794FE042808BF4E
:10CAA00000F060F8B0EE480A01B0BDEC028B00BDAA
:10CAB00009D10120F3F74DFF01B0BDEC028B5DF809
:10CAC00004EB00F047B801B0B0EE480ABDEC028BB1
:10CAD0005DF804EB00F03BB8B61F927EB93AB2BAEB
:10CAE000CA9F2A3DDDFFFFBE0000803F490E494638
:10CAF00083F9223F0000004B0000C93F00A0FD3930
:10CB00000020A2331A61342C336D4C39DA82083C90
:10CB1000A0AA2ABE10B52DED028BB1EEC08A18EE88
:10CB2000100A20F00040C0F1FF40C00F0AD010EE04
:10CB3000100A20F00040C0F1FF40C00F04BF0120E8
:10CB4000F3F707FFB0EE480ABDEC028B10BD30EEE4
:10CB5000000A7047DFED020A80EEA00A704700006D
:10CB6000000000009FED020A20EE000A704700005E
:10CB7000000000102DE9F0014FF07F42B2EB410FB1
:10CB80009FBF4FF0FF310160BDE8F00170474FF0EB
:10CB9000004242EA0123C1F3C752783A551112F01C
:10CBA0001F0C434CCCF120067C44C1F3C752A2F1C8
:10CBB00078024FEA621204EB820254F8254008BF63
:10CBC000D2E9015612D0556804FA0CF425FA06F79A
:10CBD0003C43976805FA0CF527FA06F8D26807FA7D
:10CBE0000CFCF24045EA08054CEA0206A4FB034CA3
:10CBF000A5FB0352A6FB03631D449D4234BF0126DF
:10CC000000261319334416B1934202D903E093422C
:10CC100001D2012200E00022624402F1200C9206BF
:10CC2000DC0C42EA443200EE102A5B03DFED210AFD
:10CC3000F8EEC01A00EE103A4FEA9C1C11F0004FBB
:10CC4000B8EE400AC0F800C020EE201A00EE105ADC
:10CC5000DFED190AB8EE400A20EE200A71EE810AD3
:10CC600070EE800A10EE902A02F500626FF30B025C
:10CC700000EE902A70EEE11A31EEC11ADFED101AC3
:10CC800030EE411A9FED0D0A20EE800A01EE210AD6
:10CC90009FED0C1A00EE810A04BFBDE8F001704759
:10CCA000CCF180510160BDE8F001B1EE400A70475F
:10CCB00048390000000000360000802C22AAFD291F
:10CCC000DB0FC92F0000C92F0C4810B5FFF7DCFCA3
:10CCD0000B48FFF7D9FC0B48FFF7CAF809480A4987
:10CCE0002030FFF70BFB07480122BDE81040084940
:10CCF00034309FED060AFEF7EBBF0000000A002467
:10CD0000900C0024200F00240C100024000010427E
:10CD1000AC100024064810B5FFF7A8F904482830E5
:10CD2000FFF7A4F90248BDE810405030FFF79EB964
:10CD3000940F002430380A2801D2012070470020C7
:10CD400070470000B5EEC00AF1EE10FADFED0D0AF3
:10CD500002D29FED0D0A06E010EE100A0B49884240
:10CD600001DDB0EE600ADFED0A1A80EE202A9FEDA9
:10CD7000091A02EE211ABCEEC10A10EE100A80B2A6
:10CD800070470000000034430000000000003443FE
:10CD90000000FA440000FA43064800219FED040A0F
:10CDA00080ED040A80ED050A80ED060AC161704736
:10CDB000000000001801002470EE601AF4EEC11AA1
:10CDC000F1EE10FA02DD30EE810A7047B1EE412A31
:10CDD000F4EEC21AF1EE10FAF7D230EEC10A704743
:10CDE00010EE100A0F49884202DD47F6FF707047C7
:10CDF00010EE100AB0F1474F01D90B487047B5EE5D
:10CE0000C00AF1EE10FAF6EE000A02DB30EE200A5C
:10CE100001E030EE600ABDEEC00A10EE100A00B26A
:10CE20007047000000FEFF460080FFFF40F6B8316B
:10CE3000884202DC4942884200DA08467047000016
:10CE40002DE9FF4F81B0A2F120005F280E9F00D393
:10CE50003F221F4900254FF0010B203AD0B200EBD2
:10CE600080000844CDF800005FF0000410F8059041
:10CE70000BFA04F010EA090F1DD0002018E0029907
:10CE8000002601EB080004FB07000FFA80FA0AE015
:10CE900001985146049A304405FB070000B202F0A5
:10CEA000A5F8761C36B2BE42F2DB08F1010000B2F2
:10CEB000B8428046E3DB641CE4B2082CD8D36D1C76
:10CEC000EDB2052D01D20098CEE705B0BDE8F08F98
:10CED000200201082DE9F0410F4F00240F4D0E46AE
:10CEE000804610E0687818F8041080B1421C39546C
:10CEF000D2B26A700B2A04D3074801F04FFB00201E
:10CF00006870641CA4B2B442ECD3BDE8F08155292A
:10CF1000F7D101203970F3E7200500240C0000242C
:10CF2000252010B5F8F7FFFA0D48FAF731FA0C484A
:10CF30001F21026811620068816941F00801816166
:10CF400000F012F804462520F8F7E0FA2520F8F75B
:10CF5000FBFAF7F7C7FF03498861204610BD0000C0
:10CF6000841400240C0000242A4940222A4810B5C9
:10CF7000FAF768F900284BD12749D1F88010002929
:10CF800046D00968254A91423AD0244A1832914243
:10CF900036D0224A3032914232D0204A4832914231
:10CFA0002ED01E4A603291422AD01C4A78329142D9
:10CFB00026D01A4A9032914222D0184AA832914281
:10CFC0001ED0174A91421BD0154A1832914217D0F1
:10CFD000134A3032914213D0114A483291420FD055
:10CFE0000F4A603291420BD00D4A7832914207D0FD
:10CFF0000B4A9032914203D0094AA832914203D1A0
:10D000000A6822F0080202E00A6822F004020A60BC
:10D0100010BD0000400500248414002410000240CC
:10D02000100402402DED048B84B000240094019480
:10D0300002940394F8F738FA01208DF80C001F21B0
:10D040008DF8081087228DF809208DF80D008DF8D5
:10D05000000068468DF80A408DF80E408DF80140BA
:10D0600001948DF80B408DF80F40F8F7EFF904208C
:10D07000F8F728FAF8F776F9FDF748F9FBF70EFA12
:10D080005F48016841F0010101600068002205214C
:10D0900000F0010000900B20F8F764FA0B20F8F77D
:10D0A00053FA002205210C20F8F75CFA0C20F8F75F
:10D0B0004BFAFBF78BF9FBF7BDF9FBF75FFAFBF7D0
:10D0C000E1FBFBF711FCFBF741FCFBF771FCFBF705
:10D0D00019FBFBF747FBFBF775FBFBF7A3FBFBF724
:10D0E00077FAFCF7CDFDFCF7DDFEFAF7D3FF04E09D
:10D0F000F5F740F80A20F7F7A7F8FAF7EBFF002852
:10D10000F6D0F5F72FF84FF4FA60F7F79DF8FAF735
:10D11000ABFFFCF7B1FB9FED3B8ADFED3B8A9FED58
:10D120003B9ADFED3B9AF0EE482AB0EE682AF0EE2B
:10D13000491AB0EE691AF0EE480AB6EE000AFCF79A
:10D1400029FCF0EE482AB0EE682AF0EE491AB0EE5B
:10D15000691AF0EE480AB6EE000AFCF723FCF0EE7E
:10D16000482A9FED2C2ADFED2C1AB0EE481AF0EE7B
:10D17000480A9FED2A0AFCF71DFCFCF7C7F94FF49B
:10D18000967407E0FCF78EFA6420F4F7E0FF20467F
:10D19000F7F75AF8FBF76EFF0028F3D0FBF7FAFD1C
:10D1A00001F086F91E4A00211E4801F0AFF91E4C1D
:10D1B00000211B4A2432A0601C4801F0A7F9184A3C
:10D1C0000021E0601A48483201F0A0F9144A002119
:10D1D000206118486C3201F099F9114A0021606110
:10D1E0001548903201F092F90D4A0021A0611348D0
:10D1F000B43201F08BF9E06101F06CF9FEE7000058
:10D20000D84402580000000000002042000020C264
:10D210000AD7A33D0000F0420000F0C29A99993F5E
:10D220004801010859A100083801002455A100084F
:10D23000E19F0008E59F000881A1000885A1000882
:10D2400000B101200149C87300F002B8A800002411
:10D2500010B5104CA07B58B9F5F7F4F8002818D099
:10D26000F5F7EAF884ED0E0A0121A173002020747D
:10D27000E07B217C88420CD094ED0E0A18B1DFEDE2
:10D28000060A30EE600AF7EE080AF5F7CFF8E07B01
:10D29000207410BDA800002400803B4401280BD05E
:10D2A000074800BFEFF3108172B6007800B101208B
:10D2B000002900D162B6704701482038F2E700002B
:10D2C0008009002410B5040005D0FCF7CDFC03490B
:10D2D0000020085510BDFCF7B1FCF8E7BD000024A4
:10D2E000002010B5FFF7EEFFBDE810400120FFF76A
:10D2F000E9BF000070B5F7F7F5FD134C05460026B1
:10D30000E069E179281A012909D002290DD0032901
:10D3100011D0042902D1B0F5967F02D270BDC82881
:10D32000FCD3F4F71FFFE67170BDC828FCD3F4F7F7
:10D3300019FF032004E06428F6D3F4F71BFF042050
:10D34000E561E07170BD0000A80000242DE9F04106
:10D3500019A18046F3F7AEFA184C4FF000064FF0D3
:10D3600001054FF0030788B115A14046F3F7A2FA73
:10D3700088B114A14046F3F79DFA88B112A1404646
:10D38000F3F798FA88B10020BDE8F0816570A770C6
:10D390006671A5710DE06570A7706571A67108E0F2
:10D3A0006770A570A671657103E06770A570A571BF
:10D3B00066710120E8E7000031310000A800002478
:10D3C00031330000333100003333000010B5094C15
:10D3D000207D00280DD1F7F785FD216C401AB0F5AE
:10D3E0007A7F06D3E078FBF7EBFE002801D101201D
:10D3F000207510BDA8000024034AD278012A01D06C
:10D40000FCF738BDFCF746BDA800002410B5044663
:10D410002DED028BB0EE408A0878082809D204EB83
:10D42000800080ED008A0878401C0870BDEC028BFB
:10D4300010BD1C222046211DF3F783F984ED078AD5
:10D44000F4E7000030B5484C2DED048BB0EE419A66
:10D45000B0EE608AF0EE408A83B0DFED440A9FEDC3
:10D46000441A9FED440AE078012840FE810A38EE14
:10D47000400A78EEE00A01D0032871D160EEA00ADC
:10D480003D4940EE000A10EE900A884268DCB0EE9A
:10D49000491AF0EE480AB0EE680A00F065FA002872
:10D4A0005ED001A96846DFED350A9FED350A69EEC9
:10D4B000200AC0EE809AFCF7E5FC324D08B30198D3
:10D4C000216A88421DD02062BDF80000DFED2E0ADF
:10D4D00000EE100AB8EE400A30EE609AB0EEC90ACB
:10D4E00010EE100AA8420CDCB0EE690AFFF7A0F9B2
:10D4F00009EE008A1C4925480931B0EE480AFFF7B9
:10D5000085FF01A96846FFF777FF002828D001981A
:10D51000616A884224D06062BDF80000DFED1C0A19
:10D5200000EE100AB8EE400A30EE600AF0EEC00AD3
:10D5300010EE900AA84213DCE078F1EE400A0128D0
:10D5400000FE808AB0EE690AFFF772F948EE008AA1
:10D5500005490E480A312030B0EE680AFFF756FF41
:10D5600003B0BDEC048B30BDA8000024008009C5C9
:10D570000080094500C0A8450042EF47DB0F494045
:10D58000000034430000C8430080AD43A0090024DC
:10D5900000608F44B4EEE00AF1EE10FA02D2B0EE71
:10D5A000600A7047B4EEC10AF1EE10FAF9DDB0EE90
:10D5B000410A70471CB5F7F795FC104C216B401AD7
:10D5C000642817D3E07A082811D201A96846FCF72D
:10D5D00059FC60B10198A16A884208D0A062E07A43
:10D5E000074BBDF80020411C23F81020E172E07ABF
:10D5F000082801D000201CBD01201CBDA80000246B
:10D60000E00900241CB5F7F76DFC1D4C216B401A96
:10D61000642830D3E07A082811D201A96846FCF7C3
:10D6200031FC60B10198A16A884208D0A062E07A1A
:10D63000144BBDF80020411C23F81020E172207B20
:10D64000082812D201A96846FFF7D6FE68B10198F2
:10D65000E16A884209D0E062207B0A4B411CBDF898
:10D660000020103323F810202173E07A082802D11B
:10D67000207B082801D000201CBD01201CBD00001B
:10D68000A8000024E00900242DE9FF410024014600
:10D69000062568461022F2F7DDFF01216A4608469A
:10D6A00032F8113003E0471E22F81060F8B228B1BA
:10D6B00002EB400636F8026C9E42F4D8491CC9B20F
:10D6C000082922F81030EAD35FF0010032F8101078
:10D6D000401CC0B207280C44F8D3B4FBF5F004B0EA
:10D6E00080B2BDE8F081000070B516000D464FF025
:10D6F00000042DED028B88B09FED308ADFED308A7B
:10D7000043D0052D41D3AA0001466846F2F7E7FF52
:10D71000012269461AE001EB8203104693ED000AEC
:10D7200004E000BF401EC3ED000AC0B240B101EBEF
:10D73000800353ED010AF4EEC00AF1EE10FAF1DCB9
:10D7400001EB8000521C80ED000AD2B2AA42E2D363
:10D7500000206D1F12E000BF01EB800292ED040A71
:10D76000D2ED000A30EE600AB4EEC80AF1EE10FA0B
:10D7700002D2B0EE408A0446401CC0B2A842EBD9A7
:10D7800018EE100A0F4A904204DD002008B0BDECEC
:10D79000028B70BD00202218401C01EB8202C0B237
:10D7A00092ED000A052870EE288AF4D3B1EE040A3F
:10D7B0000120C8EE800AC6ED000AE7E7286B6E4E2E
:10D7C0000000000000002042002010B5F4F7FCFC2F
:10D7D0009FED070AF4F76AFF064800780C2804D08A
:10D7E0000720BDE8104000F02FBA0420F9E7000040
:10D7F00000000000A800002400B52DED048B83B0CC
:10D80000B0EE419AB0EE608AF0EE408A01A8694617
:10D8100000F036F8002818481DD09DED010A174980
:10D8200070EE680AF0EEE00A10EE902A8A4209DCF7
:10D83000DDED000A70EEC80AF0EEE00A10EE902A64
:10D840008A4202DD407B02280AD3FFF7BDFF03B006
:10D85000BDEC048B00BD0521017200F0E7F8F6E78E
:10D860000220B0EE492AF0EE481AB0EE681ADDED5B
:10D87000000A00F0F3F8EAE7A800002400000C42D8
:10D8800070B50A4C06460A480A46617AFFF72CFF33
:10D8900005460748A17A32462030FFF725FF15B12B
:10D8A00008B1012070BD002070BD0000A800002458
:10D8B000A009002402490020486300F089B9000053
:10D8C000A80000242DE9F0411746884604462DEDB6
:10D8D000048BB0EE409A21EEA10AB0EE418AF0EE40
:10D8E000608A02EE020AFFF715F910EE106AF7F7E8
:10D8F000F9FA002C1A4C05460BD0B0EE481AF0EE9F
:10D90000680AB0EE490A00F02FF810B115488642B7
:10D9100008DB617A606BA27A0843104313D0FFF7EB
:10D92000C9FF10E0606B10B900F052F96563B0EE0A
:10D93000481AF0EE680AB0EE490AFFF783FD606B03
:10D94000281A962804D2BDEC048B0020BDE8F08193
:10D95000BDEC048B39464046BDE8F041FFF790BF6F
:10D96000A80000240000E1431D48C078012804D02D
:10D97000032833D131EEC00A01E030EE610A1949C3
:10D9800010EE100A884229D81749884226DC184927
:10D990009FED160A30EEC00AB0EEC00A10EE100A73
:10D9A00088421BDC14499FED130A01E031EE401A56
:10D9B00011EE100A8842F9DC104900BF11EE100A7E
:10D9C000884202D931EE001AF8E7B0EEC10A10EE33
:10D9D000100A0B49884201DC012070470020704783
:10D9E000A80000240000AFC30000204200C0A845EA
:10D9F000000096430000B44300003443000034C3E9
:10DA000000004040002010B5F4F7DEFB9FED050A52
:10DA1000F4F74CFE044C002020726073F7F762FAB2
:10DA2000206310BD00000000A800002438B50A4C97
:10DA3000002004F12801E0722073A062E0626846D1
:10DA4000FCF720FA04F12C016846FFF7D5FCF7F744
:10DA500049FA206338BD0000A800002410B5044630
:10DA60002DED088BF0EE418AF0EE609AB0EE429A0E
:10DA7000B0EE618ADFED19AA9FED19BA30EE680A9F
:10DA8000B0EE6A1AF0EE4B0AFFF784FD30EE28AADA
:10DA900039EEC80AB0EE6A1AF0EE4B0AFFF77AFDCB
:10DAA00070EE080AF0EE492AB0EE482AF0EE681A45
:10DAB0009FED0C1AB0EE4A0AF4F7AAFB9FED0A0A92
:10DAC000F4F7F4FD0120F4F77FFB0849487B401C84
:10DAD00048730C72BDEC088B10BD00000000C843F9
:10DAE0000000C8C30000000000007A44A800002421
:10DAF00010B504462DED088BF0EE608AB0EE418A39
:10DB0000B0EE409AF0EE42BADFED2A0A9FED2A0A03
:10DB1000DFED2A9A68EE200A9FED29AAB0EE691A75
:10DB200080EE80BAF0EE4A0AB0EE610AFFF732FDED
:10DB3000F0EE40AAB0EE691AF0EE4A0AB0EE6B0AB7
:10DB4000FFF728FDF0EE409AB0EE4B0AFEF770FEAC
:10DB500020EE29AAB0EE4B0AFEF712FF0AEE80AAC9
:10DB6000B0EE4B0AFEF764FE60EE2AAAB0EE4B0A56
:10DB7000FEF706FF49EEC0AA39EE0A0AF0EE482A7F
:10DB8000B0EE682AF0EE491A9FED0E1A78EEAA0A56
:10DB9000F4F73EFB9FED0C0AF4F788FD0120F4F743
:10DBA00013FB0A49487B401C48730C72BDEC088B80
:10DBB00010BD0000DB0F4940000034430000C843A3
:10DBC0000000C8C30000000000007A44A800002440
:10DBD0000848002108B5417281720162416200F17A
:10DBE00020016846FCF74EF9024968462431FFF7E8
:10DBF00003FC08BDA800002410B5F4F7BBFAF7F742
:10DC000071F904490222C861CA71BDE81040FFF7EA
:10DC1000DBBD0000A800002410B50446FBF764FA41
:10DC2000032806D0042806D10B20BDE8104000F0E0
:10DC30000BB82046F9E710BD012803D05FF00600BD
:10DC400000F002B80320FBE770B5414C0546207098
:10DC5000F7F748F90126A061112D63D2DFE805F03E
:10DC6000620940184668224668366C6C2D2D0910F2
:10DC700014000020FFF7E4FAFBF724FA02202BE05F
:10DC80000020FFF7DDFA09E00020FFF7D9FA10E0E5
:10DC90000020E670FFF7D4FAFFF70CFEFBF712FA4C
:10DCA000032019E00320E0700020FFF7C9FAFFF716
:10DCB00001FEFBF707FA04200EE0FBF703FA012050
:10DCC000FFF7BEFABDE87040FFF79CBE0020FFF7EB
:10DCD000B7FAFBF7F7F90120BDE87040FBF756BA39
:10DCE000FBF7F0F9BDE87040FBF7CAB9FBF7EAF9BA
:10DCF000FBF7C6F9E078012815D0A579ADB1FBF79F
:10DD0000B9FF00BFF7F7EEF81149443141F825009B
:10DD1000A1F12F004655FBF7C7F9F7F7E3F82064A8
:10DD20000021217570BD6579E8E7FBF78DFFE9E714
:10DD3000BDE87040FBF7C6B90020FFF781FAFBF79A
:10DD4000C1F9FBF7B1F9BDE87040FFF7C9BA0000AF
:10DD5000A800002411484FF4807110B5F7F7B2F80D
:10DD600050B10024F7F7BEF80D498A7C944208D0E0
:10DD70008C74C86314B105E00124F3E70120C87472
:10DD80000AE04CB1CA7C3AB1CA6B801A322803D37C
:10DD90000020C874012010BD002010BD001C0258D6
:10DDA000A80000242DE9F04F14001E468BB00D464C
:10DDB000814635D0A6B36846FBF78CFB80B39DF84F
:10DDC0000210EA464FF0000B494503D19DF80300CD
:10DDD000A84201D002251CE001280AF105010A91A0
:10DDE00002D0022805D013E0304F00254FF0040880
:10DDF00004E02E4F4FF00608103700250A9857F818
:10DE00002510F2F757FD78B16D1CEDB24545F5D3FD
:10DE10000325BDF800002946FBF7EAF9012D05D0DE
:10DE200000200BB0BDE8F08F0125F2E7721E2046FE
:10DE30000AF10501F2F713FDA0195D46210000F873
:10DE400001BC21D0EFF3108672B61F221848F2F7FA
:10DE500006FD1748C57706B962B62146B9F1020F2B
:10DE600003D0B9F1030F03D00EE0114C203401E0D0
:10DE70000F4C4034EFF3108672B61F222046F2F7A3
:10DE8000EEFCE57706B962B60A4CE07902280AD0C2
:10DE9000032808D0042806D0F4F76CF9F7F722F825
:10DEA000E0610121E1710120BBE7000020010108D0
:10DEB00040090024A8000024F0B505464FF6FF7085
:10DEC000002241F22106044611E0AF5C002380EA03
:10DED0000720070403D586EA400080B201E004EA87
:10DEE00040005B1CDBB2082BF3D3521CD2B28A4237
:10DEF000EBD3F0BD70B51B4C01221B4BE17931B166
:10DF000001294FF0000507D0382910D211E0AA28C6
:10DF100001D11870E27170BDCC2802D0AA2804D0BB
:10DF200005E058700221E17170BD187070BDE57197
:10DF300070BD4A1C5854D2B2E271062A07D19878B3
:10DF40000128F4D158793028F1D808302072207A8D
:10DF50000028EDD08242EBD300F008F8E57125727D
:10DF600070BD000028000024900500242DE9F04732
:10DF7000B34EB41D7579F7787019C08890FA90F88F
:10DF8000281DC1B2B01CFFF797FFB178012951D10C
:10DF900080454FD1DFF8AC8201224FF0000A98F89B
:10DFA0001400A8B1317998F81300081A40B200287B
:10DFB0000EDCF178504640293CD1A8F82400A8F89E
:10DFC0002600A8F82800A8F82A0088F81500FFE025
:10DFD0003179914688F8131088F81420F6F782FFFB
:10DFE000C8F8440088F80290202F954800F13800C6
:10DFF00022D0212F41D0222F79D0232F73D0122F5E
:10E0000072D0402F71D0412F70D0422F12D1032DEA
:10E0100010D1208898F8102041BAA078032A09D19D
:10E02000B8F82220914205D1012801D0022801D15F
:10E0300088F81000BDE8F087062DFBD16179E9B3BF
:10E0400010293BD898F8092082F0010388F80B309A
:10E05000228803EBC30505EB031352BA20F83320E3
:10E06000628800EBC30052BA42802279027141718A
:10E07000C8F840A088F80C90DCE70F2DDAD198F8AA
:10E080000C100029D6D098F80B202188A57802EB37
:10E09000C20303EB021249BA00EBC2063088884281
:10E0A000C8D17079A842C5D9E01C00F019FF05EB72
:10E0B000450106EB8106B060E01D00E04EE000F097
:10E0C0000FFFF060B4F80B0040BA3082B4F80D00D6
:10E0D00041BA7182D8F8401009FA05F00843C8F82F
:10E0E0004000A7E703E03CE040E052E073E0032D8E
:10E0F000A0D198F80C1000299CD098F80B504946F4
:10E100002288A37805EBC50606EB051654BA00EB8A
:10E11000C60009FA03F2521E0688A6421ED14479AF
:10E120009C421BD1D8F84030934217D14288B8F8AE
:10E1300020309A4212D1007998F80E2090420DD1E9
:10E1400088F80950B8F81E00401CA8F81E00B8F85E
:10E150001E0008B9A8F81E1088F80A1088F80CA04C
:10E1600068E788F80CA088F80AA063E7042DB8D106
:10E170002088B8F82030A27841BAE0789942B0D12E
:10E1800098F80E108A42ACD10428AAD888F8110059
:10E1900050E7082DA5D1E08898F8151040BA29B1AC
:10E1A000B8F82A10411A09B200299ADD228852BA19
:10E1B000A8F82420628852BAA8F82620A28852BA69
:10E1C000A8F82820A8F82A0088F81590F6F78AFE03
:10E1D000C8F860002EE7062DC2D32679002EBFD0E6
:10E1E000202EBDD2701DC0B2A842B9D1A07800289F
:10E1F000B6D00328B4D8E0780028B1D00228AFD830
:10E20000002006E02118497920395F29A8D2401C56
:10E21000C0B2B042F6D30C4D611D2088324640BAE0
:10E220002880A078A870E078E870681D2E71F2F759
:10E2300011FAAA1982F805A088F81290FAE60000EF
:10E240009005002428000024580700242DE9F05FE1
:10E25000302A15468946864602D90120BDE8F09F3E
:10E2600005F1080000F0FF0AEFF3108672B62848A7
:10E27000017E082907D3416E01F10101416606B90B
:10E2800062B60220EAE72349AA23C77D83464FF0FE
:10E29000CC0C4FF00108C7EBC70201EBC20401F838
:10E2A000323084F801C084F8028084F803E0417BB6
:10E2B000217101F10102427365713DB1B9F1000FA5
:10E2C00004D0A01D2A464946F2F7C4F9281DC1B260
:10E2D000A01CFFF7F1FD6219010A9171D0710C4A7F
:10E2E000783202F807A09BF8170000F1010000F057
:10E2F00007008BF817009BF8180000F101008BF85D
:10E30000180006B962B600F007F80020A6E7000082
:10E31000280000247E07002410B5EFF3108072B6A9
:10E32000134C617E51B9217E41B101210028A07DAD
:10E3300004F17802125C617602D002E0B0B110BD47
:10E3400062B60C49C0EBC00001EBC0010A48F9F706
:10E3500021FE0028F3D0EFF3108072B60021617621
:10E360000028606E00F101006066E8D162B610BD61
:10E37000280000247E070024F013002470B5054611
:10E38000F6F7B0FD164C0026617921B1E16B411A18
:10E39000322900D966710121114AE063607968323F
:10E3A00050B101280ED0411C1554C9B26171082921
:10E3B00007D300F017F809E0AA2D02D121701570DB
:10E3C000617170BDBB2D03D0AA2D05D0667170BDE3
:10E3D00055700220607170BD2170157070BD000015
:10E3E00028000024194B002070B5A3F10801421C3D
:10E3F0000C5C1C54D0B20828F9D3144C0878703C3B
:10E40000AA2802D14878BB2801D0012010E0C879A1
:10E41000552801D002200BE08A78CB780D794E790F
:10E420001A448879AB191A44D2B2824202D003202E
:10E43000207070BD4888898840BA608349BAA1833A
:10E44000F6F750FDFF21A063217070BD98000024F5
:10E4500010B5EFF3058111B16FF0050404E04FF042
:10E46000000408B100F07EFF204610BD38B5054617
:10E47000EFF3058010B16FF005040CE0002401F00B
:10E4800037FC291A0090002903DD684600F090FF50
:10E4900001E06FF00304204638BDEFF3058008B1BA
:10E4A00001F02CBC01F024BC4FF47A7070470000DE
:10E4B000EFF3058010B16FF005007047044908685C
:10E4C00010B14FF0FF30704701220A600020704702
:10E4D000C801002410B5EFF3058010B16FF00500FE
:10E4E00010BD08480168012902D04FF0FF3010BD6F
:10E4F000054A002182F8141D0221016000F0E0FFAE
:10E50000002010BDC80100240BE000E02DE9FF4110
:10E510004FEA01034FF00005EFF30581039561BB5E
:10E5200058B34FF080064FF018014FF000044AB383
:10E53000176807B13C4697691FB139467F1E382FCF
:10E5400002D21779FF0703D0002004B0BDE8F081A4
:10E55000576907B1BE08D2F808C0BCF1000F0DD052
:10E56000D5685C2D18D312693AB137B18DE8061021
:10E570003246214601F083FB03900DE0D7685FB976
:10E5800012694AB903AACDE90012B2B2214601F0DC
:10E5900049FB012800D003950398D6E770B50178B0
:10E5A000552932D100221146435C491CC9B21A4494
:10E5B0000A29D2B2F8D3817A914226D14178012535
:10E5C0001B4C9FED1A0A522920D053291DD1B0F9B6
:10E5D00006109FED181A00EE901AF8EEE00A20EEF1
:10E5E000800A20EE010A84ED030A94ED030A84ED0B
:10E5F000010A94ED030AB1EE400A84ED020A008993
:10E600006080F6F76FFC6061257070BDB0F90600A0
:10E610009FED091A00EE900AF8EEE00A20EE800A5B
:10E6200020EE010A84ED040AEEE700000000003845
:10E630000C000024000034430000FA442DE9F041AE
:10E64000134C0F460546E6682068001D00F054FD97
:10E65000681C07D137B12168BDE8F0410D48091D9C
:10E6600000F09CBD20683544B5424560216805D264
:10E67000A06B091DBDE8F04100F078BD606B091D7D
:10E6800000F074FDA06A854200D2A562BDE8F08169
:10E6900078010024842100242DE9F041054600F092
:10E6A00089FD2D4C2D4FA068401CA060206810B142
:10E6B000606930B32BE02560A068012827D10026CF
:10E6C00006EB860007EB800000F042FD761C382E3A
:10E6D000F6D3234800F03CFD2148143000F038FD0B
:10E6E0001F48283000F034FD1D483C3000F030FD5C
:10E6F0001B48503000F02CFD194860631430A063B3
:10E7000005E0E86A2168C96A814200D82560606A2C
:10E71000401C60626864E86A2169884200D920610F
:10E7200000EB8000291D07EB800000F037FD00F0B2
:10E7300061FD606900280CD02068E96AC06A8842DF
:10E7400007D208494FF080500860BFF34F8FBFF3E6
:10E750006F8FBDE8F081000078010024D41C0024F4
:10E760003421002404ED00E038B500F023FD104C06
:10E770002068C8B90F4800F0EBFC0E48143000F0D8
:10E78000E7FC0C490020E16014312161A1F582739E
:10E790000090A1F1B40210210A2000F0DBFF2060FC
:10E7A00010B105A100F0A8FDBDE8384000F022BD81
:10E7B000B401002488220024546D7251000000002E
:10E7C00030B4026C0B46002A0BD0D0E90241114450
:10E7D000C160A14201D30168C160184630BCF1F7A5
:10E7E00039BF30BC70472DE9F041856B1746026C8C
:10E7F0000446002682B1C7B1E068F1F72BFFE1685B
:10E80000206C2268091AE160914202D2A168081ABC
:10E81000E060022F16D017E02068A8B9A06801F0C8
:10E82000D9FA06460020A0600EE06068F1F712FFFA
:10E83000D4E90101226C10446060884204D320684E
:10E84000606001E005B16D1E6D1CA5633046BDE83A
:10E85000F08110B5044690F8590058B101280CD049
:10E8600002280FD0502080F31188BFF34F8FBFF3E1
:10E870006F8FFEE7206B00F0D1FC2046BDE8104012
:10E8800000F0CCBC10BD000011484FF4803110B531
:10E89000420706D00E49C01D20F00700411AC1F5FD
:10E8A00080310C4C002301440839A4F1180221F0F6
:10E8B0000701C4E900030C1A11604B600B60C0E94A
:10E8C000001494604FF000415460516110BD00008D
:10E8D00068290024E4010024144E4FF08058144CA1
:10E8E000DFF85090A6F29C4712E000BF00F062FCF7
:10E8F000F068C568281D00F0FFFBA068401EA060FE
:10E900006068401E606000F075FC2846FFF7A1FFBC
:10E9100060680028EAD138680128F9D9C9F8008070
:10E92000BFF34F8FBFF36F8FF2E700007021002419
:10E930007801002404ED00E070B51D46049C51B13F
:10E94000C4F80020C4E90F010121204600F036FF81
:10E9500084F84C5070BD2460F4E72DE9F05F8846E0
:10E960009A4691001546DDE90B940A9EA52283463E
:10E97000206BF1F723FF206B6FF0030101EB8501A2
:10E98000084420F00707780707D0502080F311884B
:10E99000BFF34F8FBFF36F8FFEE7B8F1000F4FF05B
:10E9A00000050ED00020221818F8001082F834104C
:10E9B00018F8001011B1401C1028F4D384F843500B
:10E9C00001E084F83450382E00D33726E662201D4B
:10E9D000C4E9136500F0C7FB04F1180000F0C3FBA5
:10E9E0006565C6F13800A06184F85850524624612C
:10E9F00059463846646200F05BFAB9F1000F2060B6
:10EA000001D0C9F80040BDE8F09F000030B51149C1
:10EA100000E011460A688242FBD34B685C188442CE
:10EA200003D14468084623444B6043681D1895424F
:10EA300009D1084C183C2468A24209D052681A44F3
:10EA400042600A6812680260814200D0086030BDEE
:10EA50000460F9E7E401002470B50D4D9142416076
:10EA60004FF00004006106D88169D21A8A4206D2AA
:10EA7000011D286907E09A4203D2994201D301247B
:10EA800003E0011DE86800F071FB204670BD000046
:10EA9000B401002410B5044600F08CFBA06B28B133
:10EAA0005FF0000400F0A6FB204610BD0124F9E74A
:10EAB00030B53C4D89B06BE00498002806DA059A21
:10EAC000DDE9060190470498002861DB069C606937
:10EAD00010B1201D00F010FB03A800F0D5F802468D
:10EAE00004980A2854D2DFE800F00505052D3047C8
:10EAF00005052D3094F8280040F0010084F8280026
:10EB0000A06905990B4601442046FFF7A5FF50B3C5
:10EB1000216A2046884794F82800400738D500200D
:10EB2000009005980023A16942181946204601F07B
:10EB300059FAC0B9502080F31188BFF34F8FBFF34B
:10EB40006F8FFEE794F828001EE094F8280040F04C
:10EB5000010084F828000598A06128B181181346A7
:10EB60002046FFF779FF13E0502080F31188BFF3B0
:10EB70004F8FBFF36F8FFEE794F82800810703D40F
:10EB8000204600F04BFB03E020F0010084F8280051
:10EB90002868002204A900F06BFF00288CD109B07E
:10EBA00030BD0000B40100242DE9FC410F460546AC
:10EBB00000F0CAFC01A800F067F80446019818B1FB
:10EBC00001F07EF9BDE8FC81254EAFB130690068E7
:10EBD000D0B300273068291B3A4600F0A1FB01F0B2
:10EBE0006FF90028EED11F494FF080500860BFF345
:10EBF0004F8FBFF36F8FE5E7A542EBD801F060F9C7
:10EC0000F0682746C068C468201D00F075FA94F8C3
:10EC10002800410719D5A0692B463A4641192046DC
:10EC2000FFF71AFFA8B100202A46034601460090CC
:10EC3000204601F0D7F960B9502080F31188BFF366
:10EC40004F8FBFF36F8FFEE707E020F0010084F8DD
:10EC50002800216A20468847B4E70127BAE7000068
:10EC6000B401002404ED00E00648416B096829B1B5
:10EC7000416BC968C9684968816270474FF0FF31CC
:10EC8000FAE700007801002470B5054601F030F87D
:10EC9000064E0446B068844203D200F009F8012011
:10ECA00000E0002028602046B46070BDB40100245C
:10ECB000F8B5194D20E0C068C4680668201D00F052
:10ECC0001BFA216A2046884794F82800400713D58C
:10ECD000A0693044B04206D92461211D6060E86813
:10ECE00000F044FA08E00020324603460146009056
:10ECF000204601F077F938B1E86801680029DAD1D7
:10ED00002969C5E90310F8BD502080F31188BFF3CD
:10ED10004F8FBFF36F8FFEE7B401002408484068AF
:10ED2000401C4FF0500080F3118804D0BFF34F8F88
:10ED3000BFF36F8FFEE7BFF34F8FBFF36F8FFEE719
:10ED4000EC010024074CE068016841B1C068002173
:10ED5000D0F80000FFF728FFFFF7AAFEF3E7012134
:10ED60000020F7E7B40100242DE9F041044600F04B
:10ED700021FA94F9455004F1240609E0606A48B18B
:10ED8000304601F065F808B100F060FB6D1E6DB211
:10ED9000002DF3DC4FF0FF3684F8456000F02AFACE
:10EDA00000F008FA94F9445004F1100709E02069D2
:10EDB00048B1384601F04CF808B100F047FB6D1E31
:10EDC0006DB2002DF3DC84F84460BDE8F04100F042
:10EDD00011BA00002DE9F0410027044600F0B4FB11
:10EDE000324E306808B9FFF74FFD706904424ED1CA
:10EDF000C4B3083460070ED004F00700C0F1080067
:10EE00000444600707D0502080F31188BFF34F8F70
:10EE1000BFF36F8FFEE72CB37068844237D8234866
:10EE2000183001460D6801E028460D466968A14288
:10EE300002D229680029F7D131688D4227D00768AE
:10EE40002968016008376868011B10290FD9281943
:10EE5000420708D0502080F31188BFF34F8FBFF3D3
:10EE60006F8FFEE713E041606C60FFF7CFFD6968CC
:10EE70007068401A7060B268904200D2B0600020A2
:10EE800072691143C5E90001F068401CF06001F0AF
:10EE900017F8780707D0502080F31188BFF34F8F01
:10EEA000BFF36F8FFEE73846BDE8F081CC01002448
:10EEB00070B5041F094E231F4FF0807521F001012A
:10EEC00025601C1F1960A0F120010B1F266044382B
:10EED0000A606FF002051D6070BD00001DED0008A6
:10EEE0000168C27808BA20F0FF00104370470000A4
:10EEF0000B4A126848B1042809D0082809D00C2808
:10EF000009D0102809D0D1657047516370479163CB
:10EF10007047D16370471164704791657047000076
:10EF2000C404002470B51248782164230322F6F744
:10EF300095F808B1002070BD0E4D0024285D00F04A
:10EF400055FB0028F7D0641CE4B2192CF6D3012439
:10EF500000F014F80021084600F0BAF8012000F093
:10EF6000C3F80548448000F011F8012070BD00008E
:10EF70004C110024FB0301085C01002402484FF4FB
:10EF80008061F1F723BC00009118002438B50024FB
:10EF900004F1B000C0B200F029FB002820D000200E
:10EFA00000F024FB00281BD0102000F01FFB0028DD
:10EFB00016D00C484023802200F1810101EBC411DE
:10EFC00000F8013BF1F746FB64200090054A7821E8
:10EFD00005488123F6F7D6F8641CE4B2082CD7D391
:10EFE00038BD0000101800244C110024002810B572
:10EFF0001EDB00291CDB80281ADA402918DACB171F
:10F0000001F0070401EB5373DB08012100EBC3108F
:10F0100083B2084801FA04F1C9B232B1012AC25CD4
:10F0200001D04A4003E00A4301E0C25C8A43C25473
:10F0300010BD000091180024F8B51A4C05460026B2
:10F04000207800EB40004006070E1EE00A2A22D07E
:10F050002078B4F9041000EB80031944802904DD02
:10F06000A680E18801EBC001E180B4F9061001EB54
:10F07000C003402B0EDC00906388B4F90400FDF758
:10F08000DFFEA0883844A0806D1C002D02D02A78B5
:10F09000002ADBD1F8BD2178E08800EBC100E080D8
:10F0A000A680F1E75C0100240FB4402110B590B0B8
:10F0B00013AB6846129AF1F7B3FA041E02DD6846F4
:10F0C000FFF7BAFF10B0204610BC5DF814FB00003B
:10F0D000014A9080D18070475C010024014948803A
:10F0E000704700005C01002400B90120014908704C
:10F0F000704700005C010024D0E9013201699A6088
:10F10000D0E901235A604A68824201D182684A608C
:10F11000002202610868401E08600868704700000D
:10F1200010B5044C8023046004F15C000860136097
:10F1300010BD0000B022002410B5044C4FF48073C1
:10F14000046004F15C000860136010BD0C2500240D
:10F150004FF0FF3300F108010022C0E90113026003
:10F16000C1600161704700210161704730B50B68D3
:10F170005A1C02D000F1080202E0026904E02246B3
:10F18000546825689D42FAD953684B6099608A603B
:10F19000516008610168491C016030BD42684A60E5
:10F1A00093688B6093685960916008610168491C9D
:10F1B00001607047502080F31188BFF34F8FBFF379
:10F1C0006F8F0A494868401C486001280CD10848E4
:10F1D000006810F0FF0F07D0502080F31188BFF3B4
:10F1E0004F8FBFF36F8FFEE770470000EC010024E4
:10F1F00004ED00E00849486828B1401E486001D18C
:10F2000080F311887047502080F31188BFF34F8F2F
:10F21000BFF36F8FFEE70000EC01002470B50028FB
:10F220002AD0164DA0F1080461686869014207D12F
:10F23000502080F31188BFF34F8FBFF36F8FFEE72D
:10F2400022683AB1502080F31188BFF34F8FBFF38B
:10F250006F8FFEE78143616000F076F9606869684E
:10F26000084468602046FFF7D1FB2869401C2861EC
:10F27000BDE8704000F024BE70BD0000CC01002449
:10F280004FF0E020002101614FF47A728161072381
:10F2900003490968B1FBF2F1491E416103617047FE
:10F2A0007001002410B5F1F71BF9114910280ED395
:10F2B00000F1E0200A7890F8F003904207D2502045
:10F2C00080F31188BFF34F8FBFF36F8FFEE70948BC
:10F2D0008968006800F4E060884207D9502080F314
:10F2E0001188BFF34F8FBFF36F8FFEE710BD000093
:10F2F000EC0100240CED00E0084B5FF0000210B5BB
:10F3000053F832401CB1521C082AF9D310BD03EB4C
:10F31000C20443F83210606010BD0000941C002449
:10F3200070B515460E460446FFF744FF94F94410A5
:10F330000020491C01D184F8440094F94510491C6F
:10F3400001D184F84500FFF755FFA06B28B904F1FF
:10F3500024002A46314600F097F82046BDE8704068
:10F36000FFF702BD020010B514D00F48006B38B192
:10F37000502080F31188BFF34F8FBFF36F8FFEE7EC
:10F3800000F0E2F800211046FFF758F900F098FD70
:10F39000002807D105494FF080500860BFF34F8F18
:10F3A000BFF36F8F10BD00007801002404ED00E072
:10F3B00070B504000D460BD095B11E4A106BB8B164
:10F3C000502080F31188BFF34F8FBFF36F8FFEE79C
:10F3D000502080F31188BFF34F8FBFF36F8FFEE78C
:10F3E000502080F31188BFF34F8FBFF36F8FFEE77C
:10F3F00000F0AAF82368D2685919934204D98B42C5
:10F400000AD9914202D807E08B42FAD9881A2160C2
:10F410000021FFF713F900E0216000F051FD002802
:10F4200007D105494FF080500860BFF34F8FBFF3FD
:10F430006F8F70BD7801002404ED00E002490A6A74
:10F440000260C968416070477801002401490120C9
:10F45000C86170477801002410B50C4650B10949C5
:10F4600009681831FFF782FE2046BDE810400121EF
:10F47000FFF7E4B8502080F31188BFF34F8FBFF33C
:10F480006F8FFEE77801002470B514460D4668B111
:10F490000A4909681831FFF781FE0CB14FF0FF35BA
:10F4A00021462846BDE87040FFF7C8B8502080F3D9
:10F4B0001188BFF34F8FBFF36F8FFEE778010024F1
:10F4C00030B587B0002405AA04A9039403A80494C6
:10F4D000FFF726FEDDE9030100940023CDE90110CA
:10F4E000174815A1059A00F0CAFB164D0028E862DE
:10F4F0001FD000F047FD012809D0401C19D1502031
:10F5000080F31188BFF34F8FBFF36F8FFEE750205A
:10F5100080F31188BFF34F8FBFF36F8F01214FF03E
:10F52000FF30A8626961EC6007B0BDE8304000F0D0
:10F5300081B807B030BD000049444C4500000000D0
:10F54000D9E80008780100240248016B491C0163D6
:10F550007047000078010024164810B5016B11B106
:10F560000121C16110BD0021C161134A016901E09F
:10F57000B9B1491E01EB810352F82330002BF7D0BB
:10F5800001EB810302EB830202F1080453685B681C
:10F590005360A34201D15B685360DA680260016185
:10F5A00010BD502080F31188BFF34F8FBFF36F8FD2
:10F5B000FEE7000078010024D41C00241CB5FF22C3
:10F5C000AA238DF800200C0A8DF8013032238DF823
:10F5D0000200052204488DF8031069468DF80440A6
:10F5E000F8F77FFC1CBD0000841400241CB500212A
:10F5F0000223019178218DF805006420009001AA72
:10F600000348F5F7BFFD08B100201CBD01201CBD5B
:10F610004C11002489B200F009B810B50A0E02702E
:10F620000B0C43700C0A8470C17010BD0A0A027082
:10F630004170704737481CB5374902688A4207D184
:10F64000502080F31188BFF34F8FBFF36F8FFEE719
:10F6500031490068491E884207D1502080F3118843
:10F66000BFF34F8FBFF36F8FFEE72C49FF200A785F
:10F670000192087008788DF800009DF800209DF830
:10F68000000002F0F002824207D0502080F311887F
:10F69000BFF34F8FBFF36F8FFEE79DF80020072069
:10F6A0001F4C02F050022270A06005E09DF800207F
:10F6B00052008DF80020401E9DF800201206F5D45F
:10F6C0000328A06007D0502080F31188BFF34F8F2C
:10F6D000BFF36F8FFEE74FF44070A0600198087091
:10F6E0000C482030016841F470010160016841F06C
:10F6F00070410160FFF7C4FD00206060F0F7B8FEC4
:10F700000848016841F040410160F0F79DFE00208B
:10F710001CBD000000ED00E071C20F4100E400E0FC
:10F72000EC01002434EF00E0502010B580F3118884
:10F73000BFF34F8FBFF36F8F00F0E8FA18B10449A1
:10F740004FF080500860002080F3118810BD000049
:10F7500004ED00E0F8B5069D18B153B1CAB181B10E
:10F7600020E0502080F31188BFF34F8FBFF36F8FDD
:10F77000FEE7502080F31188BFF34F8FBFF36F8FE8
:10F78000FEE7502080F31188BFF34F8FBFF36F8FD8
:10F79000FEE739B1502080F31188BFF34F8FBFF3DC
:10F7A0006F8FFEE750241C46012683F846600093C5
:10F7B0002B46FFF7C1F82046F8BD00002DE9F047C1
:10F7C00004008A4629D0FFF7F5FC21680025D4E91A
:10F7D0000F23D4F840C004F1100810460E46401E16
:10F7E0004FF0FF3902FB031200FB0C10BAF1000FBF
:10F7F000A563666084F8449084F84590C4E90220CB
:10F8000013D04046FFF7A4FC04F12400FFF7A0FC4E
:10F81000FFF7F0FC0120BDE8F087502080F311884D
:10F82000BFF34F8FBFF36F8FFEE720690028EFD043
:10F83000404600F00DFB0028EAD004494FF080500C
:10F840000860BFF34F8FBFF36F8FE1E704ED00E077
:10F850002DE9FF4704001D4682B08A464FF000089C
:10F8600003D0BAF1000F08D011E0502080F31188C6
:10F87000BFF34F8FBFF36F8FFEE7206C38B150207E
:10F8800080F31188BFF34F8FBFF36F8FFEE7022D18
:10F890000AD1E06B012807D0502080F31188BFF314
:10F8A0004F8FBFF36F8FFEE700F014FA3F4F4FF01A
:10F8B00080564FF0000948B9049838B1502080F3C1
:10F8C0001188BFF34F8FBFF36F8FFEE7FFF772FC16
:10F8D000A06BE16B884207D3022D05D00498D0B10C
:10F8E000B8F1000F1AD01EE02A4651462046FEF716
:10F8F0007AFF616A19B104F1240000F0A9FA20B17D
:10F900003E60BFF34F8FBFF36F8FFFF773FC012093
:10F9100006B0BDE8F087FFF76DFC22E06846FFF710
:10F920008DFD4FF00108FFF765FCFFF70DFEFFF7B7
:10F9300041FC94F94400401C01D184F8449094F9AE
:10F940004500401C01D184F84590FFF753FC04A901
:10F95000684600F02BF930B12046FFF705FA00F0B9
:10F96000AFFA0020D4E7FFF725FCA06BE16B8842DB
:10F9700013D1FFF73FFC049904F11000FFF76CFD71
:10F980002046FFF7F1F900F09BFA00289ED13E6077
:10F99000BFF34F8FBFF36F8F98E7FFF72BFC204625
:10F9A000FFF7E2F900F08CFA90E7000004ED00E0C8
:10F9B0002DE9F04704001F469046894603D0B9F16F
:10F9C000000F08D011E0502080F31188BFF34F8F53
:10F9D000BFF36F8FFEE7206C38B1502080F31188A1
:10F9E000BFF34F8FBFF36F8FFEE7022F0AD1E06B9B
:10F9F000012807D0502080F31188BFF34F8FBFF349
:10FA00006F8FFEE7FFF74EFC5020EFF3118680F377
:10FA10001188BFF34F8FBFF36F8FA06BE16B8842EC
:10FA200006D3022F04D0002086F31188BDE8F087AA
:10FA300094F94550A06B3A4649462046FEF7D3FE5E
:10FA4000681C04D06D1C84F845500120ECE7606A06
:10FA50000028FAD004F1240000F0FAF90028F4D0CC
:10FA6000B8F1000FF1D00121C8F80010EDE7000057
:10FA70002DE9F74704008A4683B04FF0000603D013
:10FA8000BAF1000F08D011E0502080F31188BFF3C5
:10FA90004F8FBFF36F8FFEE7206C38B1502080F39B
:10FAA0001188BFF34F8FBFF36F8FFEE700F012F99D
:10FAB000DFF8F4804FF080574FF0000948B90598FF
:10FAC00038B1502080F31188BFF34F8FBFF36F8F91
:10FAD000FEE7FFF76FFBA56BC5B151462046FEF769
:10FAE0006FFE6D1EA563206950B104F1100000F097
:10FAF000AFF928B1C8F80070BFF34F8FBFF36F8F15
:10FB0000FFF778FB012006B0BDE8F087059808B143
:10FB10001EB106E0FFF76EFB27E06846FFF78EFC9C
:10FB20000126FFF767FBFFF70FFDFFF743FB94F993
:10FB30004400401C01D184F8449094F94500401CD5
:10FB400001D184F84590FFF755FB05A9684600F000
:10FB50002DF8002820460AD0FFF706F900F0B0F98A
:10FB60002046FEF797FF0028B3D00020CBE7FEF732
:10FB700091FF90B1059904F12400FFF76DFC204638
:10FB8000FFF7F2F800F09CF90028A2D1C8F8007045
:10FB9000BFF34F8FBFF36F8F9BE72046FFF7E4F86B
:10FBA00000F08EF995E7000004ED00E02DE9F0414A
:10FBB00005000C4612D0CCB1FFF7FCFA184E2068B5
:10FBC000F268471C6B68A2EB030117D02F68366AF6
:10FBD000B74215D0934213D801251CE0502080F382
:10FBE0001188BFF34F8FBFF36F8FFEE7502080F374
:10FBF0001188BFF34F8FBFF36F8FFEE700250AE038
:10FC0000884205D9401A20602846FFF717FCF5E71F
:10FC1000002020600125FFF7EDFA2846BDE8F081BD
:10FC2000780100242DE9FF5F994616468A468346EF
:10FC30009000DDE90E87FFF7CDF805001CD05C20B1
:10FC4000FFF7C8F8040014D00020256384F8590099
:10FC50004B46CDE90087CDE9024032465146584631
:10FC6000FEF77BFE2046FEF717FD012004B0BDE83D
:10FC7000F09F2846FFF7D2FA4FF0FF30F6E7F0B5D5
:10FC800085B0DDE90B740A9DA7B1DCB15C26276362
:10FC9000022684F85960002703970DF1100C009597
:10FCA000CDE901C4FEF759FE2046FEF7F5FC0498A5
:10FCB00005B0F0BD502080F31188BFF34F8FBFF324
:10FCC0006F8FFEE7502080F31188BFF34F8FBFF393
:10FCD0006F8FFEE70548416919B1006B18B100202C
:10FCE000704701207047022070470000780100240F
:10FCF0000148C068704700007801002410B5FFF784
:10FD0000D1FA0148C06810BD780100242DE9F04106
:10FD10002E4C206B002728B1A069401CA0613846FA
:10FD2000BDE8F081E668761CE66013D1606B006880
:10FD300038B1502080F31188BFF34F8FBFF36F8F1E
:10FD4000FEE7606BA16B6163A063206A401C2062C8
:10FD5000FEF78AFFDFF87880A06A864209D3606BDD
:10FD60000068A0B1606BC068C5686868864211D23F
:10FD7000A0622068C06A00EB800158F821000128C9
:10FD800000D90127E0690028C9D00127C7E74FF053
:10FD9000FF30EDE7281DFFF7AFF9A86A18B105F1AC
:10FDA0001800FFF7A9F9E86A2169884200D92061A3
:10FDB00000EB800108EB8100291DFFF7EFF92068B7
:10FDC000E96AC06A8142CAD30127C8E778010024E2
:10FDD000D41C002470B504464FF0000190B31A4DB6
:10FDE0002868844207D0502080F31188BFF34F8FDA
:10FDF000BFF36F8FFEE7206D38B1E36C401EE26AFF
:10FE000020659A421ED040B11CE0502080F311883A
:10FE1000BFF34F8FBFF36F8FFEE7201DFFF76CF925
:10FE2000E06CC0F13801A161E0622969884200D923
:10FE3000286100EB8000054901EB8000211DFFF7E0
:10FE4000ADF90121084670BD78010024D41C0024BE
:10FE500070B5C068C46854B104F118000646FFF7D5
:10FE60004BF9144D286B50B11348314615E0502022
:10FE700080F31188BFF34F8FBFF36F8FFEE7201D14
:10FE8000FFF73AF9E06A2969884200D9286100EB56
:10FE900080000A4901EB8000211DFFF77FF9E06A2D
:10FEA0002968C96A884203D90121E961084670BD01
:10FEB000002070BD780100245C210024D41C0024A3
:10FEC0002DE9F0472C4D286B0024274638B1FFF769
:10FED00071F9286B401E2863286B40B147E0502021
:10FEE00080F31188BFF34F8FBFF36F8FFEE7234E70
:10FEF0000120A968D9B3A6F5916980463068E0B1C0
:10FF0000F068C46804F11800FFF7F6F8201DFFF749
:10FF1000F3F8E06A2969884200D9286100EB800182
:10FF200009EB8100211DFFF739F9E06A2968C96AE8
:10FF30008842E3D3C5F81C80E0E70CB1FEF794FEDD
:10FF4000AC694CB14FEA0806FFF7E0FE00B1EE6184
:10FF5000641EF9D10020A861E86940B10849012771
:10FF60004FF080500860BFF34F8FBFF36F8FFFF7E4
:10FF700041F93846BDE8F087780100245C2100246F
:10FF800004ED00E010B586B0FEF7EEFB114C2068E2
:10FF9000B8B10020039005AA049004A903A8FFF7B4
:10FFA000CBF8DDE90321022000238DE807000C488F
:10FFB00009A1059AFFF763FE606010B106B0012049
:10FFC00010BD502080F31188BFF34F8FBFF36F8FA8
:10FFD000FEE70000B4010024546D722053766300E4
:10FFE00045ED00082DE9FF411E46134602004FF083
:10FFF00000000A9D16D0144C2768002F0FD0062948
:020000040801F1
:100000000292CDE9001317DAFFF764FE02284FF0E1
:1000100000030FD0002220686946FFF719FC04B0E6
:10002000BDE8F081502080F31188BFF34F8FBFF3FC
:100030006F8FFEE72A46EEE70023324669463846D0
:10004000FFF7B6FCEBE70000B401002410B500296F
:100050000AD00878002807D005487844F0F72AFC31
:10006000002801D0002010BD0248784410BD0000D7
:100070004A0600004206000010B500290AD00878A0
:10008000002807D005487844F0F714FC002801D078
:10009000002010BD0248784410BD00003A06000060
:1000A000320600004FF07E5209E011F0004204D504
:1000B0004042C1F1000138BF491E42F07E520B00A0
:1000C00002F1706212BF20235FEA00017047B1FAAB
:1000D00081FCA3EB0C0301FA0CF120FA03FC02EB08
:1000E000C352C3F1200341EA0C0110FA03FC5CEA9D
:1000F000416C42EB112018BF5FF0806C28BF20F0EC
:10010000010070474FF04070E1EE100A7047F1F7C0
:100110005CB8F1F791B9A55A0100A55A0101000098
:10012000D0050108F8050108D4050108FC050108FF
:10013000200601083006010800060108E80501084C
:1001400010060108D805010860060108000000003B
:10015000000000000000000000000000000400009B
:100160001800000000000000000000005406010814
:10017000000000000000000000000000000000007F
:100180000010000028000000000000000000000037
:100190004C06010800000000000000000000000004
:1001A0000000000000080000200000000000000027
:1001B00000000000780601080000000000000000B8
:1001C000000000000000000000080000180000000F
:1001D00000000000000000006C06010800000000A4
:1001E00000000000000000000000000000100000FF
:1001F0001800000000000000000000004006010898
:1002000000000000000000000000000000000000EE
:1002100000080000100000000000000000000000C6
:10022000000000000000005F00000007000700144D
:100230007F147F14242A7F2A12231308646236490C
:100240005620500008070300001C224100004122F4
:100250001C002A1C7F1C2A08083E080800807030F9
:100260000008080808080000606000201008040268
:100270003E5149453E00427F40007249494946216E
:1002800041494D331814127F1027454545393C4AE2
:1002900049493141211109073649494936464949F9
:1002A000291E000014000000403400000008142241
:1002B00041141414141400412214080201590906AF
:1002C0003E415D594E7C1211127C7F494949363EB0
:1002D000414141227F4141413E7F494949417F0996
:1002E0000909013E414151737F0808087F00417FA1
:1002F00041002040413F017F081422417F4040409F
:10030000407F021C027F7F0408107F3E4141413E36
:100310007F090909063E4151215E7F0919294626B8
:100320004949493203017F01033F4040403F1F20BC
:1003300040201F3F4038403F631408146303047893
:1003400004036159494D43007F41414102040810B3
:1003500020004141417F04020102044040404040EE
:10036000000307080020545478407F28444438385C
:1003700044444428384444287F38545454180008CE
:100380007E090218A4A49C787F0804047800447DA8
:1003900040002040403D007F1028440000417F4045
:1003A000007C047804787C08040478384444443899
:1003B000FC1824241818242418FC7C080404084879
:1003C0005454542404043F44243C4040207C1C20CA
:1003D00040201C3C4030403C44281028444C909025
:1003E000907C4464544C440008364100000077007F
:1003F0000000413608000201020402AED580A83F89
:10040000D300408D142002A1C8DA1281CFD9F1DBCC
:1004100040A4A6AF0001020304050607080C10144F
:100420001820304000000000000000000000000024
:1004300000000000000000000100000002000000B9
:1004400003000000040000000000000005000000A0
:100450000000000000000000000000000600000096
:100460000000000000000000000000000700000085
:100470000006101600061016010002000400060017
:1004800008000A000C00100020004000800000015D
:100490000101010307010000080402040801010131
:1004A000000000000102030401020304060708091A
:1004B00000000000000000003031323334353637A0
:1004C0003839414243444546403058003031323398
:1004D0003435363738396162636465664030780098
:1004E00004000008000000000000000200010000FD
:1004F00010000000000000006E83F9A22915444E90
:10050000D15727FCC0DD34F5999562DB4190433C1F
:10051000AB6351FE303132333435363738396162AE
:10052000636465667870003031323334353637387D
:100530003941424344454658500000000240000003
:10054000000000A00000000005400000000000C8FE
:10055000000000000C4000000000409C0000000073
:10056000194000000020BCBE000000003440000024
:10057000BFC91B8E00000004B5400000504BCFD017
:100580006607E2CF010000006C4100003E8251AAE4
:10059000DFEEA73401000000D9420000DCB5A0E284
:1005A0003A301F97FFFFFFFFB4450000FD25A0C8AC
:1005B000E9A3C14FFFFFFFFFFF3F000000000080E5
:1005C00000000000FF3F000000000080000000006D
:1005D00031310000333100003639333832333737A8
:1005E0003030323631000000363934343036303471
:1005F000303732393100000031330000333300002E
:100600003639313133343533323138363300000046
:10061000363930363834313132313031370000003C
:100620003639343635323234363334383700000018
:100630003639323133363132353532383800000010
:100640006F6C65645461736B0000000061726D54DF
:1006500061736B00636861737369735461736B00DA
:1006600064656661756C745461736B004F505355CB
:100670006172745461736B0063616E486F7374547C
:1006800061736B00D807010800000024F801000026
:10069000D4020008F0070108F8010024D04F01003F
:1006A000300300081C00000043000000F8FFFFFFBB
:1006B0000C0000000E0000000F0000002E000000E3
:1006C0001001000043000000F8FFFFFF0040404021
:1006D0004040404040404141414141404040404015
:1006E00040404040404040404040404040050202C1
:1006F0000202020202020202020202020220202080
:1007000020202020202020020202020202029090DB
:1007100090909090101010101010101010101010D9
:10072000101010101010101002020202020288882D
:100730008888888808080808080808080808080839
:100740000808080808080808020202024000000021
:100750000000000000000000000000000000000099
:100760000000000000000000000000000000000089
:100770000000000000000000000000000000000079
:100780000000000000000000000000000000000069
:100790000000000000000000000000000000000059
:1007A0000000000000000000000000000000000049
:1007B0000000000000000000000000000000000039
:1007C0000000000000000000000000000000000029
:1007D000F9C4FFFF41C5FFFF01FF015D1A01024996
:1007E000082182103C90D0030401771AAA0141002D
:040000050800029954
:00000001FF
